tc_id,source_file,original_entry_detail,extracted_token,disposition,proposed_normalized_step,proposed_keycode,confidence,rationale,required_decision,device_pilot_eligible,executable
ALTBASIC_BSC_014,doc/[THOR 2] ALT Basic Test Case_FULL.xlsx,press_key:1. Recent App 버튼 누른다,Recent App 버튼 누른다,NOW_RESOLVABLE,press_key:KEYCODE_APP_SWITCH,187,high,single explicit key -> keycode 187,,True,True
ALTBASIC_BSC_015,doc/[THOR 2] ALT Basic Test Case_FULL.xlsx,press_key:1. Home 버튼 누른다,Home 버튼 누른다,NOW_RESOLVABLE,press_key:KEYCODE_HOME,3,high,single explicit key -> keycode 3,,True,True
ALTBASIC_BSC_017,doc/[THOR 2] ALT Basic Test Case_FULL.xlsx,press_key:1. Contact 버튼 누른다,Contact 버튼 누른다,NOW_RESOLVABLE,press_key:KEYCODE_CONTACTS,207,high,single explicit key -> keycode 207,,True,True
ALTBASIC_BSC_018,doc/[THOR 2] ALT Basic Test Case_FULL.xlsx,press_key:1. Message 버튼 누른다,Message 버튼 누른다,FREE_TEXT_DISCOVERY,press_key:<Message 버튼>,,low,"named hardware key, no standard keycode",device_keycode_discovery,False,True
ALTBASIC_BSC_019,doc/[THOR 2] ALT Basic Test Case_FULL.xlsx,press_key:1. Camera 버튼 누른다,Camera 버튼 누른다,NOW_RESOLVABLE,press_key:KEYCODE_CAMERA,27,high,single explicit key -> keycode 27,,True,True
ALTBASIC_BSC_025,doc/[THOR 2] ALT Basic Test Case_FULL.xlsx,press_key:1. 종료 버튼 길게 누른다,종료 버튼 길게 누른다,FREE_TEXT_DISCOVERY,press_key:<종료 버튼 길게>(long-press),,low,"long-press modifier — keycode insufficient, device pilot needed",device_keycode_discovery,False,True
ALTBASIC_BSC_031,doc/[THOR 2] ALT Basic Test Case_FULL.xlsx,press_key:1. 숫자버튼 길게 입력한다,숫자버튼 길게 입력한다,FREE_TEXT_DISCOVERY,press_key:<숫자버튼 길게>(long-press),,low,"long-press modifier — keycode insufficient, device pilot needed",device_keycode_discovery,False,True
ALTBASIC_BSC_071,doc/[THOR 2] ALT Basic Test Case_FULL.xlsx,press_key:1. 홈화면에서 Navi Up/Down/Left/Right/OK 키 입력한다,홈화면에서 Navi Up/Down/Left/Right/OK 키 입력한다,AMBIGUOUS_NOGUESS,press_key:?,,low,any/multi-key enumeration — test intent,spec_clarification,False,True
ALTBASIC_BSC_072,doc/[THOR 2] ALT Basic Test Case_FULL.xlsx,press_key:1. 홈화면에서 Navi Up/Down/Left/Right/OK 키 입력한다 > press_key:2. 포커스 활성화된 상태에서 Navi Up키 입력한다,홈화면에서 Navi Up/Down/Left/Right/OK 키 입력한다,AMBIGUOUS_NOGUESS,press_key:?,,low,any/multi-key enumeration — test intent,spec_clarification,False,True
ALTBASIC_BSC_072,doc/[THOR 2] ALT Basic Test Case_FULL.xlsx,press_key:1. 홈화면에서 Navi Up/Down/Left/Right/OK 키 입력한다 > press_key:2. 포커스 활성화된 상태에서 Navi Up키 입력한다,포커스 활성화된 상태에서 Navi Up키 입력한다,ADJUDICATE,press_key:KEYCODE_DPAD_UP?,19,medium,disjunction/qualified key — intent choice,intent_choice,False,True
ALTBASIC_BSC_073,doc/[THOR 2] ALT Basic Test Case_FULL.xlsx,press_key:1. 홈화면에서 Navi Up/Down/Left/Right/OK 키 입력한다 > press_key:2. 포커스 활성화된 상태에서 Navi Down키 입력한다,홈화면에서 Navi Up/Down/Left/Right/OK 키 입력한다,AMBIGUOUS_NOGUESS,press_key:?,,low,any/multi-key enumeration — test intent,spec_clarification,False,True
ALTBASIC_BSC_073,doc/[THOR 2] ALT Basic Test Case_FULL.xlsx,press_key:1. 홈화면에서 Navi Up/Down/Left/Right/OK 키 입력한다 > press_key:2. 포커스 활성화된 상태에서 Navi Down키 입력한다,포커스 활성화된 상태에서 Navi Down키 입력한다,ADJUDICATE,press_key:KEYCODE_DPAD_DOWN?,20,medium,disjunction/qualified key — intent choice,intent_choice,False,True
ALTBASIC_BSC_120,doc/[THOR 2] ALT Basic Test Case_FULL.xlsx,tap:1. 더보기 Tap > press_key:하드키 돌아가기 버튼 누른다,더보기 Tap,FREE_TEXT_DISCOVERY,tap:<더보기>,,low,tap target needs a selector,device_selector_discovery,False,True
ALTBASIC_BSC_120,doc/[THOR 2] ALT Basic Test Case_FULL.xlsx,tap:1. 더보기 Tap > press_key:하드키 돌아가기 버튼 누른다,하드키 돌아가기 버튼 누른다,NOW_RESOLVABLE,press_key:KEYCODE_BACK,4,high,single explicit key -> keycode 4,,False,True
ALTBASIC_BSC_121,doc/[THOR 2] ALT Basic Test Case_FULL.xlsx,tap:1. 더보기 Tap > press_key:하드키 지우기/취소 버튼 누른다,더보기 Tap,FREE_TEXT_DISCOVERY,tap:<더보기>,,low,tap target needs a selector,device_selector_discovery,False,True
ALTBASIC_BSC_121,doc/[THOR 2] ALT Basic Test Case_FULL.xlsx,tap:1. 더보기 Tap > press_key:하드키 지우기/취소 버튼 누른다,하드키 지우기/취소 버튼 누른다,FREE_TEXT_DISCOVERY,press_key:<하드키 지우기/취소 버튼>,,low,"named hardware key, no standard keycode",device_keycode_discovery,False,True
ALTBASIC_BSC_124,doc/[THOR 2] ALT Basic Test Case_FULL.xlsx,press_key:Select box Dropdown list 활성화 > 돌아가기 버튼 하드키 입력,Select box Dropdown list 활성화,FREE_TEXT_DISCOVERY,press_key:<Select box Dropdown list 활성화>,,low,unresolved free-text body,manifest_rewrite,False,True
ALTBASIC_BSC_124,doc/[THOR 2] ALT Basic Test Case_FULL.xlsx,press_key:Select box Dropdown list 활성화 > 돌아가기 버튼 하드키 입력,돌아가기 버튼 하드키 입력,FREE_TEXT_DISCOVERY,press_key:<돌아가기 버튼 하드키>,,low,"named hardware key, no standard keycode",device_keycode_discovery,False,True
ALTBASIC_HDK_016,doc/[THOR 2] ALT Basic Test Case_FULL.xlsx,press_key:최근 앱 버튼을 누른다.,최근 앱 버튼을 누른다.,FREE_TEXT_DISCOVERY,press_key:<최근 앱 버튼>,,low,"named hardware key, no standard keycode",device_keycode_discovery,False,True
ALTBASIC_HDK_019,doc/[THOR 2] ALT Basic Test Case_FULL.xlsx,press_key:홈 버튼을 길게 누른다.,홈 버튼을 길게 누른다.,FREE_TEXT_DISCOVERY,press_key:<홈 버튼을 길게>(long-press),,low,"long-press modifier — keycode insufficient, device pilot needed",device_keycode_discovery,False,True
ALTBASIC_HDK_021,doc/[THOR 2] ALT Basic Test Case_FULL.xlsx,press_key:연락처 버튼을 누른다.,연락처 버튼을 누른다.,FREE_TEXT_DISCOVERY,press_key:<연락처 버튼>,,low,"named hardware key, no standard keycode",device_keycode_discovery,False,True
ALTBASIC_HDK_022,doc/[THOR 2] ALT Basic Test Case_FULL.xlsx,press_key:카메라 버튼을 누른다.,카메라 버튼을 누른다.,FREE_TEXT_DISCOVERY,press_key:<카메라 버튼>,,low,"named hardware key, no standard keycode",device_keycode_discovery,False,True
ALTBASIC_HDK_023,doc/[THOR 2] ALT Basic Test Case_FULL.xlsx,press_key:메세지 버튼을 누른다.,메세지 버튼을 누른다.,FREE_TEXT_DISCOVERY,press_key:<메세지 버튼>,,low,"named hardware key, no standard keycode",device_keycode_discovery,False,True
ALTBASIC_HDK_035,doc/[THOR 2] ALT Basic Test Case_FULL.xlsx,press_key:해당 버튼을 짧게 누른다. > press_key:해당 버튼을 길게 누른다,해당 버튼을 짧게 누른다.,NOT_A_KEY,(reclassify) 해당 버튼을 짧게,,low,bare noun mis-tagged as key (no key signal),reclassify_verifier_or_navigate,False,True
ALTBASIC_HDK_035,doc/[THOR 2] ALT Basic Test Case_FULL.xlsx,press_key:해당 버튼을 짧게 누른다. > press_key:해당 버튼을 길게 누른다,해당 버튼을 길게 누른다,FREE_TEXT_DISCOVERY,press_key:<해당 버튼을 길게>(long-press),,low,"long-press modifier — keycode insufficient, device pilot needed",device_keycode_discovery,False,True
ALTBASIC_HDK_036,doc/[THOR 2] ALT Basic Test Case_FULL.xlsx,press_key:해당 버튼을 짧게 누른다. > press_key:해당 버튼을 길게 누른다,해당 버튼을 짧게 누른다.,NOT_A_KEY,(reclassify) 해당 버튼을 짧게,,low,bare noun mis-tagged as key (no key signal),reclassify_verifier_or_navigate,False,True
ALTBASIC_HDK_036,doc/[THOR 2] ALT Basic Test Case_FULL.xlsx,press_key:해당 버튼을 짧게 누른다. > press_key:해당 버튼을 길게 누른다,해당 버튼을 길게 누른다,FREE_TEXT_DISCOVERY,press_key:<해당 버튼을 길게>(long-press),,low,"long-press modifier — keycode insufficient, device pilot needed",device_keycode_discovery,False,True
ALTBASIC_HDK_037,doc/[THOR 2] ALT Basic Test Case_FULL.xlsx,press_key:해당 버튼을 짧게 누른다. > press_key:해당 버튼을 길게 누른다,해당 버튼을 짧게 누른다.,NOT_A_KEY,(reclassify) 해당 버튼을 짧게,,low,bare noun mis-tagged as key (no key signal),reclassify_verifier_or_navigate,False,True
ALTBASIC_HDK_037,doc/[THOR 2] ALT Basic Test Case_FULL.xlsx,press_key:해당 버튼을 짧게 누른다. > press_key:해당 버튼을 길게 누른다,해당 버튼을 길게 누른다,FREE_TEXT_DISCOVERY,press_key:<해당 버튼을 길게>(long-press),,low,"long-press modifier — keycode insufficient, device pilot needed",device_keycode_discovery,False,True
ALTBASIC_HDK_038,doc/[THOR 2] ALT Basic Test Case_FULL.xlsx,press_key:해당 버튼을 짧게 누른다. > press_key:해당 버튼을 길게 누른다,해당 버튼을 짧게 누른다.,NOT_A_KEY,(reclassify) 해당 버튼을 짧게,,low,bare noun mis-tagged as key (no key signal),reclassify_verifier_or_navigate,False,True
ALTBASIC_HDK_038,doc/[THOR 2] ALT Basic Test Case_FULL.xlsx,press_key:해당 버튼을 짧게 누른다. > press_key:해당 버튼을 길게 누른다,해당 버튼을 길게 누른다,FREE_TEXT_DISCOVERY,press_key:<해당 버튼을 길게>(long-press),,low,"long-press modifier — keycode insufficient, device pilot needed",device_keycode_discovery,False,True
ALTBASIC_HDK_041,doc/[THOR 2] ALT Basic Test Case_FULL.xlsx,press_key:Navi 키(모든) 버튼을 누른다. > press_key:Navi 키( ↓) 버튼을 누른다.,Navi 키(모든) 버튼을 누른다.,ADJUDICATE,press_key:?,,medium,disjunction/qualified key — intent choice,intent_choice,False,True
ALTBASIC_HDK_041,doc/[THOR 2] ALT Basic Test Case_FULL.xlsx,press_key:Navi 키(모든) 버튼을 누른다. > press_key:Navi 키( ↓) 버튼을 누른다.,Navi 키( ↓) 버튼을 누른다.,ADJUDICATE,press_key:?,,medium,disjunction/qualified key — intent choice,intent_choice,False,True
ALTBASIC_HDK_042,doc/[THOR 2] ALT Basic Test Case_FULL.xlsx,press_key:Navi 키(모든) 버튼을 누른다. > press_key:Navi 키( ↑) 버튼을 계속 누른다. > press_key:Navi 키( ↑) 버튼을 누른다.,Navi 키(모든) 버튼을 누른다.,ADJUDICATE,press_key:?,,medium,disjunction/qualified key — intent choice,intent_choice,False,True
ALTBASIC_HDK_042,doc/[THOR 2] ALT Basic Test Case_FULL.xlsx,press_key:Navi 키(모든) 버튼을 누른다. > press_key:Navi 키( ↑) 버튼을 계속 누른다. > press_key:Navi 키( ↑) 버튼을 누른다.,Navi 키( ↑) 버튼을 계속 누른다.,ADJUDICATE,press_key:?,,medium,disjunction/qualified key — intent choice,intent_choice,False,True
ALTBASIC_HDK_042,doc/[THOR 2] ALT Basic Test Case_FULL.xlsx,press_key:Navi 키(모든) 버튼을 누른다. > press_key:Navi 키( ↑) 버튼을 계속 누른다. > press_key:Navi 키( ↑) 버튼을 누른다.,Navi 키( ↑) 버튼을 누른다.,ADJUDICATE,press_key:?,,medium,disjunction/qualified key — intent choice,intent_choice,False,True
ALTBASIC_HDK_046,doc/[THOR 2] ALT Basic Test Case_FULL.xlsx,press_key:Navi 키( ↓) 버튼을 꾹 누른다.,Navi 키( ↓) 버튼을 꾹 누른다.,ADJUDICATE,press_key:?,,medium,disjunction/qualified key — intent choice,intent_choice,False,True
ALTBASIC_HDK_050,doc/[THOR 2] ALT Basic Test Case_FULL.xlsx,press_key:뒤로가기 / 지움| 취소 버튼을 누른다.,뒤로가기 / 지움| 취소 버튼을 누른다.,FREE_TEXT_DISCOVERY,press_key:<뒤로가기 / 지움| 취소 버튼>,,low,"named hardware key, no standard keycode",device_keycode_discovery,False,True
ALTBASIC_HDK_052,doc/[THOR 2] ALT Basic Test Case_FULL.xlsx,wait:기기 종료 팝업창이 노출된다. > press_key:Navi 키( → ) 버튼을 반복하여 누른다.,기기 종료 팝업창이 노출된다.,FREE_TEXT_DISCOVERY,wait:<기기 종료 팝업창이 노출된다>,,low,unresolved free-text body,manifest_rewrite,False,True
ALTBASIC_HDK_052,doc/[THOR 2] ALT Basic Test Case_FULL.xlsx,wait:기기 종료 팝업창이 노출된다. > press_key:Navi 키( → ) 버튼을 반복하여 누른다.,Navi 키( → ) 버튼을 반복하여 누른다.,ADJUDICATE,press_key:?,,medium,disjunction/qualified key — intent choice,intent_choice,False,True
ALTBASIC_HDK_053,doc/[THOR 2] ALT Basic Test Case_FULL.xlsx,wait:기기 종료 팝업창이 노출된다. > press_key:Navi 키( ←) 버튼을 누른다.,기기 종료 팝업창이 노출된다.,FREE_TEXT_DISCOVERY,wait:<기기 종료 팝업창이 노출된다>,,low,unresolved free-text body,manifest_rewrite,False,True
ALTBASIC_HDK_053,doc/[THOR 2] ALT Basic Test Case_FULL.xlsx,wait:기기 종료 팝업창이 노출된다. > press_key:Navi 키( ←) 버튼을 누른다.,Navi 키( ←) 버튼을 누른다.,ADJUDICATE,press_key:?,,medium,disjunction/qualified key — intent choice,intent_choice,False,True
ALTBASIC_HDK_054,doc/[THOR 2] ALT Basic Test Case_FULL.xlsx,wait:기기 종료 팝업창이 노출된다. > press_key:Navi 키( ↓) 버튼을 누른다. > press_key:Navi 키( ↑) 버튼을 누른다.,기기 종료 팝업창이 노출된다.,FREE_TEXT_DISCOVERY,wait:<기기 종료 팝업창이 노출된다>,,low,unresolved free-text body,manifest_rewrite,False,True
ALTBASIC_HDK_054,doc/[THOR 2] ALT Basic Test Case_FULL.xlsx,wait:기기 종료 팝업창이 노출된다. > press_key:Navi 키( ↓) 버튼을 누른다. > press_key:Navi 키( ↑) 버튼을 누른다.,Navi 키( ↓) 버튼을 누른다.,ADJUDICATE,press_key:?,,medium,disjunction/qualified key — intent choice,intent_choice,False,True
ALTBASIC_HDK_054,doc/[THOR 2] ALT Basic Test Case_FULL.xlsx,wait:기기 종료 팝업창이 노출된다. > press_key:Navi 키( ↓) 버튼을 누른다. > press_key:Navi 키( ↑) 버튼을 누른다.,Navi 키( ↑) 버튼을 누른다.,ADJUDICATE,press_key:?,,medium,disjunction/qualified key — intent choice,intent_choice,False,True
ALTBASIC_HDK_055,doc/[THOR 2] ALT Basic Test Case_FULL.xlsx,press_key:Navi 키(전체) 버튼을 누른다. > press_key:Navi 키( ↑) 버튼을 누른다. > press_key:Navi 키( → ) 버튼을 누른다. > press_key:Navi 키( ↓ ) 버튼을 누른다.,Navi 키(전체) 버튼을 누른다.,ADJUDICATE,press_key:?,,medium,disjunction/qualified key — intent choice,intent_choice,False,True
ALTBASIC_HDK_055,doc/[THOR 2] ALT Basic Test Case_FULL.xlsx,press_key:Navi 키(전체) 버튼을 누른다. > press_key:Navi 키( ↑) 버튼을 누른다. > press_key:Navi 키( → ) 버튼을 누른다. > press_key:Navi 키( ↓ ) 버튼을 누른다.,Navi 키( ↑) 버튼을 누른다.,ADJUDICATE,press_key:?,,medium,disjunction/qualified key — intent choice,intent_choice,False,True
ALTBASIC_HDK_055,doc/[THOR 2] ALT Basic Test Case_FULL.xlsx,press_key:Navi 키(전체) 버튼을 누른다. > press_key:Navi 키( ↑) 버튼을 누른다. > press_key:Navi 키( → ) 버튼을 누른다. > press_key:Navi 키( ↓ ) 버튼을 누른다.,Navi 키( → ) 버튼을 누른다.,ADJUDICATE,press_key:?,,medium,disjunction/qualified key — intent choice,intent_choice,False,True
ALTBASIC_HDK_055,doc/[THOR 2] ALT Basic Test Case_FULL.xlsx,press_key:Navi 키(전체) 버튼을 누른다. > press_key:Navi 키( ↑) 버튼을 누른다. > press_key:Navi 키( → ) 버튼을 누른다. > press_key:Navi 키( ↓ ) 버튼을 누른다.,Navi 키( ↓ ) 버튼을 누른다.,ADJUDICATE,press_key:?,,medium,disjunction/qualified key — intent choice,intent_choice,False,True
ALTBASIC_HDK_056,doc/[THOR 2] ALT Basic Test Case_FULL.xlsx,press_key:Navi 키( → ) 버튼을 누른다.,Navi 키( → ) 버튼을 누른다.,ADJUDICATE,press_key:?,,medium,disjunction/qualified key — intent choice,intent_choice,False,True
ALTBASIC_HDK_062,doc/[THOR 2] ALT Basic Test Case_FULL.xlsx,press_key:Navi 키( ←) 버튼을 반복하여 누른다.,Navi 키( ←) 버튼을 반복하여 누른다.,ADJUDICATE,press_key:?,,medium,disjunction/qualified key — intent choice,intent_choice,False,True
ALTBASIC_HDK_064,doc/[THOR 2] ALT Basic Test Case_FULL.xlsx,press_key:Navi 키(전체) 버튼을 누른다.,Navi 키(전체) 버튼을 누른다.,ADJUDICATE,press_key:?,,medium,disjunction/qualified key — intent choice,intent_choice,False,True
ALTBASIC_HDK_070,doc/[THOR 2] ALT Basic Test Case_FULL.xlsx,press_key:Navi 키(OK) 버튼을 누른다. > press_key:뒤로가기 / 지움|취소 버튼을 누른다.,Navi 키(OK) 버튼을 누른다.,ADJUDICATE,press_key:KEYCODE_DPAD_CENTER?,23,medium,disjunction/qualified key — intent choice,intent_choice,False,True
ALTBASIC_HDK_070,doc/[THOR 2] ALT Basic Test Case_FULL.xlsx,press_key:Navi 키(OK) 버튼을 누른다. > press_key:뒤로가기 / 지움|취소 버튼을 누른다.,뒤로가기 / 지움|취소 버튼을 누른다.,FREE_TEXT_DISCOVERY,press_key:<뒤로가기 / 지움|취소 버튼>,,low,"named hardware key, no standard keycode",device_keycode_discovery,False,True
ALTBASIC_HDK_094,doc/[THOR 2] ALT Basic Test Case_FULL.xlsx,press_key:Navi 키(OK) 버튼을 누른다.,Navi 키(OK) 버튼을 누른다.,ADJUDICATE,press_key:KEYCODE_DPAD_CENTER?,23,medium,disjunction/qualified key — intent choice,intent_choice,False,True
ALTBASIC_HDK_096,doc/[THOR 2] ALT Basic Test Case_FULL.xlsx,press_key:Navi 키( ↓ ) 버튼을 누른다.,Navi 키( ↓ ) 버튼을 누른다.,ADJUDICATE,press_key:?,,medium,disjunction/qualified key — intent choice,intent_choice,False,True
ALTBASIC_HDK_097,doc/[THOR 2] ALT Basic Test Case_FULL.xlsx,press_key:Navi 키(OK) 버튼을 누른다.,Navi 키(OK) 버튼을 누른다.,ADJUDICATE,press_key:KEYCODE_DPAD_CENTER?,23,medium,disjunction/qualified key — intent choice,intent_choice,False,True
ALTBASIC_HDK_098,doc/[THOR 2] ALT Basic Test Case_FULL.xlsx,press_key:Navi 키(OK) 버튼을 누른다.,Navi 키(OK) 버튼을 누른다.,ADJUDICATE,press_key:KEYCODE_DPAD_CENTER?,23,medium,disjunction/qualified key — intent choice,intent_choice,False,True
ALTBASIC_HDK_099,doc/[THOR 2] ALT Basic Test Case_FULL.xlsx,press_key:Navi 키(OK) 버튼을 누른다.,Navi 키(OK) 버튼을 누른다.,ADJUDICATE,press_key:KEYCODE_DPAD_CENTER?,23,medium,disjunction/qualified key — intent choice,intent_choice,False,True
ALTBASIC_HDK_100,doc/[THOR 2] ALT Basic Test Case_FULL.xlsx,press_key:1. Navi 키(OK) 버튼을 누른다.,Navi 키(OK) 버튼을 누른다.,ADJUDICATE,press_key:KEYCODE_DPAD_CENTER?,23,medium,disjunction/qualified key — intent choice,intent_choice,False,True
ALTBASIC_HDK_101,doc/[THOR 2] ALT Basic Test Case_FULL.xlsx,press_key:1. Navi 키(OK) 버튼을 누른다.,Navi 키(OK) 버튼을 누른다.,ADJUDICATE,press_key:KEYCODE_DPAD_CENTER?,23,medium,disjunction/qualified key — intent choice,intent_choice,False,True
ALTBASIC_HDK_102,doc/[THOR 2] ALT Basic Test Case_FULL.xlsx,press_key:1. Navi 키(OK) 버튼을 누른다.,Navi 키(OK) 버튼을 누른다.,ADJUDICATE,press_key:KEYCODE_DPAD_CENTER?,23,medium,disjunction/qualified key — intent choice,intent_choice,False,True
ALTBASIC_QPN_001,doc/[THOR 2] ALT Basic Test Case_FULL.xlsx,navigate:홈 스크린에서 퀵 패널 활성화 한다 > navigate:기본 퀵 패널 항목 확인한다,홈 스크린에서 퀵 패널 활성화 한다,FREE_TEXT_DISCOVERY,navigate:<홈 스크린에서 퀵 패널 활성화>,,low,navigate target needs a selector,device_selector_discovery,False,True
ALTBASIC_QPN_001,doc/[THOR 2] ALT Basic Test Case_FULL.xlsx,navigate:홈 스크린에서 퀵 패널 활성화 한다 > navigate:기본 퀵 패널 항목 확인한다,기본 퀵 패널 항목 확인한다,FREE_TEXT_DISCOVERY,navigate:<기본 퀵 패널 항목 확인>,,low,navigate target needs a selector,device_selector_discovery,False,True
ALTBASIC_QPN_002,doc/[THOR 2] ALT Basic Test Case_FULL.xlsx,navigate:홈 스크린에서 퀵 패널 활성화 한다 > tap:편집 버튼 Tap 한다,홈 스크린에서 퀵 패널 활성화 한다,FREE_TEXT_DISCOVERY,navigate:<홈 스크린에서 퀵 패널 활성화>,,low,navigate target needs a selector,device_selector_discovery,False,True
ALTBASIC_QPN_002,doc/[THOR 2] ALT Basic Test Case_FULL.xlsx,navigate:홈 스크린에서 퀵 패널 활성화 한다 > tap:편집 버튼 Tap 한다,편집 버튼 Tap 한다,FREE_TEXT_DISCOVERY,tap:<편집 버튼>,,low,tap target needs a selector,device_selector_discovery,False,True
ALTBASIC_QPN_004,doc/[THOR 2] ALT Basic Test Case_FULL.xlsx,navigate:화면 상단부에서 아래로 스와이프하여 퀵패널 진입 > 펼치기 Tap,화면 상단부에서 아래로 스와이프하여 퀵패널 진입,FREE_TEXT_DISCOVERY,navigate:<화면 상단부에서 아래로 스와이프하여 퀵패널 진입>,,low,navigate target needs a selector,device_selector_discovery,False,True
ALTBASIC_QPN_004,doc/[THOR 2] ALT Basic Test Case_FULL.xlsx,navigate:화면 상단부에서 아래로 스와이프하여 퀵패널 진입 > 펼치기 Tap,펼치기 Tap,NOT_A_KEY,(reclassify) 펼치기,,low,bare noun mis-tagged as key (no key signal),reclassify_verifier_or_navigate,False,True
ALTBASIC_QPN_008,doc/[THOR 2] ALT Basic Test Case_FULL.xlsx,navigate:홈 스크린에서 퀵 패널 활성화 한다 > tap:편집 버튼 Tap 한다 > press_key:뒤로가기,홈 스크린에서 퀵 패널 활성화 한다,FREE_TEXT_DISCOVERY,navigate:<홈 스크린에서 퀵 패널 활성화>,,low,navigate target needs a selector,device_selector_discovery,False,True
ALTBASIC_QPN_008,doc/[THOR 2] ALT Basic Test Case_FULL.xlsx,navigate:홈 스크린에서 퀵 패널 활성화 한다 > tap:편집 버튼 Tap 한다 > press_key:뒤로가기,편집 버튼 Tap 한다,FREE_TEXT_DISCOVERY,tap:<편집 버튼>,,low,tap target needs a selector,device_selector_discovery,False,True
ALTBASIC_QPN_008,doc/[THOR 2] ALT Basic Test Case_FULL.xlsx,navigate:홈 스크린에서 퀵 패널 활성화 한다 > tap:편집 버튼 Tap 한다 > press_key:뒤로가기,뒤로가기,NOT_A_KEY,(reclassify) 뒤로가기,,low,bare noun mis-tagged as key (no key signal),reclassify_verifier_or_navigate,False,True
ALTBASIC_QPN_010,doc/[THOR 2] ALT Basic Test Case_FULL.xlsx,tap:퀵 패널 > 설정 버튼,퀵 패널,FREE_TEXT_DISCOVERY,tap:<퀵 패널>,,low,tap target needs a selector,device_selector_discovery,False,True
ALTBASIC_QPN_010,doc/[THOR 2] ALT Basic Test Case_FULL.xlsx,tap:퀵 패널 > 설정 버튼,설정 버튼,FREE_TEXT_DISCOVERY,press_key:<설정 버튼>,,low,"named hardware key, no standard keycode",device_keycode_discovery,False,True
ALTBASIC_QPN_011,doc/[THOR 2] ALT Basic Test Case_FULL.xlsx,tap:퀵 패널 > 전원 버튼,퀵 패널,FREE_TEXT_DISCOVERY,tap:<퀵 패널>,,low,tap target needs a selector,device_selector_discovery,False,True
ALTBASIC_QPN_011,doc/[THOR 2] ALT Basic Test Case_FULL.xlsx,tap:퀵 패널 > 전원 버튼,전원 버튼,FREE_TEXT_DISCOVERY,press_key:<전원 버튼>,,low,"named hardware key, no standard keycode",device_keycode_discovery,False,True
ALTBASIC_QPN_012,doc/[THOR 2] ALT Basic Test Case_FULL.xlsx,tap:퀵 패널 > 전원 버튼 > 긴급 전화,퀵 패널,FREE_TEXT_DISCOVERY,tap:<퀵 패널>,,low,tap target needs a selector,device_selector_discovery,False,True
ALTBASIC_QPN_012,doc/[THOR 2] ALT Basic Test Case_FULL.xlsx,tap:퀵 패널 > 전원 버튼 > 긴급 전화,전원 버튼,FREE_TEXT_DISCOVERY,press_key:<전원 버튼>,,low,"named hardware key, no standard keycode",device_keycode_discovery,False,True
ALTBASIC_QPN_012,doc/[THOR 2] ALT Basic Test Case_FULL.xlsx,tap:퀵 패널 > 전원 버튼 > 긴급 전화,긴급 전화,NOT_A_KEY,(reclassify) 긴급 전화,,low,bare noun mis-tagged as key (no key signal),reclassify_verifier_or_navigate,False,True
ALTBASIC_QPN_026,doc/[THOR 2] ALT Basic Test Case_FULL.xlsx,tap:퀵 패널 > 모바일 데이터 Long Tap,퀵 패널,FREE_TEXT_DISCOVERY,tap:<퀵 패널>,,low,tap target needs a selector,device_selector_discovery,False,True
ALTBASIC_QPN_026,doc/[THOR 2] ALT Basic Test Case_FULL.xlsx,tap:퀵 패널 > 모바일 데이터 Long Tap,모바일 데이터 Long Tap,FREE_TEXT_DISCOVERY,(bare):<모바일 데이터 Long>,,low,unresolved free-text body,manifest_rewrite,False,True
ALTBASIC_QPN_043,doc/[THOR 2] ALT Basic Test Case_FULL.xlsx,tap:퀵 패널 > 화면 터치 잠금 탭,퀵 패널,FREE_TEXT_DISCOVERY,tap:<퀵 패널>,,low,tap target needs a selector,device_selector_discovery,False,True
ALTBASIC_QPN_043,doc/[THOR 2] ALT Basic Test Case_FULL.xlsx,tap:퀵 패널 > 화면 터치 잠금 탭,화면 터치 잠금 탭,NOT_A_KEY,(reclassify) 화면 터치 잠금,,low,screen/focus/state ref mis-tagged as key,reclassify_verifier_or_navigate,False,True
ALTBASIC_QPN_044,doc/[THOR 2] ALT Basic Test Case_FULL.xlsx,tap:1. 퀵 패널 > 화면 터치 잠금 탭 > tap:2. 취소버튼 Tap,퀵 패널,FREE_TEXT_DISCOVERY,tap:<퀵 패널>,,low,tap target needs a selector,device_selector_discovery,False,True
ALTBASIC_QPN_044,doc/[THOR 2] ALT Basic Test Case_FULL.xlsx,tap:1. 퀵 패널 > 화면 터치 잠금 탭 > tap:2. 취소버튼 Tap,화면 터치 잠금 탭,NOT_A_KEY,(reclassify) 화면 터치 잠금,,low,screen/focus/state ref mis-tagged as key,reclassify_verifier_or_navigate,False,True
ALTBASIC_QPN_044,doc/[THOR 2] ALT Basic Test Case_FULL.xlsx,tap:1. 퀵 패널 > 화면 터치 잠금 탭 > tap:2. 취소버튼 Tap,취소버튼 Tap,FREE_TEXT_DISCOVERY,tap:<취소버튼>,,low,tap target needs a selector,device_selector_discovery,False,True
ALTBASIC_QPN_053,doc/[THOR 2] ALT Basic Test Case_FULL.xlsx,tap:퀵 패널 > 자동 회전 Long 탭,퀵 패널,FREE_TEXT_DISCOVERY,tap:<퀵 패널>,,low,tap target needs a selector,device_selector_discovery,False,True
ALTBASIC_QPN_053,doc/[THOR 2] ALT Basic Test Case_FULL.xlsx,tap:퀵 패널 > 자동 회전 Long 탭,자동 회전 Long 탭,FREE_TEXT_DISCOVERY,(bare):<자동 회전 Long>,,low,unresolved free-text body,manifest_rewrite,False,True
ALTBASIC_QPN_056,doc/[THOR 2] ALT Basic Test Case_FULL.xlsx,tap:퀵 패널 > 절전 모드 아이콘 Long 탭,퀵 패널,FREE_TEXT_DISCOVERY,tap:<퀵 패널>,,low,tap target needs a selector,device_selector_discovery,False,True
ALTBASIC_QPN_056,doc/[THOR 2] ALT Basic Test Case_FULL.xlsx,tap:퀵 패널 > 절전 모드 아이콘 Long 탭,절전 모드 아이콘 Long 탭,FREE_TEXT_DISCOVERY,(bare):<절전 모드 아이콘 Long>,,low,unresolved free-text body,manifest_rewrite,False,True
ALTBASIC_QPN_066,doc/[THOR 2] ALT Basic Test Case_FULL.xlsx,tap:퀵 패널 > 핫스팟 아이콘 Long 탭,퀵 패널,FREE_TEXT_DISCOVERY,tap:<퀵 패널>,,low,tap target needs a selector,device_selector_discovery,False,True
ALTBASIC_QPN_066,doc/[THOR 2] ALT Basic Test Case_FULL.xlsx,tap:퀵 패널 > 핫스팟 아이콘 Long 탭,핫스팟 아이콘 Long 탭,FREE_TEXT_DISCOVERY,(bare):<핫스팟 아이콘 Long>,,low,unresolved free-text body,manifest_rewrite,False,True
ALTBASIC_QPN_102,doc/[THOR 2] ALT Basic Test Case_FULL.xlsx,tap:퀵 패널 > 집중 모드 아이콘 Long 탭,퀵 패널,FREE_TEXT_DISCOVERY,tap:<퀵 패널>,,low,tap target needs a selector,device_selector_discovery,False,True
ALTBASIC_QPN_102,doc/[THOR 2] ALT Basic Test Case_FULL.xlsx,tap:퀵 패널 > 집중 모드 아이콘 Long 탭,집중 모드 아이콘 Long 탭,FREE_TEXT_DISCOVERY,(bare):<집중 모드 아이콘 Long>,,low,unresolved free-text body,manifest_rewrite,False,True
ALTBASIC_QPN_116,doc/[THOR 2] ALT Basic Test Case_FULL.xlsx,navigate:1. 퀵 패널 커튼 내림 > navigate:2. 알림창 확인,퀵 패널 커튼 내림,FREE_TEXT_DISCOVERY,navigate:<퀵 패널 커튼 내림>,,low,navigate target needs a selector,device_selector_discovery,False,True
ALTBASIC_QPN_116,doc/[THOR 2] ALT Basic Test Case_FULL.xlsx,navigate:1. 퀵 패널 커튼 내림 > navigate:2. 알림창 확인,알림창 확인,FREE_TEXT_DISCOVERY,navigate:<알림창 확인>,,low,navigate target needs a selector,device_selector_discovery,False,True
ALTBASIC_QPN_121,doc/[THOR 2] ALT Basic Test Case_FULL.xlsx,navigate:홈화면 > press_key:Press Any direction or OK,홈화면,FREE_TEXT_DISCOVERY,navigate:<홈화면>,,low,navigate target needs a selector,device_selector_discovery,False,True
ALTBASIC_QPN_121,doc/[THOR 2] ALT Basic Test Case_FULL.xlsx,navigate:홈화면 > press_key:Press Any direction or OK,Press Any direction or OK,AMBIGUOUS_NOGUESS,press_key:?,,low,any/multi-key enumeration — test intent,spec_clarification,False,True
ALTBASIC_QPN_122,doc/[THOR 2] ALT Basic Test Case_FULL.xlsx,navigate:홈화면 > press_key:하드키 홈버튼 Long press,홈화면,FREE_TEXT_DISCOVERY,navigate:<홈화면>,,low,navigate target needs a selector,device_selector_discovery,False,True
ALTBASIC_QPN_122,doc/[THOR 2] ALT Basic Test Case_FULL.xlsx,navigate:홈화면 > press_key:하드키 홈버튼 Long press,하드키 홈버튼 Long press,FREE_TEXT_DISCOVERY,press_key:<하드키 홈버튼 Long press>,,low,unresolved free-text body,manifest_rewrite,False,True
ALTBASIC_QPN_123,doc/[THOR 2] ALT Basic Test Case_FULL.xlsx,press_key:WI-FI focus > Press right > press_key:Wi-Fi focus > Press down,WI-FI focus,NOT_A_KEY,(reclassify) WI-FI focus,,low,screen/focus/state ref mis-tagged as key,reclassify_verifier_or_navigate,False,True
ALTBASIC_QPN_123,doc/[THOR 2] ALT Basic Test Case_FULL.xlsx,press_key:WI-FI focus > Press right > press_key:Wi-Fi focus > Press down,Press right,NOW_RESOLVABLE,press_key:KEYCODE_DPAD_RIGHT,22,high,single explicit key -> keycode 22,,False,True
ALTBASIC_QPN_123,doc/[THOR 2] ALT Basic Test Case_FULL.xlsx,press_key:WI-FI focus > Press right > press_key:Wi-Fi focus > Press down,Wi-Fi focus,NOT_A_KEY,(reclassify) Wi-Fi focus,,low,screen/focus/state ref mis-tagged as key,reclassify_verifier_or_navigate,False,True
ALTBASIC_QPN_123,doc/[THOR 2] ALT Basic Test Case_FULL.xlsx,press_key:WI-FI focus > Press right > press_key:Wi-Fi focus > Press down,Press down,NOW_RESOLVABLE,press_key:KEYCODE_DPAD_DOWN,20,high,single explicit key -> keycode 20,,False,True
ALTBASIC_QPN_124,doc/[THOR 2] ALT Basic Test Case_FULL.xlsx,press_key:블루투스 focus > Press down > press_key:모바일 데이터 focus > Press right,블루투스 focus,NOT_A_KEY,(reclassify) 블루투스 focus,,low,screen/focus/state ref mis-tagged as key,reclassify_verifier_or_navigate,False,True
ALTBASIC_QPN_124,doc/[THOR 2] ALT Basic Test Case_FULL.xlsx,press_key:블루투스 focus > Press down > press_key:모바일 데이터 focus > Press right,Press down,NOW_RESOLVABLE,press_key:KEYCODE_DPAD_DOWN,20,high,single explicit key -> keycode 20,,False,True
ALTBASIC_QPN_124,doc/[THOR 2] ALT Basic Test Case_FULL.xlsx,press_key:블루투스 focus > Press down > press_key:모바일 데이터 focus > Press right,모바일 데이터 focus,NOT_A_KEY,(reclassify) 모바일 데이터 focus,,low,screen/focus/state ref mis-tagged as key,reclassify_verifier_or_navigate,False,True
ALTBASIC_QPN_124,doc/[THOR 2] ALT Basic Test Case_FULL.xlsx,press_key:블루투스 focus > Press down > press_key:모바일 데이터 focus > Press right,Press right,NOW_RESOLVABLE,press_key:KEYCODE_DPAD_RIGHT,22,high,single explicit key -> keycode 22,,False,True
ALTBASIC_QPN_125,doc/[THOR 2] ALT Basic Test Case_FULL.xlsx,press_key:모바일 데이터 focus > press down > press_key:소리모드 focus > press down,모바일 데이터 focus,NOT_A_KEY,(reclassify) 모바일 데이터 focus,,low,screen/focus/state ref mis-tagged as key,reclassify_verifier_or_navigate,False,True
ALTBASIC_QPN_125,doc/[THOR 2] ALT Basic Test Case_FULL.xlsx,press_key:모바일 데이터 focus > press down > press_key:소리모드 focus > press down,press down,NOW_RESOLVABLE,press_key:KEYCODE_DPAD_DOWN,20,high,single explicit key -> keycode 20,,False,True
ALTBASIC_QPN_125,doc/[THOR 2] ALT Basic Test Case_FULL.xlsx,press_key:모바일 데이터 focus > press down > press_key:소리모드 focus > press down,소리모드 focus,NOT_A_KEY,(reclassify) 소리모드 focus,,low,screen/focus/state ref mis-tagged as key,reclassify_verifier_or_navigate,False,True
ALTBASIC_QPN_125,doc/[THOR 2] ALT Basic Test Case_FULL.xlsx,press_key:모바일 데이터 focus > press down > press_key:소리모드 focus > press down,press down,NOW_RESOLVABLE,press_key:KEYCODE_DPAD_DOWN,20,high,single explicit key -> keycode 20,,False,True
ALTBASIC_QPN_130,doc/[THOR 2] ALT Basic Test Case_FULL.xlsx,press_key:펼치기 focus > Press OK,펼치기 focus,NOT_A_KEY,(reclassify) 펼치기 focus,,low,screen/focus/state ref mis-tagged as key,reclassify_verifier_or_navigate,False,True
ALTBASIC_QPN_130,doc/[THOR 2] ALT Basic Test Case_FULL.xlsx,press_key:펼치기 focus > Press OK,Press OK,NOW_RESOLVABLE,press_key:KEYCODE_DPAD_CENTER,23,high,single explicit key -> keycode 23,,False,True
ALTBASIC_QPN_131,doc/[THOR 2] ALT Basic Test Case_FULL.xlsx,press_key:wifi focus > press up,wifi focus,NOT_A_KEY,(reclassify) wifi focus,,low,screen/focus/state ref mis-tagged as key,reclassify_verifier_or_navigate,False,True
ALTBASIC_QPN_131,doc/[THOR 2] ALT Basic Test Case_FULL.xlsx,press_key:wifi focus > press up,press up,NOW_RESOLVABLE,press_key:KEYCODE_DPAD_UP,19,high,single explicit key -> keycode 19,,False,True
ALTBASIC_QPN_133,doc/[THOR 2] ALT Basic Test Case_FULL.xlsx,press_key:wifi focus > Press OK 길게 입력,wifi focus,NOT_A_KEY,(reclassify) wifi focus,,low,screen/focus/state ref mis-tagged as key,reclassify_verifier_or_navigate,False,True
ALTBASIC_QPN_133,doc/[THOR 2] ALT Basic Test Case_FULL.xlsx,press_key:wifi focus > Press OK 길게 입력,Press OK 길게 입력,FREE_TEXT_DISCOVERY,press_key:<Press OK 길게>(long-press),,low,"long-press modifier — keycode insufficient, device pilot needed",device_keycode_discovery,False,True
ALTBASIC_QPN_134,doc/[THOR 2] ALT Basic Test Case_FULL.xlsx,press_key:wifi focus > Press right,wifi focus,NOT_A_KEY,(reclassify) wifi focus,,low,screen/focus/state ref mis-tagged as key,reclassify_verifier_or_navigate,False,True
ALTBASIC_QPN_134,doc/[THOR 2] ALT Basic Test Case_FULL.xlsx,press_key:wifi focus > Press right,Press right,NOW_RESOLVABLE,press_key:KEYCODE_DPAD_RIGHT,22,high,single explicit key -> keycode 22,,False,True
ALTBASIC_QPN_135,doc/[THOR 2] ALT Basic Test Case_FULL.xlsx,press_key:wifi focus > Press down,wifi focus,NOT_A_KEY,(reclassify) wifi focus,,low,screen/focus/state ref mis-tagged as key,reclassify_verifier_or_navigate,False,True
ALTBASIC_QPN_135,doc/[THOR 2] ALT Basic Test Case_FULL.xlsx,press_key:wifi focus > Press down,Press down,NOW_RESOLVABLE,press_key:KEYCODE_DPAD_DOWN,20,high,single explicit key -> keycode 20,,False,True
ALTBASIC_QPN_137,doc/[THOR 2] ALT Basic Test Case_FULL.xlsx,press_key:밝기 조절 바 아이콘에 focus > press down,밝기 조절 바 아이콘에 focus,NOT_A_KEY,(reclassify) 밝기 조절 바 아이콘에 focus,,low,screen/focus/state ref mis-tagged as key,reclassify_verifier_or_navigate,False,True
ALTBASIC_QPN_137,doc/[THOR 2] ALT Basic Test Case_FULL.xlsx,press_key:밝기 조절 바 아이콘에 focus > press down,press down,NOW_RESOLVABLE,press_key:KEYCODE_DPAD_DOWN,20,high,single explicit key -> keycode 20,,False,True
ALTBASIC_QPN_138,doc/[THOR 2] ALT Basic Test Case_FULL.xlsx,press_key:wifi focus > keep press down,wifi focus,NOT_A_KEY,(reclassify) wifi focus,,low,screen/focus/state ref mis-tagged as key,reclassify_verifier_or_navigate,False,True
ALTBASIC_QPN_138,doc/[THOR 2] ALT Basic Test Case_FULL.xlsx,press_key:wifi focus > keep press down,keep press down,NOW_RESOLVABLE,press_key:KEYCODE_DPAD_DOWN,20,high,single explicit key -> keycode 20,,False,True
ALTBASIC_QPN_140,doc/[THOR 2] ALT Basic Test Case_FULL.xlsx,press_key:수정 버튼 focus > keep press up,수정 버튼 focus,NOT_A_KEY,(reclassify) 수정 버튼 focus,,low,screen/focus/state ref mis-tagged as key,reclassify_verifier_or_navigate,False,True
ALTBASIC_QPN_140,doc/[THOR 2] ALT Basic Test Case_FULL.xlsx,press_key:수정 버튼 focus > keep press up,keep press up,NOW_RESOLVABLE,press_key:KEYCODE_DPAD_UP,19,high,single explicit key -> keycode 19,,False,True
ALTBASIC_QPN_141,doc/[THOR 2] ALT Basic Test Case_FULL.xlsx,press_key:수정 버튼 focus > keep press right,수정 버튼 focus,NOT_A_KEY,(reclassify) 수정 버튼 focus,,low,screen/focus/state ref mis-tagged as key,reclassify_verifier_or_navigate,False,True
ALTBASIC_QPN_141,doc/[THOR 2] ALT Basic Test Case_FULL.xlsx,press_key:수정 버튼 focus > keep press right,keep press right,NOW_RESOLVABLE,press_key:KEYCODE_DPAD_RIGHT,22,high,single explicit key -> keycode 22,,False,True
ALTBASIC_QPN_142,doc/[THOR 2] ALT Basic Test Case_FULL.xlsx,press_key:wifi focus > Press back 또는 cancel,wifi focus,NOT_A_KEY,(reclassify) wifi focus,,low,screen/focus/state ref mis-tagged as key,reclassify_verifier_or_navigate,False,True
ALTBASIC_QPN_142,doc/[THOR 2] ALT Basic Test Case_FULL.xlsx,press_key:wifi focus > Press back 또는 cancel,Press back 또는 cancel,ADJUDICATE,press_key:?,,medium,disjunction/qualified key — intent choice,intent_choice,False,True
ALTBASIC_QPN_145,doc/[THOR 2] ALT Basic Test Case_FULL.xlsx,press_key:모바일 데이터 focus > Press OK 길게 입력,모바일 데이터 focus,NOT_A_KEY,(reclassify) 모바일 데이터 focus,,low,screen/focus/state ref mis-tagged as key,reclassify_verifier_or_navigate,False,True
ALTBASIC_QPN_145,doc/[THOR 2] ALT Basic Test Case_FULL.xlsx,press_key:모바일 데이터 focus > Press OK 길게 입력,Press OK 길게 입력,FREE_TEXT_DISCOVERY,press_key:<Press OK 길게>(long-press),,low,"long-press modifier — keycode insufficient, device pilot needed",device_keycode_discovery,False,True
ALTBASIC_QPN_146,doc/[THOR 2] ALT Basic Test Case_FULL.xlsx,press_key:소리모드 focus > Press OK 길게 입력,소리모드 focus,NOT_A_KEY,(reclassify) 소리모드 focus,,low,screen/focus/state ref mis-tagged as key,reclassify_verifier_or_navigate,False,True
ALTBASIC_QPN_146,doc/[THOR 2] ALT Basic Test Case_FULL.xlsx,press_key:소리모드 focus > Press OK 길게 입력,Press OK 길게 입력,FREE_TEXT_DISCOVERY,press_key:<Press OK 길게>(long-press),,low,"long-press modifier — keycode insufficient, device pilot needed",device_keycode_discovery,False,True
ALTBASIC_QPN_149,doc/[THOR 2] ALT Basic Test Case_FULL.xlsx,press_key:자동 회전 focus > Press Ok 길게 입력,자동 회전 focus,NOT_A_KEY,(reclassify) 자동 회전 focus,,low,screen/focus/state ref mis-tagged as key,reclassify_verifier_or_navigate,False,True
ALTBASIC_QPN_149,doc/[THOR 2] ALT Basic Test Case_FULL.xlsx,press_key:자동 회전 focus > Press Ok 길게 입력,Press Ok 길게 입력,FREE_TEXT_DISCOVERY,press_key:<Press Ok 길게>(long-press),,low,"long-press modifier — keycode insufficient, device pilot needed",device_keycode_discovery,False,True
ALTBASIC_QPN_153,doc/[THOR 2] ALT Basic Test Case_FULL.xlsx,press_key:데이터 절약 focus > Press Ok 길게 입력,데이터 절약 focus,NOT_A_KEY,(reclassify) 데이터 절약 focus,,low,screen/focus/state ref mis-tagged as key,reclassify_verifier_or_navigate,False,True
ALTBASIC_QPN_153,doc/[THOR 2] ALT Basic Test Case_FULL.xlsx,press_key:데이터 절약 focus > Press Ok 길게 입력,Press Ok 길게 입력,FREE_TEXT_DISCOVERY,press_key:<Press Ok 길게>(long-press),,low,"long-press modifier — keycode insufficient, device pilot needed",device_keycode_discovery,False,True
ALTBASIC_QPN_155,doc/[THOR 2] ALT Basic Test Case_FULL.xlsx,press_key:방해금지 focus > Press Ok 길게 입력,방해금지 focus,NOT_A_KEY,(reclassify) 방해금지 focus,,low,screen/focus/state ref mis-tagged as key,reclassify_verifier_or_navigate,False,True
ALTBASIC_QPN_155,doc/[THOR 2] ALT Basic Test Case_FULL.xlsx,press_key:방해금지 focus > Press Ok 길게 입력,Press Ok 길게 입력,FREE_TEXT_DISCOVERY,press_key:<Press Ok 길게>(long-press),,low,"long-press modifier — keycode insufficient, device pilot needed",device_keycode_discovery,False,True
ALTBASIC_QPN_157,doc/[THOR 2] ALT Basic Test Case_FULL.xlsx,press_key:핫스팟 focus > Press Ok long tap,핫스팟 focus,NOT_A_KEY,(reclassify) 핫스팟 focus,,low,screen/focus/state ref mis-tagged as key,reclassify_verifier_or_navigate,False,True
ALTBASIC_QPN_157,doc/[THOR 2] ALT Basic Test Case_FULL.xlsx,press_key:핫스팟 focus > Press Ok long tap,Press Ok long tap,NOW_RESOLVABLE,press_key:KEYCODE_DPAD_CENTER,23,high,single explicit key -> keycode 23,,False,True
ALTBASIC_QPN_158,doc/[THOR 2] ALT Basic Test Case_FULL.xlsx,press_key:Quick Share focus > Press Ok,Quick Share focus,NOT_A_KEY,(reclassify) Quick Share focus,,low,screen/focus/state ref mis-tagged as key,reclassify_verifier_or_navigate,False,True
ALTBASIC_QPN_158,doc/[THOR 2] ALT Basic Test Case_FULL.xlsx,press_key:Quick Share focus > Press Ok,Press Ok,NOW_RESOLVABLE,press_key:KEYCODE_DPAD_CENTER,23,high,single explicit key -> keycode 23,,False,True
ALTBASIC_QPN_159,doc/[THOR 2] ALT Basic Test Case_FULL.xlsx,press_key:QR코드 스캐너 focus > Press Ok,QR코드 스캐너 focus,NOT_A_KEY,(reclassify) QR코드 스캐너 focus,,low,screen/focus/state ref mis-tagged as key,reclassify_verifier_or_navigate,False,True
ALTBASIC_QPN_159,doc/[THOR 2] ALT Basic Test Case_FULL.xlsx,press_key:QR코드 스캐너 focus > Press Ok,Press Ok,NOW_RESOLVABLE,press_key:KEYCODE_DPAD_CENTER,23,high,single explicit key -> keycode 23,,False,True
ALTBASIC_QPN_163,doc/[THOR 2] ALT Basic Test Case_FULL.xlsx,press_key:집중 모드 focus > Press Ok,집중 모드 focus,NOT_A_KEY,(reclassify) 집중 모드 focus,,low,screen/focus/state ref mis-tagged as key,reclassify_verifier_or_navigate,False,True
ALTBASIC_QPN_163,doc/[THOR 2] ALT Basic Test Case_FULL.xlsx,press_key:집중 모드 focus > Press Ok,Press Ok,NOW_RESOLVABLE,press_key:KEYCODE_DPAD_CENTER,23,high,single explicit key -> keycode 23,,False,True
ALTBASIC_QPN_165,doc/[THOR 2] ALT Basic Test Case_FULL.xlsx,press_key:알람 focus > Press Ok,알람 focus,NOT_A_KEY,(reclassify) 알람 focus,,low,screen/focus/state ref mis-tagged as key,reclassify_verifier_or_navigate,False,True
ALTBASIC_QPN_165,doc/[THOR 2] ALT Basic Test Case_FULL.xlsx,press_key:알람 focus > Press Ok,Press Ok,NOW_RESOLVABLE,press_key:KEYCODE_DPAD_CENTER,23,high,single explicit key -> keycode 23,,False,True
ALTBASIC_QPN_167,doc/[THOR 2] ALT Basic Test Case_FULL.xlsx,press_key:수정 버튼 focus >press ok,수정 버튼 focus,NOT_A_KEY,(reclassify) 수정 버튼 focus,,low,screen/focus/state ref mis-tagged as key,reclassify_verifier_or_navigate,False,True
ALTBASIC_QPN_167,doc/[THOR 2] ALT Basic Test Case_FULL.xlsx,press_key:수정 버튼 focus >press ok,press ok,NOW_RESOLVABLE,press_key:KEYCODE_DPAD_CENTER,23,high,single explicit key -> keycode 23,,False,True
ALTBASIC_QPN_168,doc/[THOR 2] ALT Basic Test Case_FULL.xlsx,press_key:1. 첫 번째 메뉴 focus > Press up,첫 번째 메뉴 focus,NOT_A_KEY,(reclassify) 첫 번째 메뉴 focus,,low,screen/focus/state ref mis-tagged as key,reclassify_verifier_or_navigate,False,True
ALTBASIC_QPN_168,doc/[THOR 2] ALT Basic Test Case_FULL.xlsx,press_key:1. 첫 번째 메뉴 focus > Press up,Press up,NOW_RESOLVABLE,press_key:KEYCODE_DPAD_UP,19,high,single explicit key -> keycode 19,,False,True
ALTBASIC_QPN_175,doc/[THOR 2] ALT Basic Test Case_FULL.xlsx,press_key:전원 버튼 focus >press ok,전원 버튼 focus,NOT_A_KEY,(reclassify) 전원 버튼 focus,,low,screen/focus/state ref mis-tagged as key,reclassify_verifier_or_navigate,False,True
ALTBASIC_QPN_175,doc/[THOR 2] ALT Basic Test Case_FULL.xlsx,press_key:전원 버튼 focus >press ok,press ok,NOW_RESOLVABLE,press_key:KEYCODE_DPAD_CENTER,23,high,single explicit key -> keycode 23,,False,True
ALTBASIC_QPN_176,doc/[THOR 2] ALT Basic Test Case_FULL.xlsx,press_key:설정 버튼 focus >press ok,설정 버튼 focus,NOT_A_KEY,(reclassify) 설정 버튼 focus,,low,screen/focus/state ref mis-tagged as key,reclassify_verifier_or_navigate,False,True
ALTBASIC_QPN_176,doc/[THOR 2] ALT Basic Test Case_FULL.xlsx,press_key:설정 버튼 focus >press ok,press ok,NOW_RESOLVABLE,press_key:KEYCODE_DPAD_CENTER,23,high,single explicit key -> keycode 23,,False,True
ALTBASIC_SFT_054,doc/[THOR 2] ALT Basic Test Case_FULL.xlsx,tap:1. 설정 > 안심기능 > SOS 버튼,설정,FREE_TEXT_DISCOVERY,tap:<설정>,,low,tap target needs a selector,device_selector_discovery,False,True
ALTBASIC_SFT_054,doc/[THOR 2] ALT Basic Test Case_FULL.xlsx,tap:1. 설정 > 안심기능 > SOS 버튼,안심기능,NOT_A_KEY,(reclassify) 안심기능,,low,bare noun mis-tagged as key (no key signal),reclassify_verifier_or_navigate,False,True
ALTBASIC_SFT_054,doc/[THOR 2] ALT Basic Test Case_FULL.xlsx,tap:1. 설정 > 안심기능 > SOS 버튼,SOS 버튼,FREE_TEXT_DISCOVERY,press_key:<SOS 버튼>,,low,"named hardware key, no standard keycode",device_keycode_discovery,False,True
ALTBASIC_SFT_055,doc/[THOR 2] ALT Basic Test Case_FULL.xlsx,tap:1. 설정 > 안심기능 > SOS 버튼 > tap:2. 짧게 누르기 Tap,설정,FREE_TEXT_DISCOVERY,tap:<설정>,,low,tap target needs a selector,device_selector_discovery,False,True
ALTBASIC_SFT_055,doc/[THOR 2] ALT Basic Test Case_FULL.xlsx,tap:1. 설정 > 안심기능 > SOS 버튼 > tap:2. 짧게 누르기 Tap,안심기능,NOT_A_KEY,(reclassify) 안심기능,,low,bare noun mis-tagged as key (no key signal),reclassify_verifier_or_navigate,False,True
ALTBASIC_SFT_055,doc/[THOR 2] ALT Basic Test Case_FULL.xlsx,tap:1. 설정 > 안심기능 > SOS 버튼 > tap:2. 짧게 누르기 Tap,SOS 버튼,FREE_TEXT_DISCOVERY,press_key:<SOS 버튼>,,low,"named hardware key, no standard keycode",device_keycode_discovery,False,True
ALTBASIC_SFT_055,doc/[THOR 2] ALT Basic Test Case_FULL.xlsx,tap:1. 설정 > 안심기능 > SOS 버튼 > tap:2. 짧게 누르기 Tap,짧게 누르기 Tap,FREE_TEXT_DISCOVERY,tap:<짧게>,,low,tap target needs a selector,device_selector_discovery,False,True
ALTBASIC_TLK_001,doc/[THOR 2] ALT Basic Test Case_FULL.xlsx,press_key:Hard Key '#' 버튼 길게 누르기,Hard Key '#' 버튼 길게 누르기,FREE_TEXT_DISCOVERY,press_key:<Hard Key '#' 버튼 길게>(long-press),,low,"long-press modifier — keycode insufficient, device pilot needed",device_keycode_discovery,False,True
ALTBASIC_SET_090,doc/[THOR 2] ALT Basic Test Case_FULL.xlsx,tap:설정 > 안심 기능 > 보호자 등록,설정,FREE_TEXT_DISCOVERY,tap:<설정>,,low,tap target needs a selector,device_selector_discovery,False,True
ALTBASIC_SET_090,doc/[THOR 2] ALT Basic Test Case_FULL.xlsx,tap:설정 > 안심 기능 > 보호자 등록,안심 기능,NOT_A_KEY,(reclassify) 안심 기능,,low,bare noun mis-tagged as key (no key signal),reclassify_verifier_or_navigate,False,True
ALTBASIC_SET_090,doc/[THOR 2] ALT Basic Test Case_FULL.xlsx,tap:설정 > 안심 기능 > 보호자 등록,보호자 등록,NOT_A_KEY,(reclassify) 보호자 등록,,low,bare noun mis-tagged as key (no key signal),reclassify_verifier_or_navigate,False,True
ALTBASIC_SET_091,doc/[THOR 2] ALT Basic Test Case_FULL.xlsx,tap:설정 > 안심 기능 > 보호자 등록 > 보호자 추가,설정,FREE_TEXT_DISCOVERY,tap:<설정>,,low,tap target needs a selector,device_selector_discovery,False,True
ALTBASIC_SET_091,doc/[THOR 2] ALT Basic Test Case_FULL.xlsx,tap:설정 > 안심 기능 > 보호자 등록 > 보호자 추가,안심 기능,NOT_A_KEY,(reclassify) 안심 기능,,low,bare noun mis-tagged as key (no key signal),reclassify_verifier_or_navigate,False,True
ALTBASIC_SET_091,doc/[THOR 2] ALT Basic Test Case_FULL.xlsx,tap:설정 > 안심 기능 > 보호자 등록 > 보호자 추가,보호자 등록,NOT_A_KEY,(reclassify) 보호자 등록,,low,bare noun mis-tagged as key (no key signal),reclassify_verifier_or_navigate,False,True
ALTBASIC_SET_091,doc/[THOR 2] ALT Basic Test Case_FULL.xlsx,tap:설정 > 안심 기능 > 보호자 등록 > 보호자 추가,보호자 추가,NOT_A_KEY,(reclassify) 보호자 추가,,low,bare noun mis-tagged as key (no key signal),reclassify_verifier_or_navigate,False,True
ALTBASIC_SET_123,doc/[THOR 2] ALT Basic Test Case_FULL.xlsx,navigate:설정 > 안심 기능 > 측면 버튼,설정,FREE_TEXT_DISCOVERY,navigate:<설정>,,low,navigate target needs a selector,device_selector_discovery,False,True
ALTBASIC_SET_123,doc/[THOR 2] ALT Basic Test Case_FULL.xlsx,navigate:설정 > 안심 기능 > 측면 버튼,안심 기능,NOT_A_KEY,(reclassify) 안심 기능,,low,bare noun mis-tagged as key (no key signal),reclassify_verifier_or_navigate,False,True
ALTBASIC_SET_123,doc/[THOR 2] ALT Basic Test Case_FULL.xlsx,navigate:설정 > 안심 기능 > 측면 버튼,측면 버튼,FREE_TEXT_DISCOVERY,press_key:<측면 버튼>,,low,"named hardware key, no standard keycode",device_keycode_discovery,False,True
ALTBASIC_SET_256,doc/[THOR 2] ALT Basic Test Case_FULL.xlsx,navigate:1. 설정 > 배터리 >절전 모드,설정,FREE_TEXT_DISCOVERY,navigate:<설정>,,low,navigate target needs a selector,device_selector_discovery,False,True
ALTBASIC_SET_256,doc/[THOR 2] ALT Basic Test Case_FULL.xlsx,navigate:1. 설정 > 배터리 >절전 모드,배터리,NOT_A_KEY,(reclassify) 배터리,,low,bare noun mis-tagged as key (no key signal),reclassify_verifier_or_navigate,False,True
ALTBASIC_SET_256,doc/[THOR 2] ALT Basic Test Case_FULL.xlsx,navigate:1. 설정 > 배터리 >절전 모드,절전 모드,NOT_A_KEY,(reclassify) 절전 모드,,low,bare noun mis-tagged as key (no key signal),reclassify_verifier_or_navigate,False,True
ALTBASIC_SET_273,doc/[THOR 2] ALT Basic Test Case_FULL.xlsx,navigate:1. 설정 > 소리 및 진동 > 방해 금지 모드,설정,FREE_TEXT_DISCOVERY,navigate:<설정>,,low,navigate target needs a selector,device_selector_discovery,False,True
ALTBASIC_SET_273,doc/[THOR 2] ALT Basic Test Case_FULL.xlsx,navigate:1. 설정 > 소리 및 진동 > 방해 금지 모드,소리 및 진동,NOT_A_KEY,(reclassify) 소리 및 진동,,low,bare noun mis-tagged as key (no key signal),reclassify_verifier_or_navigate,False,True
ALTBASIC_SET_273,doc/[THOR 2] ALT Basic Test Case_FULL.xlsx,navigate:1. 설정 > 소리 및 진동 > 방해 금지 모드,방해 금지 모드,NOT_A_KEY,(reclassify) 방해 금지 모드,,low,bare noun mis-tagged as key (no key signal),reclassify_verifier_or_navigate,False,True
ALTBASIC_SET_602,doc/[THOR 2] ALT Basic Test Case_FULL.xlsx,tap:1. 설정 > 접근성 > 실시간 자막 Tap,설정,FREE_TEXT_DISCOVERY,tap:<설정>,,low,tap target needs a selector,device_selector_discovery,False,True
ALTBASIC_SET_602,doc/[THOR 2] ALT Basic Test Case_FULL.xlsx,tap:1. 설정 > 접근성 > 실시간 자막 Tap,접근성,NOT_A_KEY,(reclassify) 접근성,,low,bare noun mis-tagged as key (no key signal),reclassify_verifier_or_navigate,False,True
ALTBASIC_SET_602,doc/[THOR 2] ALT Basic Test Case_FULL.xlsx,tap:1. 설정 > 접근성 > 실시간 자막 Tap,실시간 자막 Tap,NOT_A_KEY,(reclassify) 실시간 자막,,low,bare noun mis-tagged as key (no key signal),reclassify_verifier_or_navigate,False,True
ALTBASIC_SET_610,doc/[THOR 2] ALT Basic Test Case_FULL.xlsx,tap:1. 설정 > 접근성 > 실시간 자막 Tap > tap:2. 자막 환경설정 Tap > tap:3. 추가 옵션 Tap,설정,FREE_TEXT_DISCOVERY,tap:<설정>,,low,tap target needs a selector,device_selector_discovery,False,True
ALTBASIC_SET_610,doc/[THOR 2] ALT Basic Test Case_FULL.xlsx,tap:1. 설정 > 접근성 > 실시간 자막 Tap > tap:2. 자막 환경설정 Tap > tap:3. 추가 옵션 Tap,접근성,NOT_A_KEY,(reclassify) 접근성,,low,bare noun mis-tagged as key (no key signal),reclassify_verifier_or_navigate,False,True
ALTBASIC_SET_610,doc/[THOR 2] ALT Basic Test Case_FULL.xlsx,tap:1. 설정 > 접근성 > 실시간 자막 Tap > tap:2. 자막 환경설정 Tap > tap:3. 추가 옵션 Tap,실시간 자막 Tap,NOT_A_KEY,(reclassify) 실시간 자막,,low,bare noun mis-tagged as key (no key signal),reclassify_verifier_or_navigate,False,True
ALTBASIC_SET_610,doc/[THOR 2] ALT Basic Test Case_FULL.xlsx,tap:1. 설정 > 접근성 > 실시간 자막 Tap > tap:2. 자막 환경설정 Tap > tap:3. 추가 옵션 Tap,자막 환경설정 Tap,FREE_TEXT_DISCOVERY,tap:<자막 환경설정>,,low,tap target needs a selector,device_selector_discovery,False,True
ALTBASIC_SET_610,doc/[THOR 2] ALT Basic Test Case_FULL.xlsx,tap:1. 설정 > 접근성 > 실시간 자막 Tap > tap:2. 자막 환경설정 Tap > tap:3. 추가 옵션 Tap,추가 옵션 Tap,FREE_TEXT_DISCOVERY,tap:<추가 옵션>,,low,tap target needs a selector,device_selector_discovery,False,True
ALTBASIC_SET_651,doc/[THOR 2] ALT Basic Test Case_FULL.xlsx,navigate:1. 설정 > 접근성 > 텍스트 음성 변환 출력 Tap > tap:2. 기본엔진 Set. Icon Tap,설정,FREE_TEXT_DISCOVERY,navigate:<설정>,,low,navigate target needs a selector,device_selector_discovery,False,True
ALTBASIC_SET_651,doc/[THOR 2] ALT Basic Test Case_FULL.xlsx,navigate:1. 설정 > 접근성 > 텍스트 음성 변환 출력 Tap > tap:2. 기본엔진 Set. Icon Tap,접근성,NOT_A_KEY,(reclassify) 접근성,,low,bare noun mis-tagged as key (no key signal),reclassify_verifier_or_navigate,False,True
ALTBASIC_SET_651,doc/[THOR 2] ALT Basic Test Case_FULL.xlsx,navigate:1. 설정 > 접근성 > 텍스트 음성 변환 출력 Tap > tap:2. 기본엔진 Set. Icon Tap,텍스트 음성 변환 출력 Tap,NOT_A_KEY,(reclassify) 텍스트 음성 변환 출력,,low,bare noun mis-tagged as key (no key signal),reclassify_verifier_or_navigate,False,True
ALTBASIC_SET_651,doc/[THOR 2] ALT Basic Test Case_FULL.xlsx,navigate:1. 설정 > 접근성 > 텍스트 음성 변환 출력 Tap > tap:2. 기본엔진 Set. Icon Tap,기본엔진 Set. Icon Tap,FREE_TEXT_DISCOVERY,tap:<기본엔진 Set. Icon>,,low,tap target needs a selector,device_selector_discovery,False,True
ALTBASIC_SET_972,doc/[THOR 2] ALT Basic Test Case_FULL.xlsx,navigate:설정 >시스템 >언어 및 입력 > 터치 키보드,설정,FREE_TEXT_DISCOVERY,navigate:<설정>,,low,navigate target needs a selector,device_selector_discovery,False,True
ALTBASIC_SET_972,doc/[THOR 2] ALT Basic Test Case_FULL.xlsx,navigate:설정 >시스템 >언어 및 입력 > 터치 키보드,시스템,NOT_A_KEY,(reclassify) 시스템,,low,bare noun mis-tagged as key (no key signal),reclassify_verifier_or_navigate,False,True
ALTBASIC_SET_972,doc/[THOR 2] ALT Basic Test Case_FULL.xlsx,navigate:설정 >시스템 >언어 및 입력 > 터치 키보드,언어 및 입력,NOT_A_KEY,(reclassify) 언어 및,,low,bare noun mis-tagged as key (no key signal),reclassify_verifier_or_navigate,False,True
ALTBASIC_SET_972,doc/[THOR 2] ALT Basic Test Case_FULL.xlsx,navigate:설정 >시스템 >언어 및 입력 > 터치 키보드,터치 키보드,NOT_A_KEY,(reclassify) 터치 키보드,,low,bare noun mis-tagged as key (no key signal),reclassify_verifier_or_navigate,False,True
ALTBASIC_SET_977,doc/[THOR 2] ALT Basic Test Case_FULL.xlsx,navigate:설정 >시스템 > 언어 및 입력 > 텍스트 음성 변환 출력 > 기본 엔진 설정,설정,FREE_TEXT_DISCOVERY,navigate:<설정>,,low,navigate target needs a selector,device_selector_discovery,False,True
ALTBASIC_SET_977,doc/[THOR 2] ALT Basic Test Case_FULL.xlsx,navigate:설정 >시스템 > 언어 및 입력 > 텍스트 음성 변환 출력 > 기본 엔진 설정,시스템,NOT_A_KEY,(reclassify) 시스템,,low,bare noun mis-tagged as key (no key signal),reclassify_verifier_or_navigate,False,True
ALTBASIC_SET_977,doc/[THOR 2] ALT Basic Test Case_FULL.xlsx,navigate:설정 >시스템 > 언어 및 입력 > 텍스트 음성 변환 출력 > 기본 엔진 설정,언어 및 입력,NOT_A_KEY,(reclassify) 언어 및,,low,bare noun mis-tagged as key (no key signal),reclassify_verifier_or_navigate,False,True
ALTBASIC_SET_977,doc/[THOR 2] ALT Basic Test Case_FULL.xlsx,navigate:설정 >시스템 > 언어 및 입력 > 텍스트 음성 변환 출력 > 기본 엔진 설정,텍스트 음성 변환 출력,NOT_A_KEY,(reclassify) 텍스트 음성 변환 출력,,low,bare noun mis-tagged as key (no key signal),reclassify_verifier_or_navigate,False,True
ALTBASIC_SET_977,doc/[THOR 2] ALT Basic Test Case_FULL.xlsx,navigate:설정 >시스템 > 언어 및 입력 > 텍스트 음성 변환 출력 > 기본 엔진 설정,기본 엔진 설정,NOT_A_KEY,(reclassify) 기본 엔진 설정,,low,bare noun mis-tagged as key (no key signal),reclassify_verifier_or_navigate,False,True
ALTBASIC_SET_985,doc/[THOR 2] ALT Basic Test Case_FULL.xlsx,navigate:설정 >시스템 > 날짜 및 시간,설정,FREE_TEXT_DISCOVERY,navigate:<설정>,,low,navigate target needs a selector,device_selector_discovery,False,True
ALTBASIC_SET_985,doc/[THOR 2] ALT Basic Test Case_FULL.xlsx,navigate:설정 >시스템 > 날짜 및 시간,시스템,NOT_A_KEY,(reclassify) 시스템,,low,bare noun mis-tagged as key (no key signal),reclassify_verifier_or_navigate,False,True
ALTBASIC_SET_985,doc/[THOR 2] ALT Basic Test Case_FULL.xlsx,navigate:설정 >시스템 > 날짜 및 시간,날짜 및 시간,NOT_A_KEY,(reclassify) 날짜 및 시간,,low,bare noun mis-tagged as key (no key signal),reclassify_verifier_or_navigate,False,True
ALTBASIC_SET_987,doc/[THOR 2] ALT Basic Test Case_FULL.xlsx,navigate:설정 >시스템 > 여러 사용자,설정,FREE_TEXT_DISCOVERY,navigate:<설정>,,low,navigate target needs a selector,device_selector_discovery,False,True
ALTBASIC_SET_987,doc/[THOR 2] ALT Basic Test Case_FULL.xlsx,navigate:설정 >시스템 > 여러 사용자,시스템,NOT_A_KEY,(reclassify) 시스템,,low,bare noun mis-tagged as key (no key signal),reclassify_verifier_or_navigate,False,True
ALTBASIC_SET_987,doc/[THOR 2] ALT Basic Test Case_FULL.xlsx,navigate:설정 >시스템 > 여러 사용자,여러 사용자,NOT_A_KEY,(reclassify) 여러 사용자,,low,bare noun mis-tagged as key (no key signal),reclassify_verifier_or_navigate,False,True
ALTBASIC_LCH_001,doc/[THOR 2] ALT Basic Test Case_FULL.xlsx,press_key:하드키 볼륨 버튼,하드키 볼륨 버튼,FREE_TEXT_DISCOVERY,press_key:<하드키 볼륨 버튼>,,low,"named hardware key, no standard keycode",device_keycode_discovery,False,True
ALTBASIC_LCH_002,doc/[THOR 2] ALT Basic Test Case_FULL.xlsx,press_key:하드키 볼륨 버튼 > press_key:Press Up,하드키 볼륨 버튼,FREE_TEXT_DISCOVERY,press_key:<하드키 볼륨 버튼>,,low,"named hardware key, no standard keycode",device_keycode_discovery,False,True
ALTBASIC_LCH_002,doc/[THOR 2] ALT Basic Test Case_FULL.xlsx,press_key:하드키 볼륨 버튼 > press_key:Press Up,Press Up,NOW_RESOLVABLE,press_key:KEYCODE_DPAD_UP,19,high,single explicit key -> keycode 19,,False,True
ALTBASIC_LCH_006,doc/[THOR 2] ALT Basic Test Case_FULL.xlsx,navigate:홈 메인화면 페이지 > press_key:네비키 또는 OK키 입력,홈 메인화면 페이지,FREE_TEXT_DISCOVERY,navigate:<홈 메인화면 페이지>,,low,navigate target needs a selector,device_selector_discovery,False,True
ALTBASIC_LCH_006,doc/[THOR 2] ALT Basic Test Case_FULL.xlsx,navigate:홈 메인화면 페이지 > press_key:네비키 또는 OK키 입력,네비키 또는 OK키 입력,ADJUDICATE,press_key:KEYCODE_DPAD_CENTER?,23,medium,disjunction/qualified key — intent choice,intent_choice,False,True
ALTBASIC_LCH_010,doc/[THOR 2] ALT Basic Test Case_FULL.xlsx,navigate:1. 홈화면 > press_key:네비키나 OK키 입력 > press_key:Press Right 3회 입력,홈화면,FREE_TEXT_DISCOVERY,navigate:<홈화면>,,low,navigate target needs a selector,device_selector_discovery,False,True
ALTBASIC_LCH_010,doc/[THOR 2] ALT Basic Test Case_FULL.xlsx,navigate:1. 홈화면 > press_key:네비키나 OK키 입력 > press_key:Press Right 3회 입력,네비키나 OK키 입력,ADJUDICATE,press_key:KEYCODE_DPAD_CENTER?,23,medium,disjunction/qualified key — intent choice,intent_choice,False,True
ALTBASIC_LCH_010,doc/[THOR 2] ALT Basic Test Case_FULL.xlsx,navigate:1. 홈화면 > press_key:네비키나 OK키 입력 > press_key:Press Right 3회 입력,Press Right 3회 입력,NOW_RESOLVABLE,press_key:KEYCODE_DPAD_RIGHT,22,high,single explicit key -> keycode 22,,False,True
ALTBASIC_LCH_011,doc/[THOR 2] ALT Basic Test Case_FULL.xlsx,navigate:1. 홈화면 > press_key:네비키나 OK키 입력 > press_key:Press Down,홈화면,FREE_TEXT_DISCOVERY,navigate:<홈화면>,,low,navigate target needs a selector,device_selector_discovery,False,True
ALTBASIC_LCH_011,doc/[THOR 2] ALT Basic Test Case_FULL.xlsx,navigate:1. 홈화면 > press_key:네비키나 OK키 입력 > press_key:Press Down,네비키나 OK키 입력,ADJUDICATE,press_key:KEYCODE_DPAD_CENTER?,23,medium,disjunction/qualified key — intent choice,intent_choice,False,True
ALTBASIC_LCH_011,doc/[THOR 2] ALT Basic Test Case_FULL.xlsx,navigate:1. 홈화면 > press_key:네비키나 OK키 입력 > press_key:Press Down,Press Down,NOW_RESOLVABLE,press_key:KEYCODE_DPAD_DOWN,20,high,single explicit key -> keycode 20,,False,True
ALTBASIC_LCH_016,doc/[THOR 2] ALT Basic Test Case_FULL.xlsx,press_key:앱 서랍 포커스 되지 않은 상태 > 네비키 또는 OK키 입력 > navigate:[앱 서랍 진입 설명 추가 필요],앱 서랍 포커스 되지 않은 상태,NOT_A_KEY,(reclassify) 앱 서랍 포커스 되지 않은 상태,,low,bare noun mis-tagged as key (no key signal),reclassify_verifier_or_navigate,False,True
ALTBASIC_LCH_016,doc/[THOR 2] ALT Basic Test Case_FULL.xlsx,press_key:앱 서랍 포커스 되지 않은 상태 > 네비키 또는 OK키 입력 > navigate:[앱 서랍 진입 설명 추가 필요],네비키 또는 OK키 입력,ADJUDICATE,press_key:KEYCODE_DPAD_CENTER?,23,medium,disjunction/qualified key — intent choice,intent_choice,False,True
ALTBASIC_LCH_016,doc/[THOR 2] ALT Basic Test Case_FULL.xlsx,press_key:앱 서랍 포커스 되지 않은 상태 > 네비키 또는 OK키 입력 > navigate:[앱 서랍 진입 설명 추가 필요],[앱 서랍 진입 설명 추가 필요],FREE_TEXT_DISCOVERY,navigate:<[앱 서랍 진입 설명 추가 필요]>,,low,navigate target needs a selector,device_selector_discovery,False,True
ALTBASIC_LCH_017,doc/[THOR 2] ALT Basic Test Case_FULL.xlsx,press_key:1. 앱서랍 진입 > 네비키 또는 OK키 입력 > 우방향키 입력,앱서랍 진입,NOT_A_KEY,(reclassify) 앱서랍 진입,,low,screen/focus/state ref mis-tagged as key,reclassify_verifier_or_navigate,False,True
ALTBASIC_LCH_017,doc/[THOR 2] ALT Basic Test Case_FULL.xlsx,press_key:1. 앱서랍 진입 > 네비키 또는 OK키 입력 > 우방향키 입력,네비키 또는 OK키 입력,ADJUDICATE,press_key:KEYCODE_DPAD_CENTER?,23,medium,disjunction/qualified key — intent choice,intent_choice,False,True
ALTBASIC_LCH_017,doc/[THOR 2] ALT Basic Test Case_FULL.xlsx,press_key:1. 앱서랍 진입 > 네비키 또는 OK키 입력 > 우방향키 입력,우방향키 입력,NOW_RESOLVABLE,press_key:KEYCODE_DPAD_RIGHT,22,high,single explicit key -> keycode 22,,False,True
ALTBASIC_LCH_018,doc/[THOR 2] ALT Basic Test Case_FULL.xlsx,press_key:1. 앱서랍 진입 > 네비키 또는 OK키 입력 > 우방향키 누른 상태로 유지,앱서랍 진입,NOT_A_KEY,(reclassify) 앱서랍 진입,,low,screen/focus/state ref mis-tagged as key,reclassify_verifier_or_navigate,False,True
ALTBASIC_LCH_018,doc/[THOR 2] ALT Basic Test Case_FULL.xlsx,press_key:1. 앱서랍 진입 > 네비키 또는 OK키 입력 > 우방향키 누른 상태로 유지,네비키 또는 OK키 입력,ADJUDICATE,press_key:KEYCODE_DPAD_CENTER?,23,medium,disjunction/qualified key — intent choice,intent_choice,False,True
ALTBASIC_LCH_018,doc/[THOR 2] ALT Basic Test Case_FULL.xlsx,press_key:1. 앱서랍 진입 > 네비키 또는 OK키 입력 > 우방향키 누른 상태로 유지,우방향키 누른 상태로 유지,NOW_RESOLVABLE,press_key:KEYCODE_DPAD_RIGHT,22,high,single explicit key -> keycode 22,,False,True
ALTBASIC_LCH_019,doc/[THOR 2] ALT Basic Test Case_FULL.xlsx,press_key:1. 앱서랍 진입 > 네비키 또는 OK키 입력 > 하방향키 누른 상태로 유지,앱서랍 진입,NOT_A_KEY,(reclassify) 앱서랍 진입,,low,screen/focus/state ref mis-tagged as key,reclassify_verifier_or_navigate,False,True
ALTBASIC_LCH_019,doc/[THOR 2] ALT Basic Test Case_FULL.xlsx,press_key:1. 앱서랍 진입 > 네비키 또는 OK키 입력 > 하방향키 누른 상태로 유지,네비키 또는 OK키 입력,ADJUDICATE,press_key:KEYCODE_DPAD_CENTER?,23,medium,disjunction/qualified key — intent choice,intent_choice,False,True
ALTBASIC_LCH_019,doc/[THOR 2] ALT Basic Test Case_FULL.xlsx,press_key:1. 앱서랍 진입 > 네비키 또는 OK키 입력 > 하방향키 누른 상태로 유지,하방향키 누른 상태로 유지,NOW_RESOLVABLE,press_key:KEYCODE_DPAD_DOWN,20,high,single explicit key -> keycode 20,,False,True
ALTBASIC_LCH_020,doc/[THOR 2] ALT Basic Test Case_FULL.xlsx,press_key:1. 앱서랍 진입 > 네비키 또는 OK키 입력 > 하방향키 누른 상태로 유지 > press_key:2. 스크롤 마지막 앱에 포커스 위치 > 상방향키 누른 상태로 유지,앱서랍 진입,NOT_A_KEY,(reclassify) 앱서랍 진입,,low,screen/focus/state ref mis-tagged as key,reclassify_verifier_or_navigate,False,True
ALTBASIC_LCH_020,doc/[THOR 2] ALT Basic Test Case_FULL.xlsx,press_key:1. 앱서랍 진입 > 네비키 또는 OK키 입력 > 하방향키 누른 상태로 유지 > press_key:2. 스크롤 마지막 앱에 포커스 위치 > 상방향키 누른 상태로 유지,네비키 또는 OK키 입력,ADJUDICATE,press_key:KEYCODE_DPAD_CENTER?,23,medium,disjunction/qualified key — intent choice,intent_choice,False,True
ALTBASIC_LCH_020,doc/[THOR 2] ALT Basic Test Case_FULL.xlsx,press_key:1. 앱서랍 진입 > 네비키 또는 OK키 입력 > 하방향키 누른 상태로 유지 > press_key:2. 스크롤 마지막 앱에 포커스 위치 > 상방향키 누른 상태로 유지,하방향키 누른 상태로 유지,NOW_RESOLVABLE,press_key:KEYCODE_DPAD_DOWN,20,high,single explicit key -> keycode 20,,False,True
ALTBASIC_LCH_020,doc/[THOR 2] ALT Basic Test Case_FULL.xlsx,press_key:1. 앱서랍 진입 > 네비키 또는 OK키 입력 > 하방향키 누른 상태로 유지 > press_key:2. 스크롤 마지막 앱에 포커스 위치 > 상방향키 누른 상태로 유지,스크롤 마지막 앱에 포커스 위치,NOT_A_KEY,(reclassify) 스크롤 마지막 앱에 포커스 위치,,low,bare noun mis-tagged as key (no key signal),reclassify_verifier_or_navigate,False,True
ALTBASIC_LCH_020,doc/[THOR 2] ALT Basic Test Case_FULL.xlsx,press_key:1. 앱서랍 진입 > 네비키 또는 OK키 입력 > 하방향키 누른 상태로 유지 > press_key:2. 스크롤 마지막 앱에 포커스 위치 > 상방향키 누른 상태로 유지,상방향키 누른 상태로 유지,NOW_RESOLVABLE,press_key:KEYCODE_DPAD_UP,19,high,single explicit key -> keycode 19,,False,True
ALTBASIC_LCH_021,doc/[THOR 2] ALT Basic Test Case_FULL.xlsx,press_key:단축다이얼 Page > 네비키 또는 Ok키 입력,단축다이얼 Page,FREE_TEXT_DISCOVERY,press_key:<단축다이얼 Page>,,low,unresolved free-text body,manifest_rewrite,False,True
ALTBASIC_LCH_021,doc/[THOR 2] ALT Basic Test Case_FULL.xlsx,press_key:단축다이얼 Page > 네비키 또는 Ok키 입력,네비키 또는 Ok키 입력,ADJUDICATE,press_key:KEYCODE_DPAD_CENTER?,23,medium,disjunction/qualified key — intent choice,intent_choice,False,True
ALTBASIC_LCH_022,doc/[THOR 2] ALT Basic Test Case_FULL.xlsx,press_key:홈화면 > 네비키 또는 OK키 입력 > 하방향키 입력,홈화면,NOT_A_KEY,(reclassify) 홈화면,,low,screen/focus/state ref mis-tagged as key,reclassify_verifier_or_navigate,False,True
ALTBASIC_LCH_022,doc/[THOR 2] ALT Basic Test Case_FULL.xlsx,press_key:홈화면 > 네비키 또는 OK키 입력 > 하방향키 입력,네비키 또는 OK키 입력,ADJUDICATE,press_key:KEYCODE_DPAD_CENTER?,23,medium,disjunction/qualified key — intent choice,intent_choice,False,True
ALTBASIC_LCH_022,doc/[THOR 2] ALT Basic Test Case_FULL.xlsx,press_key:홈화면 > 네비키 또는 OK키 입력 > 하방향키 입력,하방향키 입력,NOW_RESOLVABLE,press_key:KEYCODE_DPAD_DOWN,20,high,single explicit key -> keycode 20,,False,True
ALTBASIC_LCH_023,doc/[THOR 2] ALT Basic Test Case_FULL.xlsx,press_key:홈화면 > 네비키 또는 OK키 입력 > 하방향키 입력 > 우방향키 입력,홈화면,NOT_A_KEY,(reclassify) 홈화면,,low,screen/focus/state ref mis-tagged as key,reclassify_verifier_or_navigate,False,True
ALTBASIC_LCH_023,doc/[THOR 2] ALT Basic Test Case_FULL.xlsx,press_key:홈화면 > 네비키 또는 OK키 입력 > 하방향키 입력 > 우방향키 입력,네비키 또는 OK키 입력,ADJUDICATE,press_key:KEYCODE_DPAD_CENTER?,23,medium,disjunction/qualified key — intent choice,intent_choice,False,True
ALTBASIC_LCH_023,doc/[THOR 2] ALT Basic Test Case_FULL.xlsx,press_key:홈화면 > 네비키 또는 OK키 입력 > 하방향키 입력 > 우방향키 입력,하방향키 입력,NOW_RESOLVABLE,press_key:KEYCODE_DPAD_DOWN,20,high,single explicit key -> keycode 20,,False,True
ALTBASIC_LCH_023,doc/[THOR 2] ALT Basic Test Case_FULL.xlsx,press_key:홈화면 > 네비키 또는 OK키 입력 > 하방향키 입력 > 우방향키 입력,우방향키 입력,NOW_RESOLVABLE,press_key:KEYCODE_DPAD_RIGHT,22,high,single explicit key -> keycode 22,,False,True
ALTBASIC_LCH_024,doc/[THOR 2] ALT Basic Test Case_FULL.xlsx,press_key:홈화면 > 네비키 또는 OK키 입력 > 하방향키 입력 > 우방향키 3회 입력,홈화면,NOT_A_KEY,(reclassify) 홈화면,,low,screen/focus/state ref mis-tagged as key,reclassify_verifier_or_navigate,False,True
ALTBASIC_LCH_024,doc/[THOR 2] ALT Basic Test Case_FULL.xlsx,press_key:홈화면 > 네비키 또는 OK키 입력 > 하방향키 입력 > 우방향키 3회 입력,네비키 또는 OK키 입력,ADJUDICATE,press_key:KEYCODE_DPAD_CENTER?,23,medium,disjunction/qualified key — intent choice,intent_choice,False,True
ALTBASIC_LCH_024,doc/[THOR 2] ALT Basic Test Case_FULL.xlsx,press_key:홈화면 > 네비키 또는 OK키 입력 > 하방향키 입력 > 우방향키 3회 입력,하방향키 입력,NOW_RESOLVABLE,press_key:KEYCODE_DPAD_DOWN,20,high,single explicit key -> keycode 20,,False,True
ALTBASIC_LCH_024,doc/[THOR 2] ALT Basic Test Case_FULL.xlsx,press_key:홈화면 > 네비키 또는 OK키 입력 > 하방향키 입력 > 우방향키 3회 입력,우방향키 3회 입력,NOW_RESOLVABLE,press_key:KEYCODE_DPAD_RIGHT,22,high,single explicit key -> keycode 22,,False,True
ALTBASIC_LCH_026,doc/[THOR 2] ALT Basic Test Case_FULL.xlsx,press_key:홈화면 > 네비키 또는 OK키 입력 > press_key:우방향키 누른 상태로 유지,홈화면,NOT_A_KEY,(reclassify) 홈화면,,low,screen/focus/state ref mis-tagged as key,reclassify_verifier_or_navigate,False,True
ALTBASIC_LCH_026,doc/[THOR 2] ALT Basic Test Case_FULL.xlsx,press_key:홈화면 > 네비키 또는 OK키 입력 > press_key:우방향키 누른 상태로 유지,네비키 또는 OK키 입력,ADJUDICATE,press_key:KEYCODE_DPAD_CENTER?,23,medium,disjunction/qualified key — intent choice,intent_choice,False,True
ALTBASIC_LCH_026,doc/[THOR 2] ALT Basic Test Case_FULL.xlsx,press_key:홈화면 > 네비키 또는 OK키 입력 > press_key:우방향키 누른 상태로 유지,우방향키 누른 상태로 유지,NOW_RESOLVABLE,press_key:KEYCODE_DPAD_RIGHT,22,high,single explicit key -> keycode 22,,False,True
ALTBASIC_LCH_027,doc/[THOR 2] ALT Basic Test Case_FULL.xlsx,press_key:네비키 또는 OK키 입력 > 상방향키 누른 상태로 유지,네비키 또는 OK키 입력,ADJUDICATE,press_key:KEYCODE_DPAD_CENTER?,23,medium,disjunction/qualified key — intent choice,intent_choice,False,True
ALTBASIC_LCH_027,doc/[THOR 2] ALT Basic Test Case_FULL.xlsx,press_key:네비키 또는 OK키 입력 > 상방향키 누른 상태로 유지,상방향키 누른 상태로 유지,NOW_RESOLVABLE,press_key:KEYCODE_DPAD_UP,19,high,single explicit key -> keycode 19,,False,True
ALTBASIC_LCH_029,doc/[THOR 2] ALT Basic Test Case_FULL.xlsx,press_key:네비키 또는 OK키 입력 > 하방향키 누른 상태로 유지,네비키 또는 OK키 입력,ADJUDICATE,press_key:KEYCODE_DPAD_CENTER?,23,medium,disjunction/qualified key — intent choice,intent_choice,False,True
ALTBASIC_LCH_029,doc/[THOR 2] ALT Basic Test Case_FULL.xlsx,press_key:네비키 또는 OK키 입력 > 하방향키 누른 상태로 유지,하방향키 누른 상태로 유지,NOW_RESOLVABLE,press_key:KEYCODE_DPAD_DOWN,20,high,single explicit key -> keycode 20,,False,True
ALTBASIC_LCH_030,doc/[THOR 2] ALT Basic Test Case_FULL.xlsx,press_key:네비키 또는 OK키 입력 > 상방향키 입력하여 편집 버튼에 포커스 위치 > press_key:하방향키 입력,네비키 또는 OK키 입력,ADJUDICATE,press_key:KEYCODE_DPAD_CENTER?,23,medium,disjunction/qualified key — intent choice,intent_choice,False,True
ALTBASIC_LCH_030,doc/[THOR 2] ALT Basic Test Case_FULL.xlsx,press_key:네비키 또는 OK키 입력 > 상방향키 입력하여 편집 버튼에 포커스 위치 > press_key:하방향키 입력,상방향키 입력하여 편집 버튼에 포커스 위치,NOW_RESOLVABLE,press_key:KEYCODE_DPAD_UP,19,high,single explicit key -> keycode 19,,False,True
ALTBASIC_LCH_030,doc/[THOR 2] ALT Basic Test Case_FULL.xlsx,press_key:네비키 또는 OK키 입력 > 상방향키 입력하여 편집 버튼에 포커스 위치 > press_key:하방향키 입력,하방향키 입력,NOW_RESOLVABLE,press_key:KEYCODE_DPAD_DOWN,20,high,single explicit key -> keycode 20,,False,True
ALTBASIC_LCH_042,doc/[THOR 2] ALT Basic Test Case_FULL.xlsx,press_key:간편 설정 페이지 > 네비키 또는 OK키 입력,간편 설정 페이지,NOT_A_KEY,(reclassify) 간편 설정 페이지,,low,screen/focus/state ref mis-tagged as key,reclassify_verifier_or_navigate,False,True
ALTBASIC_LCH_042,doc/[THOR 2] ALT Basic Test Case_FULL.xlsx,press_key:간편 설정 페이지 > 네비키 또는 OK키 입력,네비키 또는 OK키 입력,ADJUDICATE,press_key:KEYCODE_DPAD_CENTER?,23,medium,disjunction/qualified key — intent choice,intent_choice,False,True
ALTBASIC_LCH_044,doc/[THOR 2] ALT Basic Test Case_FULL.xlsx,press_key:간편 설정 페이지 > 네비키 또는 OK키 입력 > press_key:Press Up,간편 설정 페이지,NOT_A_KEY,(reclassify) 간편 설정 페이지,,low,screen/focus/state ref mis-tagged as key,reclassify_verifier_or_navigate,False,True
ALTBASIC_LCH_044,doc/[THOR 2] ALT Basic Test Case_FULL.xlsx,press_key:간편 설정 페이지 > 네비키 또는 OK키 입력 > press_key:Press Up,네비키 또는 OK키 입력,ADJUDICATE,press_key:KEYCODE_DPAD_CENTER?,23,medium,disjunction/qualified key — intent choice,intent_choice,False,True
ALTBASIC_LCH_044,doc/[THOR 2] ALT Basic Test Case_FULL.xlsx,press_key:간편 설정 페이지 > 네비키 또는 OK키 입력 > press_key:Press Up,Press Up,NOW_RESOLVABLE,press_key:KEYCODE_DPAD_UP,19,high,single explicit key -> keycode 19,,False,True
ALTBASIC_LCH_045,doc/[THOR 2] ALT Basic Test Case_FULL.xlsx,press_key:간편 설정 페이지 > 네비키 또는 OK키 입력 > press_key:Press Up > press_key:Press Ok,간편 설정 페이지,NOT_A_KEY,(reclassify) 간편 설정 페이지,,low,screen/focus/state ref mis-tagged as key,reclassify_verifier_or_navigate,False,True
ALTBASIC_LCH_045,doc/[THOR 2] ALT Basic Test Case_FULL.xlsx,press_key:간편 설정 페이지 > 네비키 또는 OK키 입력 > press_key:Press Up > press_key:Press Ok,네비키 또는 OK키 입력,ADJUDICATE,press_key:KEYCODE_DPAD_CENTER?,23,medium,disjunction/qualified key — intent choice,intent_choice,False,True
ALTBASIC_LCH_045,doc/[THOR 2] ALT Basic Test Case_FULL.xlsx,press_key:간편 설정 페이지 > 네비키 또는 OK키 입력 > press_key:Press Up > press_key:Press Ok,Press Up,NOW_RESOLVABLE,press_key:KEYCODE_DPAD_UP,19,high,single explicit key -> keycode 19,,False,True
ALTBASIC_LCH_045,doc/[THOR 2] ALT Basic Test Case_FULL.xlsx,press_key:간편 설정 페이지 > 네비키 또는 OK키 입력 > press_key:Press Up > press_key:Press Ok,Press Ok,NOW_RESOLVABLE,press_key:KEYCODE_DPAD_CENTER,23,high,single explicit key -> keycode 23,,False,True
ALTBASIC_LCH_046,doc/[THOR 2] ALT Basic Test Case_FULL.xlsx,press_key:간편 설정 페이지 > 네비키 또는 OK키 입력 > press_key:Press Up 2회 입력,간편 설정 페이지,NOT_A_KEY,(reclassify) 간편 설정 페이지,,low,screen/focus/state ref mis-tagged as key,reclassify_verifier_or_navigate,False,True
ALTBASIC_LCH_046,doc/[THOR 2] ALT Basic Test Case_FULL.xlsx,press_key:간편 설정 페이지 > 네비키 또는 OK키 입력 > press_key:Press Up 2회 입력,네비키 또는 OK키 입력,ADJUDICATE,press_key:KEYCODE_DPAD_CENTER?,23,medium,disjunction/qualified key — intent choice,intent_choice,False,True
ALTBASIC_LCH_046,doc/[THOR 2] ALT Basic Test Case_FULL.xlsx,press_key:간편 설정 페이지 > 네비키 또는 OK키 입력 > press_key:Press Up 2회 입력,Press Up 2회 입력,NOW_RESOLVABLE,press_key:KEYCODE_DPAD_UP,19,high,single explicit key -> keycode 19,,False,True
ALTBASIC_LCH_047,doc/[THOR 2] ALT Basic Test Case_FULL.xlsx,press_key:간편 설정 페이지 > 네비키 또는 OK키 입력 > press_key:Press Up 2회 입력 > press_key:Press Ok,간편 설정 페이지,NOT_A_KEY,(reclassify) 간편 설정 페이지,,low,screen/focus/state ref mis-tagged as key,reclassify_verifier_or_navigate,False,True
ALTBASIC_LCH_047,doc/[THOR 2] ALT Basic Test Case_FULL.xlsx,press_key:간편 설정 페이지 > 네비키 또는 OK키 입력 > press_key:Press Up 2회 입력 > press_key:Press Ok,네비키 또는 OK키 입력,ADJUDICATE,press_key:KEYCODE_DPAD_CENTER?,23,medium,disjunction/qualified key — intent choice,intent_choice,False,True
ALTBASIC_LCH_047,doc/[THOR 2] ALT Basic Test Case_FULL.xlsx,press_key:간편 설정 페이지 > 네비키 또는 OK키 입력 > press_key:Press Up 2회 입력 > press_key:Press Ok,Press Up 2회 입력,NOW_RESOLVABLE,press_key:KEYCODE_DPAD_UP,19,high,single explicit key -> keycode 19,,False,True
ALTBASIC_LCH_047,doc/[THOR 2] ALT Basic Test Case_FULL.xlsx,press_key:간편 설정 페이지 > 네비키 또는 OK키 입력 > press_key:Press Up 2회 입력 > press_key:Press Ok,Press Ok,NOW_RESOLVABLE,press_key:KEYCODE_DPAD_CENTER,23,high,single explicit key -> keycode 23,,False,True
ALTBASIC_LCH_048,doc/[THOR 2] ALT Basic Test Case_FULL.xlsx,press_key:간편 설정 페이지 > 네비키 또는 OK키 입력 > press_key:Press Up 3회 입력,간편 설정 페이지,NOT_A_KEY,(reclassify) 간편 설정 페이지,,low,screen/focus/state ref mis-tagged as key,reclassify_verifier_or_navigate,False,True
ALTBASIC_LCH_048,doc/[THOR 2] ALT Basic Test Case_FULL.xlsx,press_key:간편 설정 페이지 > 네비키 또는 OK키 입력 > press_key:Press Up 3회 입력,네비키 또는 OK키 입력,ADJUDICATE,press_key:KEYCODE_DPAD_CENTER?,23,medium,disjunction/qualified key — intent choice,intent_choice,False,True
ALTBASIC_LCH_048,doc/[THOR 2] ALT Basic Test Case_FULL.xlsx,press_key:간편 설정 페이지 > 네비키 또는 OK키 입력 > press_key:Press Up 3회 입력,Press Up 3회 입력,NOW_RESOLVABLE,press_key:KEYCODE_DPAD_UP,19,high,single explicit key -> keycode 19,,False,True
ALTBASIC_LCH_049,doc/[THOR 2] ALT Basic Test Case_FULL.xlsx,press_key:간편 설정 페이지 > 네비키 또는 OK키 입력 > press_key:Press Up 3회 입력 > press_key:Press Ok,간편 설정 페이지,NOT_A_KEY,(reclassify) 간편 설정 페이지,,low,screen/focus/state ref mis-tagged as key,reclassify_verifier_or_navigate,False,True
ALTBASIC_LCH_049,doc/[THOR 2] ALT Basic Test Case_FULL.xlsx,press_key:간편 설정 페이지 > 네비키 또는 OK키 입력 > press_key:Press Up 3회 입력 > press_key:Press Ok,네비키 또는 OK키 입력,ADJUDICATE,press_key:KEYCODE_DPAD_CENTER?,23,medium,disjunction/qualified key — intent choice,intent_choice,False,True
ALTBASIC_LCH_049,doc/[THOR 2] ALT Basic Test Case_FULL.xlsx,press_key:간편 설정 페이지 > 네비키 또는 OK키 입력 > press_key:Press Up 3회 입력 > press_key:Press Ok,Press Up 3회 입력,NOW_RESOLVABLE,press_key:KEYCODE_DPAD_UP,19,high,single explicit key -> keycode 19,,False,True
ALTBASIC_LCH_049,doc/[THOR 2] ALT Basic Test Case_FULL.xlsx,press_key:간편 설정 페이지 > 네비키 또는 OK키 입력 > press_key:Press Up 3회 입력 > press_key:Press Ok,Press Ok,NOW_RESOLVABLE,press_key:KEYCODE_DPAD_CENTER,23,high,single explicit key -> keycode 23,,False,True
ALTBASIC_LCH_050,doc/[THOR 2] ALT Basic Test Case_FULL.xlsx,press_key:간편 설정 페이지 > 네비키 또는 OK키 입력 > press_key:Press Up 4회 입력,간편 설정 페이지,NOT_A_KEY,(reclassify) 간편 설정 페이지,,low,screen/focus/state ref mis-tagged as key,reclassify_verifier_or_navigate,False,True
ALTBASIC_LCH_050,doc/[THOR 2] ALT Basic Test Case_FULL.xlsx,press_key:간편 설정 페이지 > 네비키 또는 OK키 입력 > press_key:Press Up 4회 입력,네비키 또는 OK키 입력,ADJUDICATE,press_key:KEYCODE_DPAD_CENTER?,23,medium,disjunction/qualified key — intent choice,intent_choice,False,True
ALTBASIC_LCH_050,doc/[THOR 2] ALT Basic Test Case_FULL.xlsx,press_key:간편 설정 페이지 > 네비키 또는 OK키 입력 > press_key:Press Up 4회 입력,Press Up 4회 입력,NOW_RESOLVABLE,press_key:KEYCODE_DPAD_UP,19,high,single explicit key -> keycode 19,,False,True
ALTBASIC_LCH_144,doc/[THOR 2] ALT Basic Test Case_FULL.xlsx,press_key:홈 화면에서 아무방향키 또는 OK키 입력,홈 화면에서 아무방향키 또는 OK키 입력,AMBIGUOUS_NOGUESS,press_key:?,,low,any/multi-key enumeration — test intent,spec_clarification,False,True
ALTBASIC_LCH_145,doc/[THOR 2] ALT Basic Test Case_FULL.xlsx,press_key:홈 화면에서 아무방향키 입력 > press_key:하방향키 입력,홈 화면에서 아무방향키 입력,AMBIGUOUS_NOGUESS,press_key:?,,low,any/multi-key enumeration — test intent,spec_clarification,False,True
ALTBASIC_LCH_145,doc/[THOR 2] ALT Basic Test Case_FULL.xlsx,press_key:홈 화면에서 아무방향키 입력 > press_key:하방향키 입력,하방향키 입력,NOW_RESOLVABLE,press_key:KEYCODE_DPAD_DOWN,20,high,single explicit key -> keycode 20,,False,True
ALTBASIC_LCH_146,doc/[THOR 2] ALT Basic Test Case_FULL.xlsx,press_key:홈 화면에서 아무방향키 입력 > press_key:하방향키 입력 > press_key:화면 최하단에서 하방향키 입력,홈 화면에서 아무방향키 입력,AMBIGUOUS_NOGUESS,press_key:?,,low,any/multi-key enumeration — test intent,spec_clarification,False,True
ALTBASIC_LCH_146,doc/[THOR 2] ALT Basic Test Case_FULL.xlsx,press_key:홈 화면에서 아무방향키 입력 > press_key:하방향키 입력 > press_key:화면 최하단에서 하방향키 입력,하방향키 입력,NOW_RESOLVABLE,press_key:KEYCODE_DPAD_DOWN,20,high,single explicit key -> keycode 20,,False,True
ALTBASIC_LCH_146,doc/[THOR 2] ALT Basic Test Case_FULL.xlsx,press_key:홈 화면에서 아무방향키 입력 > press_key:하방향키 입력 > press_key:화면 최하단에서 하방향키 입력,화면 최하단에서 하방향키 입력,NOW_RESOLVABLE,press_key:KEYCODE_DPAD_DOWN,20,high,single explicit key -> keycode 20,,False,True
ALTBASIC_LCH_153,doc/[THOR 2] ALT Basic Test Case_FULL.xlsx,press_key:홈 화면 하드키로 앱 포커스 > press_key:HardKey '확인' 버튼 롱탭,홈 화면 하드키로 앱 포커스,NOT_A_KEY,(reclassify) 홈 화면 하드키로 앱 포커스,,low,screen/focus/state ref mis-tagged as key,reclassify_verifier_or_navigate,False,True
ALTBASIC_LCH_153,doc/[THOR 2] ALT Basic Test Case_FULL.xlsx,press_key:홈 화면 하드키로 앱 포커스 > press_key:HardKey '확인' 버튼 롱탭,HardKey '확인' 버튼 롱탭,NOW_RESOLVABLE,press_key:KEYCODE_DPAD_CENTER,23,high,single explicit key -> keycode 23,,False,True
ALTBASIC_LCH_154,doc/[THOR 2] ALT Basic Test Case_FULL.xlsx,press_key:홈 화면 하드키로 앱 포커스 > press_key:HardKey '확인' 버튼 롱탭 > press_key:하방향키 입력,홈 화면 하드키로 앱 포커스,NOT_A_KEY,(reclassify) 홈 화면 하드키로 앱 포커스,,low,screen/focus/state ref mis-tagged as key,reclassify_verifier_or_navigate,False,True
ALTBASIC_LCH_154,doc/[THOR 2] ALT Basic Test Case_FULL.xlsx,press_key:홈 화면 하드키로 앱 포커스 > press_key:HardKey '확인' 버튼 롱탭 > press_key:하방향키 입력,HardKey '확인' 버튼 롱탭,NOW_RESOLVABLE,press_key:KEYCODE_DPAD_CENTER,23,high,single explicit key -> keycode 23,,False,True
ALTBASIC_LCH_154,doc/[THOR 2] ALT Basic Test Case_FULL.xlsx,press_key:홈 화면 하드키로 앱 포커스 > press_key:HardKey '확인' 버튼 롱탭 > press_key:하방향키 입력,하방향키 입력,NOW_RESOLVABLE,press_key:KEYCODE_DPAD_DOWN,20,high,single explicit key -> keycode 20,,False,True
ALTBASIC_LCH_158,doc/[THOR 2] ALT Basic Test Case_FULL.xlsx,press_key:HardKey 아무 방향키 입력,HardKey 아무 방향키 입력,AMBIGUOUS_NOGUESS,press_key:?,,low,any/multi-key enumeration — test intent,spec_clarification,False,True
ALTBASIC_LCH_159,doc/[THOR 2] ALT Basic Test Case_FULL.xlsx,press_key:HardKey 아무 방향키 입력 > press_key:상방향키 입력,HardKey 아무 방향키 입력,AMBIGUOUS_NOGUESS,press_key:?,,low,any/multi-key enumeration — test intent,spec_clarification,False,True
ALTBASIC_LCH_159,doc/[THOR 2] ALT Basic Test Case_FULL.xlsx,press_key:HardKey 아무 방향키 입력 > press_key:상방향키 입력,상방향키 입력,NOW_RESOLVABLE,press_key:KEYCODE_DPAD_UP,19,high,single explicit key -> keycode 19,,False,True
ALTBASIC_LCH_160,doc/[THOR 2] ALT Basic Test Case_FULL.xlsx,press_key:HardKey 아무 방향키 입력 > press_key:우방향키 입력,HardKey 아무 방향키 입력,AMBIGUOUS_NOGUESS,press_key:?,,low,any/multi-key enumeration — test intent,spec_clarification,False,True
ALTBASIC_LCH_160,doc/[THOR 2] ALT Basic Test Case_FULL.xlsx,press_key:HardKey 아무 방향키 입력 > press_key:우방향키 입력,우방향키 입력,NOW_RESOLVABLE,press_key:KEYCODE_DPAD_RIGHT,22,high,single explicit key -> keycode 22,,False,True
ALTBASIC_LCH_161,doc/[THOR 2] ALT Basic Test Case_FULL.xlsx,press_key:HardKey 아무 방향키 입력 > press_key:하방향키 입력,HardKey 아무 방향키 입력,AMBIGUOUS_NOGUESS,press_key:?,,low,any/multi-key enumeration — test intent,spec_clarification,False,True
ALTBASIC_LCH_161,doc/[THOR 2] ALT Basic Test Case_FULL.xlsx,press_key:HardKey 아무 방향키 입력 > press_key:하방향키 입력,하방향키 입력,NOW_RESOLVABLE,press_key:KEYCODE_DPAD_DOWN,20,high,single explicit key -> keycode 20,,False,True
ALTBASIC_LCH_241,doc/[THOR 2] ALT Basic Test Case_FULL.xlsx,press_key:하드키 즐겨 찾기 버튼 롱 탭,하드키 즐겨 찾기 버튼 롱 탭,NOT_A_KEY,(reclassify) 하드키 즐겨 찾기 버튼 롱,,low,bare noun mis-tagged as key (no key signal),reclassify_verifier_or_navigate,False,True
ALTBASIC_CAL_291,doc/[THOR 2] ALT Basic Test Case_FULL.xlsx,navigate:연락처 실행,연락처 실행,FREE_TEXT_DISCOVERY,navigate:<연락처 실행>,,low,navigate target needs a selector,device_selector_discovery,False,True
ALTBASIC_CAL_293,doc/[THOR 2] ALT Basic Test Case_FULL.xlsx,navigate:연락처 검색 focus > press_key:press down,연락처 검색 focus,FREE_TEXT_DISCOVERY,navigate:<연락처 검색 focus>,,low,navigate target needs a selector,device_selector_discovery,False,True
ALTBASIC_CAL_293,doc/[THOR 2] ALT Basic Test Case_FULL.xlsx,navigate:연락처 검색 focus > press_key:press down,press down,NOW_RESOLVABLE,press_key:KEYCODE_DPAD_DOWN,20,high,single explicit key -> keycode 20,,False,True
ALTBASIC_CAL_294,doc/[THOR 2] ALT Basic Test Case_FULL.xlsx,navigate:연락처 검색 focus > press_key:press down > press_key:press down,연락처 검색 focus,FREE_TEXT_DISCOVERY,navigate:<연락처 검색 focus>,,low,navigate target needs a selector,device_selector_discovery,False,True
ALTBASIC_CAL_294,doc/[THOR 2] ALT Basic Test Case_FULL.xlsx,navigate:연락처 검색 focus > press_key:press down > press_key:press down,press down,NOW_RESOLVABLE,press_key:KEYCODE_DPAD_DOWN,20,high,single explicit key -> keycode 20,,False,True
ALTBASIC_CAL_294,doc/[THOR 2] ALT Basic Test Case_FULL.xlsx,navigate:연락처 검색 focus > press_key:press down > press_key:press down,press down,NOW_RESOLVABLE,press_key:KEYCODE_DPAD_DOWN,20,high,single explicit key -> keycode 20,,False,True
ALTBASIC_CAL_326,doc/[THOR 2] ALT Basic Test Case_FULL.xlsx,navigate:더 보기 메뉴 단축 다이얼 focus > press_key:press ok,더 보기 메뉴 단축 다이얼 focus,FREE_TEXT_DISCOVERY,navigate:<더 보기 메뉴 단축 다이얼 focus>,,low,navigate target needs a selector,device_selector_discovery,False,True
ALTBASIC_CAL_326,doc/[THOR 2] ALT Basic Test Case_FULL.xlsx,navigate:더 보기 메뉴 단축 다이얼 focus > press_key:press ok,press ok,NOW_RESOLVABLE,press_key:KEYCODE_DPAD_CENTER,23,high,single explicit key -> keycode 23,,False,True
ALTBASIC_CAL_327,doc/[THOR 2] ALT Basic Test Case_FULL.xlsx,navigate:단축 다이얼 페이지 탐색 focus > press_key:press right,단축 다이얼 페이지 탐색 focus,FREE_TEXT_DISCOVERY,navigate:<단축 다이얼 페이지 탐색 focus>,,low,navigate target needs a selector,device_selector_discovery,False,True
ALTBASIC_CAL_327,doc/[THOR 2] ALT Basic Test Case_FULL.xlsx,navigate:단축 다이얼 페이지 탐색 focus > press_key:press right,press right,NOW_RESOLVABLE,press_key:KEYCODE_DPAD_RIGHT,22,high,single explicit key -> keycode 22,,False,True
ALTBASIC_CAL_328,doc/[THOR 2] ALT Basic Test Case_FULL.xlsx,navigate:단축 다이얼 페이지 탐색 focus > press_key:press left,단축 다이얼 페이지 탐색 focus,FREE_TEXT_DISCOVERY,navigate:<단축 다이얼 페이지 탐색 focus>,,low,navigate target needs a selector,device_selector_discovery,False,True
ALTBASIC_CAL_328,doc/[THOR 2] ALT Basic Test Case_FULL.xlsx,navigate:단축 다이얼 페이지 탐색 focus > press_key:press left,press left,NOW_RESOLVABLE,press_key:KEYCODE_DPAD_LEFT,21,high,single explicit key -> keycode 21,,False,True
ALTBASIC_CAL_331,doc/[THOR 2] ALT Basic Test Case_FULL.xlsx,navigate:페이지 탐색 focus > press_key:press down,페이지 탐색 focus,FREE_TEXT_DISCOVERY,navigate:<페이지 탐색 focus>,,low,navigate target needs a selector,device_selector_discovery,False,True
ALTBASIC_CAL_331,doc/[THOR 2] ALT Basic Test Case_FULL.xlsx,navigate:페이지 탐색 focus > press_key:press down,press down,NOW_RESOLVABLE,press_key:KEYCODE_DPAD_DOWN,20,high,single explicit key -> keycode 20,,False,True
ALTBASIC_CAL_332,doc/[THOR 2] ALT Basic Test Case_FULL.xlsx,navigate:페이지 탐색 focus > press_key:press up,페이지 탐색 focus,FREE_TEXT_DISCOVERY,navigate:<페이지 탐색 focus>,,low,navigate target needs a selector,device_selector_discovery,False,True
ALTBASIC_CAL_332,doc/[THOR 2] ALT Basic Test Case_FULL.xlsx,navigate:페이지 탐색 focus > press_key:press up,press up,NOW_RESOLVABLE,press_key:KEYCODE_DPAD_UP,19,high,single explicit key -> keycode 19,,False,True
ALTBASIC_CAL_333,doc/[THOR 2] ALT Basic Test Case_FULL.xlsx,navigate:더 보기 메뉴 설정 focus > press_key:press ok,더 보기 메뉴 설정 focus,FREE_TEXT_DISCOVERY,navigate:<더 보기 메뉴 설정 focus>,,low,navigate target needs a selector,device_selector_discovery,False,True
ALTBASIC_CAL_333,doc/[THOR 2] ALT Basic Test Case_FULL.xlsx,navigate:더 보기 메뉴 설정 focus > press_key:press ok,press ok,NOW_RESOLVABLE,press_key:KEYCODE_DPAD_CENTER,23,high,single explicit key -> keycode 23,,False,True
ALTBASIC_CAL_334,doc/[THOR 2] ALT Basic Test Case_FULL.xlsx,navigate:소리 및 진동 focus > press_key:press up,소리 및 진동 focus,FREE_TEXT_DISCOVERY,navigate:<소리 및 진동 focus>,,low,navigate target needs a selector,device_selector_discovery,False,True
ALTBASIC_CAL_334,doc/[THOR 2] ALT Basic Test Case_FULL.xlsx,navigate:소리 및 진동 focus > press_key:press up,press up,NOW_RESOLVABLE,press_key:KEYCODE_DPAD_UP,19,high,single explicit key -> keycode 19,,False,True
ALTBASIC_CAL_336,doc/[THOR 2] ALT Basic Test Case_FULL.xlsx,navigate:소리 및 진동 focus > press_key:press ok,소리 및 진동 focus,FREE_TEXT_DISCOVERY,navigate:<소리 및 진동 focus>,,low,navigate target needs a selector,device_selector_discovery,False,True
ALTBASIC_CAL_336,doc/[THOR 2] ALT Basic Test Case_FULL.xlsx,navigate:소리 및 진동 focus > press_key:press ok,press ok,NOW_RESOLVABLE,press_key:KEYCODE_DPAD_CENTER,23,high,single explicit key -> keycode 23,,False,True
ALTBASIC_CAL_337,doc/[THOR 2] ALT Basic Test Case_FULL.xlsx,navigate:통화 녹음 focus > press_key:press ok,통화 녹음 focus,FREE_TEXT_DISCOVERY,navigate:<통화 녹음 focus>,,low,navigate target needs a selector,device_selector_discovery,False,True
ALTBASIC_CAL_337,doc/[THOR 2] ALT Basic Test Case_FULL.xlsx,navigate:통화 녹음 focus > press_key:press ok,press ok,NOW_RESOLVABLE,press_key:KEYCODE_DPAD_CENTER,23,high,single explicit key -> keycode 23,,False,True
ALTBASIC_CAL_339,doc/[THOR 2] ALT Basic Test Case_FULL.xlsx,navigate:통화녹음 알림 표시 focus > press_key:press down,통화녹음 알림 표시 focus,FREE_TEXT_DISCOVERY,navigate:<통화녹음 알림 표시 focus>,,low,navigate target needs a selector,device_selector_discovery,False,True
ALTBASIC_CAL_339,doc/[THOR 2] ALT Basic Test Case_FULL.xlsx,navigate:통화녹음 알림 표시 focus > press_key:press down,press down,NOW_RESOLVABLE,press_key:KEYCODE_DPAD_DOWN,20,high,single explicit key -> keycode 20,,False,True
ALTBASIC_CAL_340,doc/[THOR 2] ALT Basic Test Case_FULL.xlsx,navigate:통화 중 자동 녹음 focus > press_key:press ok,통화 중 자동 녹음 focus,FREE_TEXT_DISCOVERY,navigate:<통화 중 자동 녹음 focus>,,low,navigate target needs a selector,device_selector_discovery,False,True
ALTBASIC_CAL_340,doc/[THOR 2] ALT Basic Test Case_FULL.xlsx,navigate:통화 중 자동 녹음 focus > press_key:press ok,press ok,NOW_RESOLVABLE,press_key:KEYCODE_DPAD_CENTER,23,high,single explicit key -> keycode 23,,False,True
ALTBASIC_CAL_341,doc/[THOR 2] ALT Basic Test Case_FULL.xlsx,navigate:통화 중 자동 녹음 focus > press_key:press down,통화 중 자동 녹음 focus,FREE_TEXT_DISCOVERY,navigate:<통화 중 자동 녹음 focus>,,low,navigate target needs a selector,device_selector_discovery,False,True
ALTBASIC_CAL_341,doc/[THOR 2] ALT Basic Test Case_FULL.xlsx,navigate:통화 중 자동 녹음 focus > press_key:press down,press down,NOW_RESOLVABLE,press_key:KEYCODE_DPAD_DOWN,20,high,single explicit key -> keycode 20,,False,True
ALTBASIC_CAL_353,doc/[THOR 2] ALT Basic Test Case_FULL.xlsx,navigate:연락처 > press_key:press ok,연락처,FREE_TEXT_DISCOVERY,navigate:<연락처>,,low,navigate target needs a selector,device_selector_discovery,False,True
ALTBASIC_CAL_353,doc/[THOR 2] ALT Basic Test Case_FULL.xlsx,navigate:연락처 > press_key:press ok,press ok,NOW_RESOLVABLE,press_key:KEYCODE_DPAD_CENTER,23,high,single explicit key -> keycode 23,,False,True
ALTBASIC_CAL_354,doc/[THOR 2] ALT Basic Test Case_FULL.xlsx,press_key:1. 새 연락처 만들기 focus > press up > press_key:2. 새 연락처 만들기 focus > press up > press left > press_key:3. 새 연락처 만들기 focus > press up > press right,새 연락처 만들기 focus,NOT_A_KEY,(reclassify) 새 연락처 만들기 focus,,low,screen/focus/state ref mis-tagged as key,reclassify_verifier_or_navigate,False,True
ALTBASIC_CAL_354,doc/[THOR 2] ALT Basic Test Case_FULL.xlsx,press_key:1. 새 연락처 만들기 focus > press up > press_key:2. 새 연락처 만들기 focus > press up > press left > press_key:3. 새 연락처 만들기 focus > press up > press right,press up,NOW_RESOLVABLE,press_key:KEYCODE_DPAD_UP,19,high,single explicit key -> keycode 19,,False,True
ALTBASIC_CAL_354,doc/[THOR 2] ALT Basic Test Case_FULL.xlsx,press_key:1. 새 연락처 만들기 focus > press up > press_key:2. 새 연락처 만들기 focus > press up > press left > press_key:3. 새 연락처 만들기 focus > press up > press right,새 연락처 만들기 focus,NOT_A_KEY,(reclassify) 새 연락처 만들기 focus,,low,screen/focus/state ref mis-tagged as key,reclassify_verifier_or_navigate,False,True
ALTBASIC_CAL_354,doc/[THOR 2] ALT Basic Test Case_FULL.xlsx,press_key:1. 새 연락처 만들기 focus > press up > press_key:2. 새 연락처 만들기 focus > press up > press left > press_key:3. 새 연락처 만들기 focus > press up > press right,press up,NOW_RESOLVABLE,press_key:KEYCODE_DPAD_UP,19,high,single explicit key -> keycode 19,,False,True
ALTBASIC_CAL_354,doc/[THOR 2] ALT Basic Test Case_FULL.xlsx,press_key:1. 새 연락처 만들기 focus > press up > press_key:2. 새 연락처 만들기 focus > press up > press left > press_key:3. 새 연락처 만들기 focus > press up > press right,press left,NOW_RESOLVABLE,press_key:KEYCODE_DPAD_LEFT,21,high,single explicit key -> keycode 21,,False,True
ALTBASIC_CAL_354,doc/[THOR 2] ALT Basic Test Case_FULL.xlsx,press_key:1. 새 연락처 만들기 focus > press up > press_key:2. 새 연락처 만들기 focus > press up > press left > press_key:3. 새 연락처 만들기 focus > press up > press right,새 연락처 만들기 focus,NOT_A_KEY,(reclassify) 새 연락처 만들기 focus,,low,screen/focus/state ref mis-tagged as key,reclassify_verifier_or_navigate,False,True
ALTBASIC_CAL_354,doc/[THOR 2] ALT Basic Test Case_FULL.xlsx,press_key:1. 새 연락처 만들기 focus > press up > press_key:2. 새 연락처 만들기 focus > press up > press left > press_key:3. 새 연락처 만들기 focus > press up > press right,press up,NOW_RESOLVABLE,press_key:KEYCODE_DPAD_UP,19,high,single explicit key -> keycode 19,,False,True
ALTBASIC_CAL_354,doc/[THOR 2] ALT Basic Test Case_FULL.xlsx,press_key:1. 새 연락처 만들기 focus > press up > press_key:2. 새 연락처 만들기 focus > press up > press left > press_key:3. 새 연락처 만들기 focus > press up > press right,press right,NOW_RESOLVABLE,press_key:KEYCODE_DPAD_RIGHT,22,high,single explicit key -> keycode 22,,False,True
ALTBASIC_CAL_356,doc/[THOR 2] ALT Basic Test Case_FULL.xlsx,press_key:1. 아래 하드키를 누른다.,아래 하드키를 누른다.,FREE_TEXT_DISCOVERY,press_key:<아래 하드키>,,low,"named hardware key, no standard keycode",device_keycode_discovery,False,True
ALTBASIC_CAL_357,doc/[THOR 2] ALT Basic Test Case_FULL.xlsx,press_key:1. 위 하드키를 누른다.,위 하드키를 누른다.,FREE_TEXT_DISCOVERY,press_key:<위 하드키>,,low,"named hardware key, no standard keycode",device_keycode_discovery,False,True
ALTBASIC_MSG_068,doc/[THOR 2] ALT Basic Test Case_FULL.xlsx,navigate:메시지 > 더보기 > 차단 및 스팸관리 focus > press_key:Press Ok,메시지,FREE_TEXT_DISCOVERY,navigate:<메시지>,,low,navigate target needs a selector,device_selector_discovery,False,True
ALTBASIC_MSG_068,doc/[THOR 2] ALT Basic Test Case_FULL.xlsx,navigate:메시지 > 더보기 > 차단 및 스팸관리 focus > press_key:Press Ok,더보기,NOT_A_KEY,(reclassify) 더보기,,low,bare noun mis-tagged as key (no key signal),reclassify_verifier_or_navigate,False,True
ALTBASIC_MSG_068,doc/[THOR 2] ALT Basic Test Case_FULL.xlsx,navigate:메시지 > 더보기 > 차단 및 스팸관리 focus > press_key:Press Ok,차단 및 스팸관리 focus,NOT_A_KEY,(reclassify) 차단 및 스팸관리 focus,,low,screen/focus/state ref mis-tagged as key,reclassify_verifier_or_navigate,False,True
ALTBASIC_MSG_068,doc/[THOR 2] ALT Basic Test Case_FULL.xlsx,navigate:메시지 > 더보기 > 차단 및 스팸관리 focus > press_key:Press Ok,Press Ok,NOW_RESOLVABLE,press_key:KEYCODE_DPAD_CENTER,23,high,single explicit key -> keycode 23,,False,True
ALTBASIC_MSG_073,doc/[THOR 2] ALT Basic Test Case_FULL.xlsx,navigate:메시지 > 더보기 > 차단 및 스팸관리 >스팸 신고 안내,메시지,FREE_TEXT_DISCOVERY,navigate:<메시지>,,low,navigate target needs a selector,device_selector_discovery,False,True
ALTBASIC_MSG_073,doc/[THOR 2] ALT Basic Test Case_FULL.xlsx,navigate:메시지 > 더보기 > 차단 및 스팸관리 >스팸 신고 안내,더보기,NOT_A_KEY,(reclassify) 더보기,,low,bare noun mis-tagged as key (no key signal),reclassify_verifier_or_navigate,False,True
ALTBASIC_MSG_073,doc/[THOR 2] ALT Basic Test Case_FULL.xlsx,navigate:메시지 > 더보기 > 차단 및 스팸관리 >스팸 신고 안내,차단 및 스팸관리,NOT_A_KEY,(reclassify) 차단 및 스팸관리,,low,bare noun mis-tagged as key (no key signal),reclassify_verifier_or_navigate,False,True
ALTBASIC_MSG_073,doc/[THOR 2] ALT Basic Test Case_FULL.xlsx,navigate:메시지 > 더보기 > 차단 및 스팸관리 >스팸 신고 안내,스팸 신고 안내,NOT_A_KEY,(reclassify) 스팸 신고 안내,,low,bare noun mis-tagged as key (no key signal),reclassify_verifier_or_navigate,False,True
ALTBASIC_MSG_074,doc/[THOR 2] ALT Basic Test Case_FULL.xlsx,navigate:메시지 > 더보기 > 차단 및 스팸관리 > 개인정보 수집 동의,메시지,FREE_TEXT_DISCOVERY,navigate:<메시지>,,low,navigate target needs a selector,device_selector_discovery,False,True
ALTBASIC_MSG_074,doc/[THOR 2] ALT Basic Test Case_FULL.xlsx,navigate:메시지 > 더보기 > 차단 및 스팸관리 > 개인정보 수집 동의,더보기,NOT_A_KEY,(reclassify) 더보기,,low,bare noun mis-tagged as key (no key signal),reclassify_verifier_or_navigate,False,True
ALTBASIC_MSG_074,doc/[THOR 2] ALT Basic Test Case_FULL.xlsx,navigate:메시지 > 더보기 > 차단 및 스팸관리 > 개인정보 수집 동의,차단 및 스팸관리,NOT_A_KEY,(reclassify) 차단 및 스팸관리,,low,bare noun mis-tagged as key (no key signal),reclassify_verifier_or_navigate,False,True
ALTBASIC_MSG_074,doc/[THOR 2] ALT Basic Test Case_FULL.xlsx,navigate:메시지 > 더보기 > 차단 및 스팸관리 > 개인정보 수집 동의,개인정보 수집 동의,NOT_A_KEY,(reclassify) 개인정보 수집 동의,,low,bare noun mis-tagged as key (no key signal),reclassify_verifier_or_navigate,False,True
ALTBASIC_MSG_075,doc/[THOR 2] ALT Basic Test Case_FULL.xlsx,press_key:1. 메시지 > 더보기 > 휴지통 focus > Press Ok,메시지,NOT_A_KEY,(reclassify) 메시지,,low,bare noun mis-tagged as key (no key signal),reclassify_verifier_or_navigate,False,True
ALTBASIC_MSG_075,doc/[THOR 2] ALT Basic Test Case_FULL.xlsx,press_key:1. 메시지 > 더보기 > 휴지통 focus > Press Ok,더보기,NOT_A_KEY,(reclassify) 더보기,,low,bare noun mis-tagged as key (no key signal),reclassify_verifier_or_navigate,False,True
ALTBASIC_MSG_075,doc/[THOR 2] ALT Basic Test Case_FULL.xlsx,press_key:1. 메시지 > 더보기 > 휴지통 focus > Press Ok,휴지통 focus,NOT_A_KEY,(reclassify) 휴지통 focus,,low,screen/focus/state ref mis-tagged as key,reclassify_verifier_or_navigate,False,True
ALTBASIC_MSG_075,doc/[THOR 2] ALT Basic Test Case_FULL.xlsx,press_key:1. 메시지 > 더보기 > 휴지통 focus > Press Ok,Press Ok,NOW_RESOLVABLE,press_key:KEYCODE_DPAD_CENTER,23,high,single explicit key -> keycode 23,,False,True
ALTBASIC_MSG_076,doc/[THOR 2] ALT Basic Test Case_FULL.xlsx,navigate:메시지 > 더보기 > 설정 focus > press_key:Press Ok,메시지,FREE_TEXT_DISCOVERY,navigate:<메시지>,,low,navigate target needs a selector,device_selector_discovery,False,True
ALTBASIC_MSG_076,doc/[THOR 2] ALT Basic Test Case_FULL.xlsx,navigate:메시지 > 더보기 > 설정 focus > press_key:Press Ok,더보기,NOT_A_KEY,(reclassify) 더보기,,low,bare noun mis-tagged as key (no key signal),reclassify_verifier_or_navigate,False,True
ALTBASIC_MSG_076,doc/[THOR 2] ALT Basic Test Case_FULL.xlsx,navigate:메시지 > 더보기 > 설정 focus > press_key:Press Ok,설정 focus,NOT_A_KEY,(reclassify) 설정 focus,,low,screen/focus/state ref mis-tagged as key,reclassify_verifier_or_navigate,False,True
ALTBASIC_MSG_076,doc/[THOR 2] ALT Basic Test Case_FULL.xlsx,navigate:메시지 > 더보기 > 설정 focus > press_key:Press Ok,Press Ok,NOW_RESOLVABLE,press_key:KEYCODE_DPAD_CENTER,23,high,single explicit key -> keycode 23,,False,True
ALTBASIC_MSG_080,doc/[THOR 2] ALT Basic Test Case_FULL.xlsx,navigate:메시지 > 더보기 > 설정 > 멀티미디어 메시지(MMS),메시지,FREE_TEXT_DISCOVERY,navigate:<메시지>,,low,navigate target needs a selector,device_selector_discovery,False,True
ALTBASIC_MSG_080,doc/[THOR 2] ALT Basic Test Case_FULL.xlsx,navigate:메시지 > 더보기 > 설정 > 멀티미디어 메시지(MMS),더보기,NOT_A_KEY,(reclassify) 더보기,,low,bare noun mis-tagged as key (no key signal),reclassify_verifier_or_navigate,False,True
ALTBASIC_MSG_080,doc/[THOR 2] ALT Basic Test Case_FULL.xlsx,navigate:메시지 > 더보기 > 설정 > 멀티미디어 메시지(MMS),설정,NOT_A_KEY,(reclassify) 설정,,low,bare noun mis-tagged as key (no key signal),reclassify_verifier_or_navigate,False,True
ALTBASIC_MSG_080,doc/[THOR 2] ALT Basic Test Case_FULL.xlsx,navigate:메시지 > 더보기 > 설정 > 멀티미디어 메시지(MMS),멀티미디어 메시지(MMS),FREE_TEXT_DISCOVERY,(bare):<멀티미디어 메시지(MMS)>,,low,unresolved free-text body,manifest_rewrite,False,True
ALTBASIC_MSG_081,doc/[THOR 2] ALT Basic Test Case_FULL.xlsx,navigate:메시지 > 더보기 > 설정 > 알림,메시지,FREE_TEXT_DISCOVERY,navigate:<메시지>,,low,navigate target needs a selector,device_selector_discovery,False,True
ALTBASIC_MSG_081,doc/[THOR 2] ALT Basic Test Case_FULL.xlsx,navigate:메시지 > 더보기 > 설정 > 알림,더보기,NOT_A_KEY,(reclassify) 더보기,,low,bare noun mis-tagged as key (no key signal),reclassify_verifier_or_navigate,False,True
ALTBASIC_MSG_081,doc/[THOR 2] ALT Basic Test Case_FULL.xlsx,navigate:메시지 > 더보기 > 설정 > 알림,설정,NOT_A_KEY,(reclassify) 설정,,low,bare noun mis-tagged as key (no key signal),reclassify_verifier_or_navigate,False,True
ALTBASIC_MSG_081,doc/[THOR 2] ALT Basic Test Case_FULL.xlsx,navigate:메시지 > 더보기 > 설정 > 알림,알림,NOT_A_KEY,(reclassify) 알림,,low,bare noun mis-tagged as key (no key signal),reclassify_verifier_or_navigate,False,True
ALTBASIC_MSG_082,doc/[THOR 2] ALT Basic Test Case_FULL.xlsx,navigate:메시지 > 더보기 > 설정 > 메시지 글꼴 크기,메시지,FREE_TEXT_DISCOVERY,navigate:<메시지>,,low,navigate target needs a selector,device_selector_discovery,False,True
ALTBASIC_MSG_082,doc/[THOR 2] ALT Basic Test Case_FULL.xlsx,navigate:메시지 > 더보기 > 설정 > 메시지 글꼴 크기,더보기,NOT_A_KEY,(reclassify) 더보기,,low,bare noun mis-tagged as key (no key signal),reclassify_verifier_or_navigate,False,True
ALTBASIC_MSG_082,doc/[THOR 2] ALT Basic Test Case_FULL.xlsx,navigate:메시지 > 더보기 > 설정 > 메시지 글꼴 크기,설정,NOT_A_KEY,(reclassify) 설정,,low,bare noun mis-tagged as key (no key signal),reclassify_verifier_or_navigate,False,True
ALTBASIC_MSG_082,doc/[THOR 2] ALT Basic Test Case_FULL.xlsx,navigate:메시지 > 더보기 > 설정 > 메시지 글꼴 크기,메시지 글꼴 크기,NOT_A_KEY,(reclassify) 메시지 글꼴 크기,,low,bare noun mis-tagged as key (no key signal),reclassify_verifier_or_navigate,False,True
ALTBASIC_CNT_002,doc/[THOR 2] ALT Basic Test Case_FULL.xlsx,navigate:1. 연락처 실행,연락처 실행,FREE_TEXT_DISCOVERY,navigate:<연락처 실행>,,low,navigate target needs a selector,device_selector_discovery,False,True
ALTBASIC_CNT_003,doc/[THOR 2] ALT Basic Test Case_FULL.xlsx,press_key:1. 새 연락처 만들기 focus > Press Up,새 연락처 만들기 focus,NOT_A_KEY,(reclassify) 새 연락처 만들기 focus,,low,screen/focus/state ref mis-tagged as key,reclassify_verifier_or_navigate,False,True
ALTBASIC_CNT_003,doc/[THOR 2] ALT Basic Test Case_FULL.xlsx,press_key:1. 새 연락처 만들기 focus > Press Up,Press Up,NOW_RESOLVABLE,press_key:KEYCODE_DPAD_UP,19,high,single explicit key -> keycode 19,,False,True
ALTBASIC_CNT_004,doc/[THOR 2] ALT Basic Test Case_FULL.xlsx,press_key:1. 연락처 메뉴 focus > Press Right,연락처 메뉴 focus,NOT_A_KEY,(reclassify) 연락처 메뉴 focus,,low,screen/focus/state ref mis-tagged as key,reclassify_verifier_or_navigate,False,True
ALTBASIC_CNT_004,doc/[THOR 2] ALT Basic Test Case_FULL.xlsx,press_key:1. 연락처 메뉴 focus > Press Right,Press Right,NOW_RESOLVABLE,press_key:KEYCODE_DPAD_RIGHT,22,high,single explicit key -> keycode 22,,False,True
ALTBASIC_CNT_005,doc/[THOR 2] ALT Basic Test Case_FULL.xlsx,press_key:1. 연락처 추가하기 버튼(+) focus > Press Right,연락처 추가하기 버튼(+) focus,NOT_A_KEY,(reclassify) 연락처 추가하기 버튼(+) focus,,low,screen/focus/state ref mis-tagged as key,reclassify_verifier_or_navigate,False,True
ALTBASIC_CNT_005,doc/[THOR 2] ALT Basic Test Case_FULL.xlsx,press_key:1. 연락처 추가하기 버튼(+) focus > Press Right,Press Right,NOW_RESOLVABLE,press_key:KEYCODE_DPAD_RIGHT,22,high,single explicit key -> keycode 22,,False,True
ALTBASIC_CNT_006,doc/[THOR 2] ALT Basic Test Case_FULL.xlsx,"press_key:1. 메뉴, 연락처 추가하기, 검색 버튼 focus > Press Down","메뉴, 연락처 추가하기, 검색 버튼 focus",NOT_A_KEY,"(reclassify) 메뉴, 연락처 추가하기, 검색 버튼 focus",,low,screen/focus/state ref mis-tagged as key,reclassify_verifier_or_navigate,False,True
ALTBASIC_CNT_006,doc/[THOR 2] ALT Basic Test Case_FULL.xlsx,"press_key:1. 메뉴, 연락처 추가하기, 검색 버튼 focus > Press Down",Press Down,NOW_RESOLVABLE,press_key:KEYCODE_DPAD_DOWN,20,high,single explicit key -> keycode 20,,False,True
ALTBASIC_CNT_048,doc/[THOR 2] ALT Basic Test Case_FULL.xlsx,press_key:1. 사진 찍기 focus > Press Down,사진 찍기 focus,NOT_A_KEY,(reclassify) 사진 찍기 focus,,low,screen/focus/state ref mis-tagged as key,reclassify_verifier_or_navigate,False,True
ALTBASIC_CNT_048,doc/[THOR 2] ALT Basic Test Case_FULL.xlsx,press_key:1. 사진 찍기 focus > Press Down,Press Down,NOW_RESOLVABLE,press_key:KEYCODE_DPAD_DOWN,20,high,single explicit key -> keycode 20,,False,True
ALTBASIC_CNT_049,doc/[THOR 2] ALT Basic Test Case_FULL.xlsx,press_key:1. 사진 변경 focus > Press Down,사진 변경 focus,NOT_A_KEY,(reclassify) 사진 변경 focus,,low,screen/focus/state ref mis-tagged as key,reclassify_verifier_or_navigate,False,True
ALTBASIC_CNT_049,doc/[THOR 2] ALT Basic Test Case_FULL.xlsx,press_key:1. 사진 변경 focus > Press Down,Press Down,NOW_RESOLVABLE,press_key:KEYCODE_DPAD_DOWN,20,high,single explicit key -> keycode 20,,False,True
ALTBASIC_CNT_050,doc/[THOR 2] ALT Basic Test Case_FULL.xlsx,press_key:1. 이름 입력칸 focus > Press Right,이름 입력칸 focus,NOT_A_KEY,(reclassify) 이름 입력칸 focus,,low,screen/focus/state ref mis-tagged as key,reclassify_verifier_or_navigate,False,True
ALTBASIC_CNT_050,doc/[THOR 2] ALT Basic Test Case_FULL.xlsx,press_key:1. 이름 입력칸 focus > Press Right,Press Right,NOW_RESOLVABLE,press_key:KEYCODE_DPAD_RIGHT,22,high,single explicit key -> keycode 22,,False,True
ALTBASIC_CNT_053,doc/[THOR 2] ALT Basic Test Case_FULL.xlsx,press_key:1. 이름 입력칸 focus > Press Down,이름 입력칸 focus,NOT_A_KEY,(reclassify) 이름 입력칸 focus,,low,screen/focus/state ref mis-tagged as key,reclassify_verifier_or_navigate,False,True
ALTBASIC_CNT_053,doc/[THOR 2] ALT Basic Test Case_FULL.xlsx,press_key:1. 이름 입력칸 focus > Press Down,Press Down,NOW_RESOLVABLE,press_key:KEYCODE_DPAD_DOWN,20,high,single explicit key -> keycode 20,,False,True
ALTBASIC_CNT_054,doc/[THOR 2] ALT Basic Test Case_FULL.xlsx,press_key:1. 전화 번호 입력칸 focus > Press Down,전화 번호 입력칸 focus,NOT_A_KEY,(reclassify) 전화 번호 입력칸 focus,,low,screen/focus/state ref mis-tagged as key,reclassify_verifier_or_navigate,False,True
ALTBASIC_CNT_054,doc/[THOR 2] ALT Basic Test Case_FULL.xlsx,press_key:1. 전화 번호 입력칸 focus > Press Down,Press Down,NOW_RESOLVABLE,press_key:KEYCODE_DPAD_DOWN,20,high,single explicit key -> keycode 20,,False,True
ALTBASIC_CNT_055,doc/[THOR 2] ALT Basic Test Case_FULL.xlsx,press_key:1. 메일 입력칸 focus > Press Down,메일 입력칸 focus,NOT_A_KEY,(reclassify) 메일 입력칸 focus,,low,screen/focus/state ref mis-tagged as key,reclassify_verifier_or_navigate,False,True
ALTBASIC_CNT_055,doc/[THOR 2] ALT Basic Test Case_FULL.xlsx,press_key:1. 메일 입력칸 focus > Press Down,Press Down,NOW_RESOLVABLE,press_key:KEYCODE_DPAD_DOWN,20,high,single explicit key -> keycode 20,,False,True
ALTBASIC_CNT_057,doc/[THOR 2] ALT Basic Test Case_FULL.xlsx,press_key:1. Press Down,Press Down,NOW_RESOLVABLE,press_key:KEYCODE_DPAD_DOWN,20,high,single explicit key -> keycode 20,,True,True
ALTBASIC_CNT_065,doc/[THOR 2] ALT Basic Test Case_FULL.xlsx,press_key:그룹 만들기 텍스트 입력창 focus > Press Down,그룹 만들기 텍스트 입력창 focus,NOT_A_KEY,(reclassify) 그룹 만들기 텍스트 입력창 focus,,low,screen/focus/state ref mis-tagged as key,reclassify_verifier_or_navigate,False,True
ALTBASIC_CNT_065,doc/[THOR 2] ALT Basic Test Case_FULL.xlsx,press_key:그룹 만들기 텍스트 입력창 focus > Press Down,Press Down,NOW_RESOLVABLE,press_key:KEYCODE_DPAD_DOWN,20,high,single explicit key -> keycode 20,,False,True
ALTBASIC_CNT_068,doc/[THOR 2] ALT Basic Test Case_FULL.xlsx,press_key:메뉴 focus > Press Right,메뉴 focus,NOT_A_KEY,(reclassify) 메뉴 focus,,low,screen/focus/state ref mis-tagged as key,reclassify_verifier_or_navigate,False,True
ALTBASIC_CNT_068,doc/[THOR 2] ALT Basic Test Case_FULL.xlsx,press_key:메뉴 focus > Press Right,Press Right,NOW_RESOLVABLE,press_key:KEYCODE_DPAD_RIGHT,22,high,single explicit key -> keycode 22,,False,True
ALTBASIC_CNT_069,doc/[THOR 2] ALT Basic Test Case_FULL.xlsx,press_key:추가 focus > Press Right,추가 focus,NOT_A_KEY,(reclassify) 추가 focus,,low,screen/focus/state ref mis-tagged as key,reclassify_verifier_or_navigate,False,True
ALTBASIC_CNT_069,doc/[THOR 2] ALT Basic Test Case_FULL.xlsx,press_key:추가 focus > Press Right,Press Right,NOW_RESOLVABLE,press_key:KEYCODE_DPAD_RIGHT,22,high,single explicit key -> keycode 22,,False,True
ALTBASIC_CNT_070,doc/[THOR 2] ALT Basic Test Case_FULL.xlsx,"press_key:메뉴, 추가, 더보기 focus > Press Down","메뉴, 추가, 더보기 focus",NOT_A_KEY,"(reclassify) 메뉴, 추가, 더보기 focus",,low,screen/focus/state ref mis-tagged as key,reclassify_verifier_or_navigate,False,True
ALTBASIC_CNT_070,doc/[THOR 2] ALT Basic Test Case_FULL.xlsx,"press_key:메뉴, 추가, 더보기 focus > Press Down",Press Down,NOW_RESOLVABLE,press_key:KEYCODE_DPAD_DOWN,20,high,single explicit key -> keycode 20,,False,True
ALTBASIC_CNT_072,doc/[THOR 2] ALT Basic Test Case_FULL.xlsx,press_key:뒤로가기 focus > Press Right,뒤로가기 focus,NOT_A_KEY,(reclassify) 뒤로가기 focus,,low,screen/focus/state ref mis-tagged as key,reclassify_verifier_or_navigate,False,True
ALTBASIC_CNT_072,doc/[THOR 2] ALT Basic Test Case_FULL.xlsx,press_key:뒤로가기 focus > Press Right,Press Right,NOW_RESOLVABLE,press_key:KEYCODE_DPAD_RIGHT,22,high,single explicit key -> keycode 22,,False,True
ALTBASIC_CNT_077,doc/[THOR 2] ALT Basic Test Case_FULL.xlsx,press_key:1. 내 정보 focus > Press Up/Down,내 정보 focus,NOT_A_KEY,(reclassify) 내 정보 focus,,low,screen/focus/state ref mis-tagged as key,reclassify_verifier_or_navigate,False,True
ALTBASIC_CNT_077,doc/[THOR 2] ALT Basic Test Case_FULL.xlsx,press_key:1. 내 정보 focus > Press Up/Down,Press Up/Down,AMBIGUOUS_NOGUESS,press_key:?,,low,any/multi-key enumeration — test intent,spec_clarification,False,True
ALTBASIC_CNT_079,doc/[THOR 2] ALT Basic Test Case_FULL.xlsx,press_key:1. 내부 저장소 focus > Press Up,내부 저장소 focus,NOT_A_KEY,(reclassify) 내부 저장소 focus,,low,screen/focus/state ref mis-tagged as key,reclassify_verifier_or_navigate,False,True
ALTBASIC_CNT_079,doc/[THOR 2] ALT Basic Test Case_FULL.xlsx,press_key:1. 내부 저장소 focus > Press Up,Press Up,NOW_RESOLVABLE,press_key:KEYCODE_DPAD_UP,19,high,single explicit key -> keycode 19,,False,True
ALTBASIC_CAM_130,doc/[THOR 2] ALT Basic Test Case_FULL.xlsx,press_key:카메라 > 사진 > 아무 방향키,카메라,NOT_A_KEY,(reclassify) 카메라,,low,bare noun mis-tagged as key (no key signal),reclassify_verifier_or_navigate,False,True
ALTBASIC_CAM_130,doc/[THOR 2] ALT Basic Test Case_FULL.xlsx,press_key:카메라 > 사진 > 아무 방향키,사진,NOT_A_KEY,(reclassify) 사진,,low,bare noun mis-tagged as key (no key signal),reclassify_verifier_or_navigate,False,True
ALTBASIC_CAM_130,doc/[THOR 2] ALT Basic Test Case_FULL.xlsx,press_key:카메라 > 사진 > 아무 방향키,아무 방향키,AMBIGUOUS_NOGUESS,press_key:?,,low,any/multi-key enumeration — test intent,spec_clarification,False,True
ALTBASIC_CAM_131,doc/[THOR 2] ALT Basic Test Case_FULL.xlsx,press_key:카메라 > 사진 > 아무 방향키 > press_key:UP 방향키,카메라,NOT_A_KEY,(reclassify) 카메라,,low,bare noun mis-tagged as key (no key signal),reclassify_verifier_or_navigate,False,True
ALTBASIC_CAM_131,doc/[THOR 2] ALT Basic Test Case_FULL.xlsx,press_key:카메라 > 사진 > 아무 방향키 > press_key:UP 방향키,사진,NOT_A_KEY,(reclassify) 사진,,low,bare noun mis-tagged as key (no key signal),reclassify_verifier_or_navigate,False,True
ALTBASIC_CAM_131,doc/[THOR 2] ALT Basic Test Case_FULL.xlsx,press_key:카메라 > 사진 > 아무 방향키 > press_key:UP 방향키,아무 방향키,AMBIGUOUS_NOGUESS,press_key:?,,low,any/multi-key enumeration — test intent,spec_clarification,False,True
ALTBASIC_CAM_131,doc/[THOR 2] ALT Basic Test Case_FULL.xlsx,press_key:카메라 > 사진 > 아무 방향키 > press_key:UP 방향키,UP 방향키,NOW_RESOLVABLE,press_key:KEYCODE_DPAD_UP,19,high,single explicit key -> keycode 19,,False,True
ALTBASIC_CAM_132,doc/[THOR 2] ALT Basic Test Case_FULL.xlsx,navigate:카메라 > 사진 > 아무 방향키 > press_key:UP 방향키 > press_key:UP방향키,카메라,FREE_TEXT_DISCOVERY,navigate:<카메라>,,low,navigate target needs a selector,device_selector_discovery,False,True
ALTBASIC_CAM_132,doc/[THOR 2] ALT Basic Test Case_FULL.xlsx,navigate:카메라 > 사진 > 아무 방향키 > press_key:UP 방향키 > press_key:UP방향키,사진,NOT_A_KEY,(reclassify) 사진,,low,bare noun mis-tagged as key (no key signal),reclassify_verifier_or_navigate,False,True
ALTBASIC_CAM_132,doc/[THOR 2] ALT Basic Test Case_FULL.xlsx,navigate:카메라 > 사진 > 아무 방향키 > press_key:UP 방향키 > press_key:UP방향키,아무 방향키,AMBIGUOUS_NOGUESS,press_key:?,,low,any/multi-key enumeration — test intent,spec_clarification,False,True
ALTBASIC_CAM_132,doc/[THOR 2] ALT Basic Test Case_FULL.xlsx,navigate:카메라 > 사진 > 아무 방향키 > press_key:UP 방향키 > press_key:UP방향키,UP 방향키,NOW_RESOLVABLE,press_key:KEYCODE_DPAD_UP,19,high,single explicit key -> keycode 19,,False,True
ALTBASIC_CAM_132,doc/[THOR 2] ALT Basic Test Case_FULL.xlsx,navigate:카메라 > 사진 > 아무 방향키 > press_key:UP 방향키 > press_key:UP방향키,UP방향키,NOW_RESOLVABLE,press_key:KEYCODE_DPAD_UP,19,high,single explicit key -> keycode 19,,False,True
ALTBASIC_CAM_133,doc/[THOR 2] ALT Basic Test Case_FULL.xlsx,navigate:카메라 > 사진 > 아무 방향키 > press_key:UP 방향키 > press_key:UP방향키 > press_key:UP 방향키,카메라,FREE_TEXT_DISCOVERY,navigate:<카메라>,,low,navigate target needs a selector,device_selector_discovery,False,True
ALTBASIC_CAM_133,doc/[THOR 2] ALT Basic Test Case_FULL.xlsx,navigate:카메라 > 사진 > 아무 방향키 > press_key:UP 방향키 > press_key:UP방향키 > press_key:UP 방향키,사진,NOT_A_KEY,(reclassify) 사진,,low,bare noun mis-tagged as key (no key signal),reclassify_verifier_or_navigate,False,True
ALTBASIC_CAM_133,doc/[THOR 2] ALT Basic Test Case_FULL.xlsx,navigate:카메라 > 사진 > 아무 방향키 > press_key:UP 방향키 > press_key:UP방향키 > press_key:UP 방향키,아무 방향키,AMBIGUOUS_NOGUESS,press_key:?,,low,any/multi-key enumeration — test intent,spec_clarification,False,True
ALTBASIC_CAM_133,doc/[THOR 2] ALT Basic Test Case_FULL.xlsx,navigate:카메라 > 사진 > 아무 방향키 > press_key:UP 방향키 > press_key:UP방향키 > press_key:UP 방향키,UP 방향키,NOW_RESOLVABLE,press_key:KEYCODE_DPAD_UP,19,high,single explicit key -> keycode 19,,False,True
ALTBASIC_CAM_133,doc/[THOR 2] ALT Basic Test Case_FULL.xlsx,navigate:카메라 > 사진 > 아무 방향키 > press_key:UP 방향키 > press_key:UP방향키 > press_key:UP 방향키,UP방향키,NOW_RESOLVABLE,press_key:KEYCODE_DPAD_UP,19,high,single explicit key -> keycode 19,,False,True
ALTBASIC_CAM_133,doc/[THOR 2] ALT Basic Test Case_FULL.xlsx,navigate:카메라 > 사진 > 아무 방향키 > press_key:UP 방향키 > press_key:UP방향키 > press_key:UP 방향키,UP 방향키,NOW_RESOLVABLE,press_key:KEYCODE_DPAD_UP,19,high,single explicit key -> keycode 19,,False,True
ALTBASIC_CAM_134,doc/[THOR 2] ALT Basic Test Case_FULL.xlsx,navigate:카메라 > 사진 > 아무 방향키 > press_key:UP 방향키 > press_key:UP방향키 > press_key:UP 방향키 > press_key:Right 방향키,카메라,FREE_TEXT_DISCOVERY,navigate:<카메라>,,low,navigate target needs a selector,device_selector_discovery,False,True
ALTBASIC_CAM_134,doc/[THOR 2] ALT Basic Test Case_FULL.xlsx,navigate:카메라 > 사진 > 아무 방향키 > press_key:UP 방향키 > press_key:UP방향키 > press_key:UP 방향키 > press_key:Right 방향키,사진,NOT_A_KEY,(reclassify) 사진,,low,bare noun mis-tagged as key (no key signal),reclassify_verifier_or_navigate,False,True
ALTBASIC_CAM_134,doc/[THOR 2] ALT Basic Test Case_FULL.xlsx,navigate:카메라 > 사진 > 아무 방향키 > press_key:UP 방향키 > press_key:UP방향키 > press_key:UP 방향키 > press_key:Right 방향키,아무 방향키,AMBIGUOUS_NOGUESS,press_key:?,,low,any/multi-key enumeration — test intent,spec_clarification,False,True
ALTBASIC_CAM_134,doc/[THOR 2] ALT Basic Test Case_FULL.xlsx,navigate:카메라 > 사진 > 아무 방향키 > press_key:UP 방향키 > press_key:UP방향키 > press_key:UP 방향키 > press_key:Right 방향키,UP 방향키,NOW_RESOLVABLE,press_key:KEYCODE_DPAD_UP,19,high,single explicit key -> keycode 19,,False,True
ALTBASIC_CAM_134,doc/[THOR 2] ALT Basic Test Case_FULL.xlsx,navigate:카메라 > 사진 > 아무 방향키 > press_key:UP 방향키 > press_key:UP방향키 > press_key:UP 방향키 > press_key:Right 방향키,UP방향키,NOW_RESOLVABLE,press_key:KEYCODE_DPAD_UP,19,high,single explicit key -> keycode 19,,False,True
ALTBASIC_CAM_134,doc/[THOR 2] ALT Basic Test Case_FULL.xlsx,navigate:카메라 > 사진 > 아무 방향키 > press_key:UP 방향키 > press_key:UP방향키 > press_key:UP 방향키 > press_key:Right 방향키,UP 방향키,NOW_RESOLVABLE,press_key:KEYCODE_DPAD_UP,19,high,single explicit key -> keycode 19,,False,True
ALTBASIC_CAM_134,doc/[THOR 2] ALT Basic Test Case_FULL.xlsx,navigate:카메라 > 사진 > 아무 방향키 > press_key:UP 방향키 > press_key:UP방향키 > press_key:UP 방향키 > press_key:Right 방향키,Right 방향키,NOW_RESOLVABLE,press_key:KEYCODE_DPAD_RIGHT,22,high,single explicit key -> keycode 22,,False,True
ALTBASIC_CAM_135,doc/[THOR 2] ALT Basic Test Case_FULL.xlsx,navigate:카메라 > 사진 > 아무 방향키 > press_key:UP 방향키 > press_key:UP방향키 > press_key:UP방향키,카메라,FREE_TEXT_DISCOVERY,navigate:<카메라>,,low,navigate target needs a selector,device_selector_discovery,False,True
ALTBASIC_CAM_135,doc/[THOR 2] ALT Basic Test Case_FULL.xlsx,navigate:카메라 > 사진 > 아무 방향키 > press_key:UP 방향키 > press_key:UP방향키 > press_key:UP방향키,사진,NOT_A_KEY,(reclassify) 사진,,low,bare noun mis-tagged as key (no key signal),reclassify_verifier_or_navigate,False,True
ALTBASIC_CAM_135,doc/[THOR 2] ALT Basic Test Case_FULL.xlsx,navigate:카메라 > 사진 > 아무 방향키 > press_key:UP 방향키 > press_key:UP방향키 > press_key:UP방향키,아무 방향키,AMBIGUOUS_NOGUESS,press_key:?,,low,any/multi-key enumeration — test intent,spec_clarification,False,True
ALTBASIC_CAM_135,doc/[THOR 2] ALT Basic Test Case_FULL.xlsx,navigate:카메라 > 사진 > 아무 방향키 > press_key:UP 방향키 > press_key:UP방향키 > press_key:UP방향키,UP 방향키,NOW_RESOLVABLE,press_key:KEYCODE_DPAD_UP,19,high,single explicit key -> keycode 19,,False,True
ALTBASIC_CAM_135,doc/[THOR 2] ALT Basic Test Case_FULL.xlsx,navigate:카메라 > 사진 > 아무 방향키 > press_key:UP 방향키 > press_key:UP방향키 > press_key:UP방향키,UP방향키,NOW_RESOLVABLE,press_key:KEYCODE_DPAD_UP,19,high,single explicit key -> keycode 19,,False,True
ALTBASIC_CAM_135,doc/[THOR 2] ALT Basic Test Case_FULL.xlsx,navigate:카메라 > 사진 > 아무 방향키 > press_key:UP 방향키 > press_key:UP방향키 > press_key:UP방향키,UP방향키,NOW_RESOLVABLE,press_key:KEYCODE_DPAD_UP,19,high,single explicit key -> keycode 19,,False,True
ALTBASIC_CAM_136,doc/[THOR 2] ALT Basic Test Case_FULL.xlsx,navigate:카메라 > 사진 > 아무 방향키 > press_key:UP 방향키 > press_key:UP방향키 > press_key:UP방향키 > press_key:Right 방향키,카메라,FREE_TEXT_DISCOVERY,navigate:<카메라>,,low,navigate target needs a selector,device_selector_discovery,False,True
ALTBASIC_CAM_136,doc/[THOR 2] ALT Basic Test Case_FULL.xlsx,navigate:카메라 > 사진 > 아무 방향키 > press_key:UP 방향키 > press_key:UP방향키 > press_key:UP방향키 > press_key:Right 방향키,사진,NOT_A_KEY,(reclassify) 사진,,low,bare noun mis-tagged as key (no key signal),reclassify_verifier_or_navigate,False,True
ALTBASIC_CAM_136,doc/[THOR 2] ALT Basic Test Case_FULL.xlsx,navigate:카메라 > 사진 > 아무 방향키 > press_key:UP 방향키 > press_key:UP방향키 > press_key:UP방향키 > press_key:Right 방향키,아무 방향키,AMBIGUOUS_NOGUESS,press_key:?,,low,any/multi-key enumeration — test intent,spec_clarification,False,True
ALTBASIC_CAM_136,doc/[THOR 2] ALT Basic Test Case_FULL.xlsx,navigate:카메라 > 사진 > 아무 방향키 > press_key:UP 방향키 > press_key:UP방향키 > press_key:UP방향키 > press_key:Right 방향키,UP 방향키,NOW_RESOLVABLE,press_key:KEYCODE_DPAD_UP,19,high,single explicit key -> keycode 19,,False,True
ALTBASIC_CAM_136,doc/[THOR 2] ALT Basic Test Case_FULL.xlsx,navigate:카메라 > 사진 > 아무 방향키 > press_key:UP 방향키 > press_key:UP방향키 > press_key:UP방향키 > press_key:Right 방향키,UP방향키,NOW_RESOLVABLE,press_key:KEYCODE_DPAD_UP,19,high,single explicit key -> keycode 19,,False,True
ALTBASIC_CAM_136,doc/[THOR 2] ALT Basic Test Case_FULL.xlsx,navigate:카메라 > 사진 > 아무 방향키 > press_key:UP 방향키 > press_key:UP방향키 > press_key:UP방향키 > press_key:Right 방향키,UP방향키,NOW_RESOLVABLE,press_key:KEYCODE_DPAD_UP,19,high,single explicit key -> keycode 19,,False,True
ALTBASIC_CAM_136,doc/[THOR 2] ALT Basic Test Case_FULL.xlsx,navigate:카메라 > 사진 > 아무 방향키 > press_key:UP 방향키 > press_key:UP방향키 > press_key:UP방향키 > press_key:Right 방향키,Right 방향키,NOW_RESOLVABLE,press_key:KEYCODE_DPAD_RIGHT,22,high,single explicit key -> keycode 22,,False,True
ALTBASIC_CAM_137,doc/[THOR 2] ALT Basic Test Case_FULL.xlsx,navigate:카메라 > 사진 > 아무 방향키 > press_key:UP 방향키 > press_key:UP방향키 > press_key:UP방향키 > press_key:Right 방향키 > press_key:Down 방향키,카메라,FREE_TEXT_DISCOVERY,navigate:<카메라>,,low,navigate target needs a selector,device_selector_discovery,False,True
ALTBASIC_CAM_137,doc/[THOR 2] ALT Basic Test Case_FULL.xlsx,navigate:카메라 > 사진 > 아무 방향키 > press_key:UP 방향키 > press_key:UP방향키 > press_key:UP방향키 > press_key:Right 방향키 > press_key:Down 방향키,사진,NOT_A_KEY,(reclassify) 사진,,low,bare noun mis-tagged as key (no key signal),reclassify_verifier_or_navigate,False,True
ALTBASIC_CAM_137,doc/[THOR 2] ALT Basic Test Case_FULL.xlsx,navigate:카메라 > 사진 > 아무 방향키 > press_key:UP 방향키 > press_key:UP방향키 > press_key:UP방향키 > press_key:Right 방향키 > press_key:Down 방향키,아무 방향키,AMBIGUOUS_NOGUESS,press_key:?,,low,any/multi-key enumeration — test intent,spec_clarification,False,True
ALTBASIC_CAM_137,doc/[THOR 2] ALT Basic Test Case_FULL.xlsx,navigate:카메라 > 사진 > 아무 방향키 > press_key:UP 방향키 > press_key:UP방향키 > press_key:UP방향키 > press_key:Right 방향키 > press_key:Down 방향키,UP 방향키,NOW_RESOLVABLE,press_key:KEYCODE_DPAD_UP,19,high,single explicit key -> keycode 19,,False,True
ALTBASIC_CAM_137,doc/[THOR 2] ALT Basic Test Case_FULL.xlsx,navigate:카메라 > 사진 > 아무 방향키 > press_key:UP 방향키 > press_key:UP방향키 > press_key:UP방향키 > press_key:Right 방향키 > press_key:Down 방향키,UP방향키,NOW_RESOLVABLE,press_key:KEYCODE_DPAD_UP,19,high,single explicit key -> keycode 19,,False,True
ALTBASIC_CAM_137,doc/[THOR 2] ALT Basic Test Case_FULL.xlsx,navigate:카메라 > 사진 > 아무 방향키 > press_key:UP 방향키 > press_key:UP방향키 > press_key:UP방향키 > press_key:Right 방향키 > press_key:Down 방향키,UP방향키,NOW_RESOLVABLE,press_key:KEYCODE_DPAD_UP,19,high,single explicit key -> keycode 19,,False,True
ALTBASIC_CAM_137,doc/[THOR 2] ALT Basic Test Case_FULL.xlsx,navigate:카메라 > 사진 > 아무 방향키 > press_key:UP 방향키 > press_key:UP방향키 > press_key:UP방향키 > press_key:Right 방향키 > press_key:Down 방향키,Right 방향키,NOW_RESOLVABLE,press_key:KEYCODE_DPAD_RIGHT,22,high,single explicit key -> keycode 22,,False,True
ALTBASIC_CAM_137,doc/[THOR 2] ALT Basic Test Case_FULL.xlsx,navigate:카메라 > 사진 > 아무 방향키 > press_key:UP 방향키 > press_key:UP방향키 > press_key:UP방향키 > press_key:Right 방향키 > press_key:Down 방향키,Down 방향키,NOW_RESOLVABLE,press_key:KEYCODE_DPAD_DOWN,20,high,single explicit key -> keycode 20,,False,True
ALTBASIC_CAM_146,doc/[THOR 2] ALT Basic Test Case_FULL.xlsx,navigate:카메라 > 사진 > 아무 방향키 > press_key:UP 방향키,카메라,FREE_TEXT_DISCOVERY,navigate:<카메라>,,low,navigate target needs a selector,device_selector_discovery,False,True
ALTBASIC_CAM_146,doc/[THOR 2] ALT Basic Test Case_FULL.xlsx,navigate:카메라 > 사진 > 아무 방향키 > press_key:UP 방향키,사진,NOT_A_KEY,(reclassify) 사진,,low,bare noun mis-tagged as key (no key signal),reclassify_verifier_or_navigate,False,True
ALTBASIC_CAM_146,doc/[THOR 2] ALT Basic Test Case_FULL.xlsx,navigate:카메라 > 사진 > 아무 방향키 > press_key:UP 방향키,아무 방향키,AMBIGUOUS_NOGUESS,press_key:?,,low,any/multi-key enumeration — test intent,spec_clarification,False,True
ALTBASIC_CAM_146,doc/[THOR 2] ALT Basic Test Case_FULL.xlsx,navigate:카메라 > 사진 > 아무 방향키 > press_key:UP 방향키,UP 방향키,NOW_RESOLVABLE,press_key:KEYCODE_DPAD_UP,19,high,single explicit key -> keycode 19,,False,True
ALTBASIC_CAM_147,doc/[THOR 2] ALT Basic Test Case_FULL.xlsx,navigate:카메라 > 사진 > 아무 방향키 > press_key:UP 방향키 > press_key:Right 방향키,카메라,FREE_TEXT_DISCOVERY,navigate:<카메라>,,low,navigate target needs a selector,device_selector_discovery,False,True
ALTBASIC_CAM_147,doc/[THOR 2] ALT Basic Test Case_FULL.xlsx,navigate:카메라 > 사진 > 아무 방향키 > press_key:UP 방향키 > press_key:Right 방향키,사진,NOT_A_KEY,(reclassify) 사진,,low,bare noun mis-tagged as key (no key signal),reclassify_verifier_or_navigate,False,True
ALTBASIC_CAM_147,doc/[THOR 2] ALT Basic Test Case_FULL.xlsx,navigate:카메라 > 사진 > 아무 방향키 > press_key:UP 방향키 > press_key:Right 방향키,아무 방향키,AMBIGUOUS_NOGUESS,press_key:?,,low,any/multi-key enumeration — test intent,spec_clarification,False,True
ALTBASIC_CAM_147,doc/[THOR 2] ALT Basic Test Case_FULL.xlsx,navigate:카메라 > 사진 > 아무 방향키 > press_key:UP 방향키 > press_key:Right 방향키,UP 방향키,NOW_RESOLVABLE,press_key:KEYCODE_DPAD_UP,19,high,single explicit key -> keycode 19,,False,True
ALTBASIC_CAM_147,doc/[THOR 2] ALT Basic Test Case_FULL.xlsx,navigate:카메라 > 사진 > 아무 방향키 > press_key:UP 방향키 > press_key:Right 방향키,Right 방향키,NOW_RESOLVABLE,press_key:KEYCODE_DPAD_RIGHT,22,high,single explicit key -> keycode 22,,False,True
ALTBASIC_CAM_157,doc/[THOR 2] ALT Basic Test Case_FULL.xlsx,navigate:카메라 > 사진 > 아무 방향키,카메라,FREE_TEXT_DISCOVERY,navigate:<카메라>,,low,navigate target needs a selector,device_selector_discovery,False,True
ALTBASIC_CAM_157,doc/[THOR 2] ALT Basic Test Case_FULL.xlsx,navigate:카메라 > 사진 > 아무 방향키,사진,NOT_A_KEY,(reclassify) 사진,,low,bare noun mis-tagged as key (no key signal),reclassify_verifier_or_navigate,False,True
ALTBASIC_CAM_157,doc/[THOR 2] ALT Basic Test Case_FULL.xlsx,navigate:카메라 > 사진 > 아무 방향키,아무 방향키,AMBIGUOUS_NOGUESS,press_key:?,,low,any/multi-key enumeration — test intent,spec_clarification,False,True
ALTBASIC_CAM_158,doc/[THOR 2] ALT Basic Test Case_FULL.xlsx,navigate:카메라 > 사진 > 아무 방향키 > press_key:Left 방향키 > press_key:UP방향키,카메라,FREE_TEXT_DISCOVERY,navigate:<카메라>,,low,navigate target needs a selector,device_selector_discovery,False,True
ALTBASIC_CAM_158,doc/[THOR 2] ALT Basic Test Case_FULL.xlsx,navigate:카메라 > 사진 > 아무 방향키 > press_key:Left 방향키 > press_key:UP방향키,사진,NOT_A_KEY,(reclassify) 사진,,low,bare noun mis-tagged as key (no key signal),reclassify_verifier_or_navigate,False,True
ALTBASIC_CAM_158,doc/[THOR 2] ALT Basic Test Case_FULL.xlsx,navigate:카메라 > 사진 > 아무 방향키 > press_key:Left 방향키 > press_key:UP방향키,아무 방향키,AMBIGUOUS_NOGUESS,press_key:?,,low,any/multi-key enumeration — test intent,spec_clarification,False,True
ALTBASIC_CAM_158,doc/[THOR 2] ALT Basic Test Case_FULL.xlsx,navigate:카메라 > 사진 > 아무 방향키 > press_key:Left 방향키 > press_key:UP방향키,Left 방향키,NOW_RESOLVABLE,press_key:KEYCODE_DPAD_LEFT,21,high,single explicit key -> keycode 21,,False,True
ALTBASIC_CAM_158,doc/[THOR 2] ALT Basic Test Case_FULL.xlsx,navigate:카메라 > 사진 > 아무 방향키 > press_key:Left 방향키 > press_key:UP방향키,UP방향키,NOW_RESOLVABLE,press_key:KEYCODE_DPAD_UP,19,high,single explicit key -> keycode 19,,False,True
ALTBASIC_CAM_163,doc/[THOR 2] ALT Basic Test Case_FULL.xlsx,navigate:카메라 > 사진 > 아무 방향키 > press_key:Up 방향키,카메라,FREE_TEXT_DISCOVERY,navigate:<카메라>,,low,navigate target needs a selector,device_selector_discovery,False,True
ALTBASIC_CAM_163,doc/[THOR 2] ALT Basic Test Case_FULL.xlsx,navigate:카메라 > 사진 > 아무 방향키 > press_key:Up 방향키,사진,NOT_A_KEY,(reclassify) 사진,,low,bare noun mis-tagged as key (no key signal),reclassify_verifier_or_navigate,False,True
ALTBASIC_CAM_163,doc/[THOR 2] ALT Basic Test Case_FULL.xlsx,navigate:카메라 > 사진 > 아무 방향키 > press_key:Up 방향키,아무 방향키,AMBIGUOUS_NOGUESS,press_key:?,,low,any/multi-key enumeration — test intent,spec_clarification,False,True
ALTBASIC_CAM_163,doc/[THOR 2] ALT Basic Test Case_FULL.xlsx,navigate:카메라 > 사진 > 아무 방향키 > press_key:Up 방향키,Up 방향키,NOW_RESOLVABLE,press_key:KEYCODE_DPAD_UP,19,high,single explicit key -> keycode 19,,False,True
ALTBASIC_CAM_164,doc/[THOR 2] ALT Basic Test Case_FULL.xlsx,navigate:카메라 > 사진 > 아무 방향키 > press_key:Left 방향키,카메라,FREE_TEXT_DISCOVERY,navigate:<카메라>,,low,navigate target needs a selector,device_selector_discovery,False,True
ALTBASIC_CAM_164,doc/[THOR 2] ALT Basic Test Case_FULL.xlsx,navigate:카메라 > 사진 > 아무 방향키 > press_key:Left 방향키,사진,NOT_A_KEY,(reclassify) 사진,,low,bare noun mis-tagged as key (no key signal),reclassify_verifier_or_navigate,False,True
ALTBASIC_CAM_164,doc/[THOR 2] ALT Basic Test Case_FULL.xlsx,navigate:카메라 > 사진 > 아무 방향키 > press_key:Left 방향키,아무 방향키,AMBIGUOUS_NOGUESS,press_key:?,,low,any/multi-key enumeration — test intent,spec_clarification,False,True
ALTBASIC_CAM_164,doc/[THOR 2] ALT Basic Test Case_FULL.xlsx,navigate:카메라 > 사진 > 아무 방향키 > press_key:Left 방향키,Left 방향키,NOW_RESOLVABLE,press_key:KEYCODE_DPAD_LEFT,21,high,single explicit key -> keycode 21,,False,True
ALTBASIC_CAM_166,doc/[THOR 2] ALT Basic Test Case_FULL.xlsx,navigate:카메라 > 사진 > 아무 방향키 > press_key:Left 방향키 > press_key:Left 방향키,카메라,FREE_TEXT_DISCOVERY,navigate:<카메라>,,low,navigate target needs a selector,device_selector_discovery,False,True
ALTBASIC_CAM_166,doc/[THOR 2] ALT Basic Test Case_FULL.xlsx,navigate:카메라 > 사진 > 아무 방향키 > press_key:Left 방향키 > press_key:Left 방향키,사진,NOT_A_KEY,(reclassify) 사진,,low,bare noun mis-tagged as key (no key signal),reclassify_verifier_or_navigate,False,True
ALTBASIC_CAM_166,doc/[THOR 2] ALT Basic Test Case_FULL.xlsx,navigate:카메라 > 사진 > 아무 방향키 > press_key:Left 방향키 > press_key:Left 방향키,아무 방향키,AMBIGUOUS_NOGUESS,press_key:?,,low,any/multi-key enumeration — test intent,spec_clarification,False,True
ALTBASIC_CAM_166,doc/[THOR 2] ALT Basic Test Case_FULL.xlsx,navigate:카메라 > 사진 > 아무 방향키 > press_key:Left 방향키 > press_key:Left 방향키,Left 방향키,NOW_RESOLVABLE,press_key:KEYCODE_DPAD_LEFT,21,high,single explicit key -> keycode 21,,False,True
ALTBASIC_CAM_166,doc/[THOR 2] ALT Basic Test Case_FULL.xlsx,navigate:카메라 > 사진 > 아무 방향키 > press_key:Left 방향키 > press_key:Left 방향키,Left 방향키,NOW_RESOLVABLE,press_key:KEYCODE_DPAD_LEFT,21,high,single explicit key -> keycode 21,,False,True
ALTBASIC_CAM_167,doc/[THOR 2] ALT Basic Test Case_FULL.xlsx,navigate:카메라 > 사진 > 아무 방향키 > press_key:Left 방향키 > press_key:Left 방향키 > press_key:UP 방향키,카메라,FREE_TEXT_DISCOVERY,navigate:<카메라>,,low,navigate target needs a selector,device_selector_discovery,False,True
ALTBASIC_CAM_167,doc/[THOR 2] ALT Basic Test Case_FULL.xlsx,navigate:카메라 > 사진 > 아무 방향키 > press_key:Left 방향키 > press_key:Left 방향키 > press_key:UP 방향키,사진,NOT_A_KEY,(reclassify) 사진,,low,bare noun mis-tagged as key (no key signal),reclassify_verifier_or_navigate,False,True
ALTBASIC_CAM_167,doc/[THOR 2] ALT Basic Test Case_FULL.xlsx,navigate:카메라 > 사진 > 아무 방향키 > press_key:Left 방향키 > press_key:Left 방향키 > press_key:UP 방향키,아무 방향키,AMBIGUOUS_NOGUESS,press_key:?,,low,any/multi-key enumeration — test intent,spec_clarification,False,True
ALTBASIC_CAM_167,doc/[THOR 2] ALT Basic Test Case_FULL.xlsx,navigate:카메라 > 사진 > 아무 방향키 > press_key:Left 방향키 > press_key:Left 방향키 > press_key:UP 방향키,Left 방향키,NOW_RESOLVABLE,press_key:KEYCODE_DPAD_LEFT,21,high,single explicit key -> keycode 21,,False,True
ALTBASIC_CAM_167,doc/[THOR 2] ALT Basic Test Case_FULL.xlsx,navigate:카메라 > 사진 > 아무 방향키 > press_key:Left 방향키 > press_key:Left 방향키 > press_key:UP 방향키,Left 방향키,NOW_RESOLVABLE,press_key:KEYCODE_DPAD_LEFT,21,high,single explicit key -> keycode 21,,False,True
ALTBASIC_CAM_167,doc/[THOR 2] ALT Basic Test Case_FULL.xlsx,navigate:카메라 > 사진 > 아무 방향키 > press_key:Left 방향키 > press_key:Left 방향키 > press_key:UP 방향키,UP 방향키,NOW_RESOLVABLE,press_key:KEYCODE_DPAD_UP,19,high,single explicit key -> keycode 19,,False,True
ALTBASIC_CAM_174,doc/[THOR 2] ALT Basic Test Case_FULL.xlsx,navigate:카메라 > 사진 > 아무 방향키 > press_key:Left 방향키 > press_key:Left 방향키 > press_key:Left 방향키,카메라,FREE_TEXT_DISCOVERY,navigate:<카메라>,,low,navigate target needs a selector,device_selector_discovery,False,True
ALTBASIC_CAM_174,doc/[THOR 2] ALT Basic Test Case_FULL.xlsx,navigate:카메라 > 사진 > 아무 방향키 > press_key:Left 방향키 > press_key:Left 방향키 > press_key:Left 방향키,사진,NOT_A_KEY,(reclassify) 사진,,low,bare noun mis-tagged as key (no key signal),reclassify_verifier_or_navigate,False,True
ALTBASIC_CAM_174,doc/[THOR 2] ALT Basic Test Case_FULL.xlsx,navigate:카메라 > 사진 > 아무 방향키 > press_key:Left 방향키 > press_key:Left 방향키 > press_key:Left 방향키,아무 방향키,AMBIGUOUS_NOGUESS,press_key:?,,low,any/multi-key enumeration — test intent,spec_clarification,False,True
ALTBASIC_CAM_174,doc/[THOR 2] ALT Basic Test Case_FULL.xlsx,navigate:카메라 > 사진 > 아무 방향키 > press_key:Left 방향키 > press_key:Left 방향키 > press_key:Left 방향키,Left 방향키,NOW_RESOLVABLE,press_key:KEYCODE_DPAD_LEFT,21,high,single explicit key -> keycode 21,,False,True
ALTBASIC_CAM_174,doc/[THOR 2] ALT Basic Test Case_FULL.xlsx,navigate:카메라 > 사진 > 아무 방향키 > press_key:Left 방향키 > press_key:Left 방향키 > press_key:Left 방향키,Left 방향키,NOW_RESOLVABLE,press_key:KEYCODE_DPAD_LEFT,21,high,single explicit key -> keycode 21,,False,True
ALTBASIC_CAM_174,doc/[THOR 2] ALT Basic Test Case_FULL.xlsx,navigate:카메라 > 사진 > 아무 방향키 > press_key:Left 방향키 > press_key:Left 방향키 > press_key:Left 방향키,Left 방향키,NOW_RESOLVABLE,press_key:KEYCODE_DPAD_LEFT,21,high,single explicit key -> keycode 21,,False,True
ALTBASIC_CAM_175,doc/[THOR 2] ALT Basic Test Case_FULL.xlsx,navigate:카메라 > 사진 > 아무 방향키 > press_key:Left 방향키 > press_key:Left 방향키 > press_key:Left 방향키 > press_key:Down 방향키,카메라,FREE_TEXT_DISCOVERY,navigate:<카메라>,,low,navigate target needs a selector,device_selector_discovery,False,True
ALTBASIC_CAM_175,doc/[THOR 2] ALT Basic Test Case_FULL.xlsx,navigate:카메라 > 사진 > 아무 방향키 > press_key:Left 방향키 > press_key:Left 방향키 > press_key:Left 방향키 > press_key:Down 방향키,사진,NOT_A_KEY,(reclassify) 사진,,low,bare noun mis-tagged as key (no key signal),reclassify_verifier_or_navigate,False,True
ALTBASIC_CAM_175,doc/[THOR 2] ALT Basic Test Case_FULL.xlsx,navigate:카메라 > 사진 > 아무 방향키 > press_key:Left 방향키 > press_key:Left 방향키 > press_key:Left 방향키 > press_key:Down 방향키,아무 방향키,AMBIGUOUS_NOGUESS,press_key:?,,low,any/multi-key enumeration — test intent,spec_clarification,False,True
ALTBASIC_CAM_175,doc/[THOR 2] ALT Basic Test Case_FULL.xlsx,navigate:카메라 > 사진 > 아무 방향키 > press_key:Left 방향키 > press_key:Left 방향키 > press_key:Left 방향키 > press_key:Down 방향키,Left 방향키,NOW_RESOLVABLE,press_key:KEYCODE_DPAD_LEFT,21,high,single explicit key -> keycode 21,,False,True
ALTBASIC_CAM_175,doc/[THOR 2] ALT Basic Test Case_FULL.xlsx,navigate:카메라 > 사진 > 아무 방향키 > press_key:Left 방향키 > press_key:Left 방향키 > press_key:Left 방향키 > press_key:Down 방향키,Left 방향키,NOW_RESOLVABLE,press_key:KEYCODE_DPAD_LEFT,21,high,single explicit key -> keycode 21,,False,True
ALTBASIC_CAM_175,doc/[THOR 2] ALT Basic Test Case_FULL.xlsx,navigate:카메라 > 사진 > 아무 방향키 > press_key:Left 방향키 > press_key:Left 방향키 > press_key:Left 방향키 > press_key:Down 방향키,Left 방향키,NOW_RESOLVABLE,press_key:KEYCODE_DPAD_LEFT,21,high,single explicit key -> keycode 21,,False,True
ALTBASIC_CAM_175,doc/[THOR 2] ALT Basic Test Case_FULL.xlsx,navigate:카메라 > 사진 > 아무 방향키 > press_key:Left 방향키 > press_key:Left 방향키 > press_key:Left 방향키 > press_key:Down 방향키,Down 방향키,NOW_RESOLVABLE,press_key:KEYCODE_DPAD_DOWN,20,high,single explicit key -> keycode 20,,False,True
ALTBASIC_CLK_001,doc/[THOR 2] ALT Basic Test Case_FULL.xlsx,press_key:시계 > Press Any Direction,시계,NOT_A_KEY,(reclassify) 시계,,low,bare noun mis-tagged as key (no key signal),reclassify_verifier_or_navigate,False,True
ALTBASIC_CLK_001,doc/[THOR 2] ALT Basic Test Case_FULL.xlsx,press_key:시계 > Press Any Direction,Press Any Direction,AMBIGUOUS_NOGUESS,press_key:?,,low,any/multi-key enumeration — test intent,spec_clarification,False,True
ALTBASIC_CLK_002,doc/[THOR 2] ALT Basic Test Case_FULL.xlsx,press_key:알람 탭 내 임의의 위치에 포커스 > Keep Press Up,알람 탭 내 임의의 위치에 포커스,NOT_A_KEY,(reclassify) 알람 탭 내 임의의 위치에 포커스,,low,bare noun mis-tagged as key (no key signal),reclassify_verifier_or_navigate,False,True
ALTBASIC_CLK_002,doc/[THOR 2] ALT Basic Test Case_FULL.xlsx,press_key:알람 탭 내 임의의 위치에 포커스 > Keep Press Up,Keep Press Up,NOW_RESOLVABLE,press_key:KEYCODE_DPAD_UP,19,high,single explicit key -> keycode 19,,False,True
ALTBASIC_CLK_003,doc/[THOR 2] ALT Basic Test Case_FULL.xlsx,press_key:시계 > Press Any Direction > Press Down,시계,NOT_A_KEY,(reclassify) 시계,,low,bare noun mis-tagged as key (no key signal),reclassify_verifier_or_navigate,False,True
ALTBASIC_CLK_003,doc/[THOR 2] ALT Basic Test Case_FULL.xlsx,press_key:시계 > Press Any Direction > Press Down,Press Any Direction,AMBIGUOUS_NOGUESS,press_key:?,,low,any/multi-key enumeration — test intent,spec_clarification,False,True
ALTBASIC_CLK_003,doc/[THOR 2] ALT Basic Test Case_FULL.xlsx,press_key:시계 > Press Any Direction > Press Down,Press Down,NOW_RESOLVABLE,press_key:KEYCODE_DPAD_DOWN,20,high,single explicit key -> keycode 20,,False,True
ALTBASIC_CLK_004,doc/[THOR 2] ALT Basic Test Case_FULL.xlsx,press_key:시계 > Press Any Direction > Press Down > Press Down,시계,NOT_A_KEY,(reclassify) 시계,,low,bare noun mis-tagged as key (no key signal),reclassify_verifier_or_navigate,False,True
ALTBASIC_CLK_004,doc/[THOR 2] ALT Basic Test Case_FULL.xlsx,press_key:시계 > Press Any Direction > Press Down > Press Down,Press Any Direction,AMBIGUOUS_NOGUESS,press_key:?,,low,any/multi-key enumeration — test intent,spec_clarification,False,True
ALTBASIC_CLK_004,doc/[THOR 2] ALT Basic Test Case_FULL.xlsx,press_key:시계 > Press Any Direction > Press Down > Press Down,Press Down,NOW_RESOLVABLE,press_key:KEYCODE_DPAD_DOWN,20,high,single explicit key -> keycode 20,,False,True
ALTBASIC_CLK_004,doc/[THOR 2] ALT Basic Test Case_FULL.xlsx,press_key:시계 > Press Any Direction > Press Down > Press Down,Press Down,NOW_RESOLVABLE,press_key:KEYCODE_DPAD_DOWN,20,high,single explicit key -> keycode 20,,False,True
ALTBASIC_CLK_005,doc/[THOR 2] ALT Basic Test Case_FULL.xlsx,press_key:시계 > Press Any Direction > Press Down > Press Down > Press Right,시계,NOT_A_KEY,(reclassify) 시계,,low,bare noun mis-tagged as key (no key signal),reclassify_verifier_or_navigate,False,True
ALTBASIC_CLK_005,doc/[THOR 2] ALT Basic Test Case_FULL.xlsx,press_key:시계 > Press Any Direction > Press Down > Press Down > Press Right,Press Any Direction,AMBIGUOUS_NOGUESS,press_key:?,,low,any/multi-key enumeration — test intent,spec_clarification,False,True
ALTBASIC_CLK_005,doc/[THOR 2] ALT Basic Test Case_FULL.xlsx,press_key:시계 > Press Any Direction > Press Down > Press Down > Press Right,Press Down,NOW_RESOLVABLE,press_key:KEYCODE_DPAD_DOWN,20,high,single explicit key -> keycode 20,,False,True
ALTBASIC_CLK_005,doc/[THOR 2] ALT Basic Test Case_FULL.xlsx,press_key:시계 > Press Any Direction > Press Down > Press Down > Press Right,Press Down,NOW_RESOLVABLE,press_key:KEYCODE_DPAD_DOWN,20,high,single explicit key -> keycode 20,,False,True
ALTBASIC_CLK_005,doc/[THOR 2] ALT Basic Test Case_FULL.xlsx,press_key:시계 > Press Any Direction > Press Down > Press Down > Press Right,Press Right,NOW_RESOLVABLE,press_key:KEYCODE_DPAD_RIGHT,22,high,single explicit key -> keycode 22,,False,True
ALTBASIC_CLK_009,doc/[THOR 2] ALT Basic Test Case_FULL.xlsx,press_key:시계 > 세계시각 > Press Any Direction,시계,NOT_A_KEY,(reclassify) 시계,,low,bare noun mis-tagged as key (no key signal),reclassify_verifier_or_navigate,False,True
ALTBASIC_CLK_009,doc/[THOR 2] ALT Basic Test Case_FULL.xlsx,press_key:시계 > 세계시각 > Press Any Direction,세계시각,NOT_A_KEY,(reclassify) 세계시각,,low,bare noun mis-tagged as key (no key signal),reclassify_verifier_or_navigate,False,True
ALTBASIC_CLK_009,doc/[THOR 2] ALT Basic Test Case_FULL.xlsx,press_key:시계 > 세계시각 > Press Any Direction,Press Any Direction,AMBIGUOUS_NOGUESS,press_key:?,,low,any/multi-key enumeration — test intent,spec_clarification,False,True
ALTBASIC_CLK_010,doc/[THOR 2] ALT Basic Test Case_FULL.xlsx,press_key:시계 > 세계시각 > Press Any Direction > press_key:Press OK,시계,NOT_A_KEY,(reclassify) 시계,,low,bare noun mis-tagged as key (no key signal),reclassify_verifier_or_navigate,False,True
ALTBASIC_CLK_010,doc/[THOR 2] ALT Basic Test Case_FULL.xlsx,press_key:시계 > 세계시각 > Press Any Direction > press_key:Press OK,세계시각,NOT_A_KEY,(reclassify) 세계시각,,low,bare noun mis-tagged as key (no key signal),reclassify_verifier_or_navigate,False,True
ALTBASIC_CLK_010,doc/[THOR 2] ALT Basic Test Case_FULL.xlsx,press_key:시계 > 세계시각 > Press Any Direction > press_key:Press OK,Press Any Direction,AMBIGUOUS_NOGUESS,press_key:?,,low,any/multi-key enumeration — test intent,spec_clarification,False,True
ALTBASIC_CLK_010,doc/[THOR 2] ALT Basic Test Case_FULL.xlsx,press_key:시계 > 세계시각 > Press Any Direction > press_key:Press OK,Press OK,NOW_RESOLVABLE,press_key:KEYCODE_DPAD_CENTER,23,high,single explicit key -> keycode 23,,False,True
ALTBASIC_CLK_015,doc/[THOR 2] ALT Basic Test Case_FULL.xlsx,navigate:시계 > 타이머 > press_key:Press Any Direction,시계,FREE_TEXT_DISCOVERY,navigate:<시계>,,low,navigate target needs a selector,device_selector_discovery,False,True
ALTBASIC_CLK_015,doc/[THOR 2] ALT Basic Test Case_FULL.xlsx,navigate:시계 > 타이머 > press_key:Press Any Direction,타이머,NOT_A_KEY,(reclassify) 타이머,,low,bare noun mis-tagged as key (no key signal),reclassify_verifier_or_navigate,False,True
ALTBASIC_CLK_015,doc/[THOR 2] ALT Basic Test Case_FULL.xlsx,navigate:시계 > 타이머 > press_key:Press Any Direction,Press Any Direction,AMBIGUOUS_NOGUESS,press_key:?,,low,any/multi-key enumeration — test intent,spec_clarification,False,True
ALTBASIC_CLK_017,doc/[THOR 2] ALT Basic Test Case_FULL.xlsx,press_key:1. 시계 > 타이머 > Press Any Direction > Press Right > press_key:2. 시계 > 타이머 > Press Any Direction > Press Left,시계,NOT_A_KEY,(reclassify) 시계,,low,bare noun mis-tagged as key (no key signal),reclassify_verifier_or_navigate,False,True
ALTBASIC_CLK_017,doc/[THOR 2] ALT Basic Test Case_FULL.xlsx,press_key:1. 시계 > 타이머 > Press Any Direction > Press Right > press_key:2. 시계 > 타이머 > Press Any Direction > Press Left,타이머,NOT_A_KEY,(reclassify) 타이머,,low,bare noun mis-tagged as key (no key signal),reclassify_verifier_or_navigate,False,True
ALTBASIC_CLK_017,doc/[THOR 2] ALT Basic Test Case_FULL.xlsx,press_key:1. 시계 > 타이머 > Press Any Direction > Press Right > press_key:2. 시계 > 타이머 > Press Any Direction > Press Left,Press Any Direction,AMBIGUOUS_NOGUESS,press_key:?,,low,any/multi-key enumeration — test intent,spec_clarification,False,True
ALTBASIC_CLK_017,doc/[THOR 2] ALT Basic Test Case_FULL.xlsx,press_key:1. 시계 > 타이머 > Press Any Direction > Press Right > press_key:2. 시계 > 타이머 > Press Any Direction > Press Left,Press Right,NOW_RESOLVABLE,press_key:KEYCODE_DPAD_RIGHT,22,high,single explicit key -> keycode 22,,False,True
ALTBASIC_CLK_017,doc/[THOR 2] ALT Basic Test Case_FULL.xlsx,press_key:1. 시계 > 타이머 > Press Any Direction > Press Right > press_key:2. 시계 > 타이머 > Press Any Direction > Press Left,시계,NOT_A_KEY,(reclassify) 시계,,low,bare noun mis-tagged as key (no key signal),reclassify_verifier_or_navigate,False,True
ALTBASIC_CLK_017,doc/[THOR 2] ALT Basic Test Case_FULL.xlsx,press_key:1. 시계 > 타이머 > Press Any Direction > Press Right > press_key:2. 시계 > 타이머 > Press Any Direction > Press Left,타이머,NOT_A_KEY,(reclassify) 타이머,,low,bare noun mis-tagged as key (no key signal),reclassify_verifier_or_navigate,False,True
ALTBASIC_CLK_017,doc/[THOR 2] ALT Basic Test Case_FULL.xlsx,press_key:1. 시계 > 타이머 > Press Any Direction > Press Right > press_key:2. 시계 > 타이머 > Press Any Direction > Press Left,Press Any Direction,AMBIGUOUS_NOGUESS,press_key:?,,low,any/multi-key enumeration — test intent,spec_clarification,False,True
ALTBASIC_CLK_017,doc/[THOR 2] ALT Basic Test Case_FULL.xlsx,press_key:1. 시계 > 타이머 > Press Any Direction > Press Right > press_key:2. 시계 > 타이머 > Press Any Direction > Press Left,Press Left,NOW_RESOLVABLE,press_key:KEYCODE_DPAD_LEFT,21,high,single explicit key -> keycode 21,,False,True
ALTBASIC_CLK_018,doc/[THOR 2] ALT Basic Test Case_FULL.xlsx,press_key:시계 > 타이머 > Press Any Direction > Press Right > Press Right,시계,NOT_A_KEY,(reclassify) 시계,,low,bare noun mis-tagged as key (no key signal),reclassify_verifier_or_navigate,False,True
ALTBASIC_CLK_018,doc/[THOR 2] ALT Basic Test Case_FULL.xlsx,press_key:시계 > 타이머 > Press Any Direction > Press Right > Press Right,타이머,NOT_A_KEY,(reclassify) 타이머,,low,bare noun mis-tagged as key (no key signal),reclassify_verifier_or_navigate,False,True
ALTBASIC_CLK_018,doc/[THOR 2] ALT Basic Test Case_FULL.xlsx,press_key:시계 > 타이머 > Press Any Direction > Press Right > Press Right,Press Any Direction,AMBIGUOUS_NOGUESS,press_key:?,,low,any/multi-key enumeration — test intent,spec_clarification,False,True
ALTBASIC_CLK_018,doc/[THOR 2] ALT Basic Test Case_FULL.xlsx,press_key:시계 > 타이머 > Press Any Direction > Press Right > Press Right,Press Right,NOW_RESOLVABLE,press_key:KEYCODE_DPAD_RIGHT,22,high,single explicit key -> keycode 22,,False,True
ALTBASIC_CLK_018,doc/[THOR 2] ALT Basic Test Case_FULL.xlsx,press_key:시계 > 타이머 > Press Any Direction > Press Right > Press Right,Press Right,NOW_RESOLVABLE,press_key:KEYCODE_DPAD_RIGHT,22,high,single explicit key -> keycode 22,,False,True
ALTBASIC_CLK_019,doc/[THOR 2] ALT Basic Test Case_FULL.xlsx,press_key:1. 시계 > 타이머 > Press Any Direction > Keep Press Down > press_key:2. 시계 > 타이머 > Press Any Direction > Keep Press Up,시계,NOT_A_KEY,(reclassify) 시계,,low,bare noun mis-tagged as key (no key signal),reclassify_verifier_or_navigate,False,True
ALTBASIC_CLK_019,doc/[THOR 2] ALT Basic Test Case_FULL.xlsx,press_key:1. 시계 > 타이머 > Press Any Direction > Keep Press Down > press_key:2. 시계 > 타이머 > Press Any Direction > Keep Press Up,타이머,NOT_A_KEY,(reclassify) 타이머,,low,bare noun mis-tagged as key (no key signal),reclassify_verifier_or_navigate,False,True
ALTBASIC_CLK_019,doc/[THOR 2] ALT Basic Test Case_FULL.xlsx,press_key:1. 시계 > 타이머 > Press Any Direction > Keep Press Down > press_key:2. 시계 > 타이머 > Press Any Direction > Keep Press Up,Press Any Direction,AMBIGUOUS_NOGUESS,press_key:?,,low,any/multi-key enumeration — test intent,spec_clarification,False,True
ALTBASIC_CLK_019,doc/[THOR 2] ALT Basic Test Case_FULL.xlsx,press_key:1. 시계 > 타이머 > Press Any Direction > Keep Press Down > press_key:2. 시계 > 타이머 > Press Any Direction > Keep Press Up,Keep Press Down,NOW_RESOLVABLE,press_key:KEYCODE_DPAD_DOWN,20,high,single explicit key -> keycode 20,,False,True
ALTBASIC_CLK_019,doc/[THOR 2] ALT Basic Test Case_FULL.xlsx,press_key:1. 시계 > 타이머 > Press Any Direction > Keep Press Down > press_key:2. 시계 > 타이머 > Press Any Direction > Keep Press Up,시계,NOT_A_KEY,(reclassify) 시계,,low,bare noun mis-tagged as key (no key signal),reclassify_verifier_or_navigate,False,True
ALTBASIC_CLK_019,doc/[THOR 2] ALT Basic Test Case_FULL.xlsx,press_key:1. 시계 > 타이머 > Press Any Direction > Keep Press Down > press_key:2. 시계 > 타이머 > Press Any Direction > Keep Press Up,타이머,NOT_A_KEY,(reclassify) 타이머,,low,bare noun mis-tagged as key (no key signal),reclassify_verifier_or_navigate,False,True
ALTBASIC_CLK_019,doc/[THOR 2] ALT Basic Test Case_FULL.xlsx,press_key:1. 시계 > 타이머 > Press Any Direction > Keep Press Down > press_key:2. 시계 > 타이머 > Press Any Direction > Keep Press Up,Press Any Direction,AMBIGUOUS_NOGUESS,press_key:?,,low,any/multi-key enumeration — test intent,spec_clarification,False,True
ALTBASIC_CLK_019,doc/[THOR 2] ALT Basic Test Case_FULL.xlsx,press_key:1. 시계 > 타이머 > Press Any Direction > Keep Press Down > press_key:2. 시계 > 타이머 > Press Any Direction > Keep Press Up,Keep Press Up,NOW_RESOLVABLE,press_key:KEYCODE_DPAD_UP,19,high,single explicit key -> keycode 19,,False,True
ALTBASIC_CLK_026,doc/[THOR 2] ALT Basic Test Case_FULL.xlsx,press_key:시계 > 스톱워치 > Press Any Direction,시계,NOT_A_KEY,(reclassify) 시계,,low,bare noun mis-tagged as key (no key signal),reclassify_verifier_or_navigate,False,True
ALTBASIC_CLK_026,doc/[THOR 2] ALT Basic Test Case_FULL.xlsx,press_key:시계 > 스톱워치 > Press Any Direction,스톱워치,NOT_A_KEY,(reclassify) 스톱워치,,low,bare noun mis-tagged as key (no key signal),reclassify_verifier_or_navigate,False,True
ALTBASIC_CLK_026,doc/[THOR 2] ALT Basic Test Case_FULL.xlsx,press_key:시계 > 스톱워치 > Press Any Direction,Press Any Direction,AMBIGUOUS_NOGUESS,press_key:?,,low,any/multi-key enumeration — test intent,spec_clarification,False,True
ALTBASIC_VRC_001,doc/[THOR 2] ALT Basic Test Case_FULL.xlsx,press_key:Voice Recorder > Hardkey 아무키나 입력,Voice Recorder,FREE_TEXT_DISCOVERY,press_key:<Voice Recorder>,,low,unresolved free-text body,manifest_rewrite,False,True
ALTBASIC_VRC_001,doc/[THOR 2] ALT Basic Test Case_FULL.xlsx,press_key:Voice Recorder > Hardkey 아무키나 입력,Hardkey 아무키나 입력,AMBIGUOUS_NOGUESS,press_key:?,,low,any/multi-key enumeration — test intent,spec_clarification,False,True
ALTBASIC_RAD_017,doc/[THOR 2] ALT Basic Test Case_FULL.xlsx,press_key:1. Press Any button > Press Right button,Press Any button,AMBIGUOUS_NOGUESS,press_key:?,,low,any/multi-key enumeration — test intent,spec_clarification,False,True
ALTBASIC_RAD_017,doc/[THOR 2] ALT Basic Test Case_FULL.xlsx,press_key:1. Press Any button > Press Right button,Press Right button,NOW_RESOLVABLE,press_key:KEYCODE_DPAD_RIGHT,22,high,single explicit key -> keycode 22,,False,True
ALTBASIC_MGN_001,doc/[THOR 2] ALT Basic Test Case_FULL.xlsx,tap:홈 화면에서 Screen Touch하여 돋보기 앱 진입 > press_key:Press 방향키 or OK,홈 화면에서 Screen Touch하여 돋보기 앱 진입,FREE_TEXT_DISCOVERY,tap:<홈 화면에서 Screen Touch하여 돋보기 앱 진입>,,low,tap target needs a selector,device_selector_discovery,False,True
ALTBASIC_MGN_001,doc/[THOR 2] ALT Basic Test Case_FULL.xlsx,tap:홈 화면에서 Screen Touch하여 돋보기 앱 진입 > press_key:Press 방향키 or OK,Press 방향키 or OK,NOW_RESOLVABLE,press_key:KEYCODE_DPAD_CENTER,23,high,single explicit key -> keycode 23,,False,True
ALTBASIC_MGN_002,doc/[THOR 2] ALT Basic Test Case_FULL.xlsx,press_key:홈 화면에서 Hardkey로 돋보기 앱 진입 > wait:Focus 확인,홈 화면에서 Hardkey로 돋보기 앱 진입,NOT_A_KEY,(reclassify) 홈 화면에서 Hardkey로 돋보기 앱 진입,,low,screen/focus/state ref mis-tagged as key,reclassify_verifier_or_navigate,False,True
ALTBASIC_MGN_002,doc/[THOR 2] ALT Basic Test Case_FULL.xlsx,press_key:홈 화면에서 Hardkey로 돋보기 앱 진입 > wait:Focus 확인,Focus 확인,NOT_A_KEY,(reclassify) Focus 확인,,low,screen/focus/state ref mis-tagged as key,reclassify_verifier_or_navigate,False,True
ALTBASIC_MGN_005,doc/[THOR 2] ALT Basic Test Case_FULL.xlsx,press_key:1. 위 하드키를 누른다.,위 하드키를 누른다.,FREE_TEXT_DISCOVERY,press_key:<위 하드키>,,low,"named hardware key, no standard keycode",device_keycode_discovery,False,True
ALTBASIC_MGN_006,doc/[THOR 2] ALT Basic Test Case_FULL.xlsx,press_key:1. 왼쪽 하드키를 누른다.,왼쪽 하드키를 누른다.,FREE_TEXT_DISCOVERY,press_key:<왼쪽 하드키>,,low,"named hardware key, no standard keycode",device_keycode_discovery,False,True
ALTBASIC_PDM_040,doc/[THOR 2] ALT Basic Test Case_FULL.xlsx,navigate:1. Pedometer app 실행,Pedometer app 실행,FREE_TEXT_DISCOVERY,navigate:<Pedometer app 실행>,,low,navigate target needs a selector,device_selector_discovery,False,True
ALTBASIC_PDM_041,doc/[THOR 2] ALT Basic Test Case_FULL.xlsx,navigate:1. Pedometer app 실행 > 뒤로가기 focus된 상태 > press_key:2. Press down(하드키),Pedometer app 실행,FREE_TEXT_DISCOVERY,navigate:<Pedometer app 실행>,,low,navigate target needs a selector,device_selector_discovery,False,True
ALTBASIC_PDM_041,doc/[THOR 2] ALT Basic Test Case_FULL.xlsx,navigate:1. Pedometer app 실행 > 뒤로가기 focus된 상태 > press_key:2. Press down(하드키),뒤로가기 focus된 상태,NOT_A_KEY,(reclassify) 뒤로가기 focus된 상태,,low,screen/focus/state ref mis-tagged as key,reclassify_verifier_or_navigate,False,True
ALTBASIC_PDM_041,doc/[THOR 2] ALT Basic Test Case_FULL.xlsx,navigate:1. Pedometer app 실행 > 뒤로가기 focus된 상태 > press_key:2. Press down(하드키),Press down(하드키),NOW_RESOLVABLE,press_key:KEYCODE_DPAD_DOWN,20,high,single explicit key -> keycode 20,,False,True
ALTBASIC_PDM_042,doc/[THOR 2] ALT Basic Test Case_FULL.xlsx,navigate:1. Pedometer app 실행 > 키 focus된 상태 > press_key:2. Press down(하드키),Pedometer app 실행,FREE_TEXT_DISCOVERY,navigate:<Pedometer app 실행>,,low,navigate target needs a selector,device_selector_discovery,False,True
ALTBASIC_PDM_042,doc/[THOR 2] ALT Basic Test Case_FULL.xlsx,navigate:1. Pedometer app 실행 > 키 focus된 상태 > press_key:2. Press down(하드키),키 focus된 상태,NOT_A_KEY,(reclassify) 키 focus된 상태,,low,screen/focus/state ref mis-tagged as key,reclassify_verifier_or_navigate,False,True
ALTBASIC_PDM_042,doc/[THOR 2] ALT Basic Test Case_FULL.xlsx,navigate:1. Pedometer app 실행 > 키 focus된 상태 > press_key:2. Press down(하드키),Press down(하드키),NOW_RESOLVABLE,press_key:KEYCODE_DPAD_DOWN,20,high,single explicit key -> keycode 20,,False,True
ALTBASIC_PDM_043,doc/[THOR 2] ALT Basic Test Case_FULL.xlsx,navigate:1. Pedometer app 실행 > 몸무게 focus된 상태 > press_key:2. Press down(하드키),Pedometer app 실행,FREE_TEXT_DISCOVERY,navigate:<Pedometer app 실행>,,low,navigate target needs a selector,device_selector_discovery,False,True
ALTBASIC_PDM_043,doc/[THOR 2] ALT Basic Test Case_FULL.xlsx,navigate:1. Pedometer app 실행 > 몸무게 focus된 상태 > press_key:2. Press down(하드키),몸무게 focus된 상태,NOT_A_KEY,(reclassify) 몸무게 focus된 상태,,low,screen/focus/state ref mis-tagged as key,reclassify_verifier_or_navigate,False,True
ALTBASIC_PDM_043,doc/[THOR 2] ALT Basic Test Case_FULL.xlsx,navigate:1. Pedometer app 실행 > 몸무게 focus된 상태 > press_key:2. Press down(하드키),Press down(하드키),NOW_RESOLVABLE,press_key:KEYCODE_DPAD_DOWN,20,high,single explicit key -> keycode 20,,False,True
ALTBASIC_PDM_044,doc/[THOR 2] ALT Basic Test Case_FULL.xlsx,navigate:1. Pedometer app 실행 > 성별 focus된 상태 > press_key:2. Press down(하드키),Pedometer app 실행,FREE_TEXT_DISCOVERY,navigate:<Pedometer app 실행>,,low,navigate target needs a selector,device_selector_discovery,False,True
ALTBASIC_PDM_044,doc/[THOR 2] ALT Basic Test Case_FULL.xlsx,navigate:1. Pedometer app 실행 > 성별 focus된 상태 > press_key:2. Press down(하드키),성별 focus된 상태,NOT_A_KEY,(reclassify) 성별 focus된 상태,,low,screen/focus/state ref mis-tagged as key,reclassify_verifier_or_navigate,False,True
ALTBASIC_PDM_044,doc/[THOR 2] ALT Basic Test Case_FULL.xlsx,navigate:1. Pedometer app 실행 > 성별 focus된 상태 > press_key:2. Press down(하드키),Press down(하드키),NOW_RESOLVABLE,press_key:KEYCODE_DPAD_DOWN,20,high,single explicit key -> keycode 20,,False,True
ALTBASIC_PFW_010,doc/[THOR 2] ALT Basic Test Case_FULL.xlsx,press_key:1. 포토 슬라이드쇼에 포커싱 활성화 > 왼쪽 버튼 누름 > press_key:2. 오른쪽 버튼 누름 > press_key:3. 위쪽 버튼 누름,포토 슬라이드쇼에 포커싱 활성화,NOT_A_KEY,(reclassify) 포토 슬라이드쇼에 포커싱 활성화,,low,bare noun mis-tagged as key (no key signal),reclassify_verifier_or_navigate,False,True
ALTBASIC_PFW_010,doc/[THOR 2] ALT Basic Test Case_FULL.xlsx,press_key:1. 포토 슬라이드쇼에 포커싱 활성화 > 왼쪽 버튼 누름 > press_key:2. 오른쪽 버튼 누름 > press_key:3. 위쪽 버튼 누름,왼쪽 버튼 누름,FREE_TEXT_DISCOVERY,press_key:<왼쪽 버튼>,,low,"named hardware key, no standard keycode",device_keycode_discovery,False,True
ALTBASIC_PFW_010,doc/[THOR 2] ALT Basic Test Case_FULL.xlsx,press_key:1. 포토 슬라이드쇼에 포커싱 활성화 > 왼쪽 버튼 누름 > press_key:2. 오른쪽 버튼 누름 > press_key:3. 위쪽 버튼 누름,오른쪽 버튼 누름,FREE_TEXT_DISCOVERY,press_key:<오른쪽 버튼>,,low,"named hardware key, no standard keycode",device_keycode_discovery,False,True
ALTBASIC_PFW_010,doc/[THOR 2] ALT Basic Test Case_FULL.xlsx,press_key:1. 포토 슬라이드쇼에 포커싱 활성화 > 왼쪽 버튼 누름 > press_key:2. 오른쪽 버튼 누름 > press_key:3. 위쪽 버튼 누름,위쪽 버튼 누름,FREE_TEXT_DISCOVERY,press_key:<위쪽 버튼>,,low,"named hardware key, no standard keycode",device_keycode_discovery,False,True
ALTBASIC_PFW_011,doc/[THOR 2] ALT Basic Test Case_FULL.xlsx,press_key:1. 왼쪽 화살표에 포커싱 > 왼쪽 버튼 누름 > press_key:2. 왼쪽 화살표에 포커싱 > 위쪽 버튼 누름 > press_key:3. 우측 상단 '설정' 아이콘에 포커싱 > 위쪽 버튼 누름 > press_key:4. 왼쪽 화살표에 포커싱 > 아래쪽 버튼 누름,왼쪽 화살표에 포커싱,NOT_A_KEY,(reclassify) 왼쪽 화살표에 포커싱,,low,bare noun mis-tagged as key (no key signal),reclassify_verifier_or_navigate,False,True
ALTBASIC_PFW_011,doc/[THOR 2] ALT Basic Test Case_FULL.xlsx,press_key:1. 왼쪽 화살표에 포커싱 > 왼쪽 버튼 누름 > press_key:2. 왼쪽 화살표에 포커싱 > 위쪽 버튼 누름 > press_key:3. 우측 상단 '설정' 아이콘에 포커싱 > 위쪽 버튼 누름 > press_key:4. 왼쪽 화살표에 포커싱 > 아래쪽 버튼 누름,왼쪽 버튼 누름,FREE_TEXT_DISCOVERY,press_key:<왼쪽 버튼>,,low,"named hardware key, no standard keycode",device_keycode_discovery,False,True
ALTBASIC_PFW_011,doc/[THOR 2] ALT Basic Test Case_FULL.xlsx,press_key:1. 왼쪽 화살표에 포커싱 > 왼쪽 버튼 누름 > press_key:2. 왼쪽 화살표에 포커싱 > 위쪽 버튼 누름 > press_key:3. 우측 상단 '설정' 아이콘에 포커싱 > 위쪽 버튼 누름 > press_key:4. 왼쪽 화살표에 포커싱 > 아래쪽 버튼 누름,왼쪽 화살표에 포커싱,NOT_A_KEY,(reclassify) 왼쪽 화살표에 포커싱,,low,bare noun mis-tagged as key (no key signal),reclassify_verifier_or_navigate,False,True
ALTBASIC_PFW_011,doc/[THOR 2] ALT Basic Test Case_FULL.xlsx,press_key:1. 왼쪽 화살표에 포커싱 > 왼쪽 버튼 누름 > press_key:2. 왼쪽 화살표에 포커싱 > 위쪽 버튼 누름 > press_key:3. 우측 상단 '설정' 아이콘에 포커싱 > 위쪽 버튼 누름 > press_key:4. 왼쪽 화살표에 포커싱 > 아래쪽 버튼 누름,위쪽 버튼 누름,FREE_TEXT_DISCOVERY,press_key:<위쪽 버튼>,,low,"named hardware key, no standard keycode",device_keycode_discovery,False,True
ALTBASIC_PFW_011,doc/[THOR 2] ALT Basic Test Case_FULL.xlsx,press_key:1. 왼쪽 화살표에 포커싱 > 왼쪽 버튼 누름 > press_key:2. 왼쪽 화살표에 포커싱 > 위쪽 버튼 누름 > press_key:3. 우측 상단 '설정' 아이콘에 포커싱 > 위쪽 버튼 누름 > press_key:4. 왼쪽 화살표에 포커싱 > 아래쪽 버튼 누름,우측 상단 '설정' 아이콘에 포커싱,NOT_A_KEY,(reclassify) 우측 상단 '설정' 아이콘에 포커싱,,low,bare noun mis-tagged as key (no key signal),reclassify_verifier_or_navigate,False,True
ALTBASIC_PFW_011,doc/[THOR 2] ALT Basic Test Case_FULL.xlsx,press_key:1. 왼쪽 화살표에 포커싱 > 왼쪽 버튼 누름 > press_key:2. 왼쪽 화살표에 포커싱 > 위쪽 버튼 누름 > press_key:3. 우측 상단 '설정' 아이콘에 포커싱 > 위쪽 버튼 누름 > press_key:4. 왼쪽 화살표에 포커싱 > 아래쪽 버튼 누름,위쪽 버튼 누름,FREE_TEXT_DISCOVERY,press_key:<위쪽 버튼>,,low,"named hardware key, no standard keycode",device_keycode_discovery,False,True
ALTBASIC_PFW_011,doc/[THOR 2] ALT Basic Test Case_FULL.xlsx,press_key:1. 왼쪽 화살표에 포커싱 > 왼쪽 버튼 누름 > press_key:2. 왼쪽 화살표에 포커싱 > 위쪽 버튼 누름 > press_key:3. 우측 상단 '설정' 아이콘에 포커싱 > 위쪽 버튼 누름 > press_key:4. 왼쪽 화살표에 포커싱 > 아래쪽 버튼 누름,왼쪽 화살표에 포커싱,NOT_A_KEY,(reclassify) 왼쪽 화살표에 포커싱,,low,bare noun mis-tagged as key (no key signal),reclassify_verifier_or_navigate,False,True
ALTBASIC_PFW_011,doc/[THOR 2] ALT Basic Test Case_FULL.xlsx,press_key:1. 왼쪽 화살표에 포커싱 > 왼쪽 버튼 누름 > press_key:2. 왼쪽 화살표에 포커싱 > 위쪽 버튼 누름 > press_key:3. 우측 상단 '설정' 아이콘에 포커싱 > 위쪽 버튼 누름 > press_key:4. 왼쪽 화살표에 포커싱 > 아래쪽 버튼 누름,아래쪽 버튼 누름,FREE_TEXT_DISCOVERY,press_key:<아래쪽 버튼>,,low,"named hardware key, no standard keycode",device_keycode_discovery,False,True
ALTBASIC_PFW_013,doc/[THOR 2] ALT Basic Test Case_FULL.xlsx,press_key:1. Photo sildeshow > Press Ok,Photo sildeshow,FREE_TEXT_DISCOVERY,press_key:<Photo sildeshow>,,low,unresolved free-text body,manifest_rewrite,False,True
ALTBASIC_PFW_013,doc/[THOR 2] ALT Basic Test Case_FULL.xlsx,press_key:1. Photo sildeshow > Press Ok,Press Ok,NOW_RESOLVABLE,press_key:KEYCODE_DPAD_CENTER,23,high,single explicit key -> keycode 23,,False,True
ALTBASIC_PFW_014,doc/[THOR 2] ALT Basic Test Case_FULL.xlsx,press_key:1. Photo sildeshow > Press Ok > Press Down,Photo sildeshow,FREE_TEXT_DISCOVERY,press_key:<Photo sildeshow>,,low,unresolved free-text body,manifest_rewrite,False,True
ALTBASIC_PFW_014,doc/[THOR 2] ALT Basic Test Case_FULL.xlsx,press_key:1. Photo sildeshow > Press Ok > Press Down,Press Ok,NOW_RESOLVABLE,press_key:KEYCODE_DPAD_CENTER,23,high,single explicit key -> keycode 23,,False,True
ALTBASIC_PFW_014,doc/[THOR 2] ALT Basic Test Case_FULL.xlsx,press_key:1. Photo sildeshow > Press Ok > Press Down,Press Down,NOW_RESOLVABLE,press_key:KEYCODE_DPAD_DOWN,20,high,single explicit key -> keycode 20,,False,True
ALTBASIC_PFW_015,doc/[THOR 2] ALT Basic Test Case_FULL.xlsx,press_key:1. Photo sildeshow > Press Ok > Press Down > Press right,Photo sildeshow,FREE_TEXT_DISCOVERY,press_key:<Photo sildeshow>,,low,unresolved free-text body,manifest_rewrite,False,True
ALTBASIC_PFW_015,doc/[THOR 2] ALT Basic Test Case_FULL.xlsx,press_key:1. Photo sildeshow > Press Ok > Press Down > Press right,Press Ok,NOW_RESOLVABLE,press_key:KEYCODE_DPAD_CENTER,23,high,single explicit key -> keycode 23,,False,True
ALTBASIC_PFW_015,doc/[THOR 2] ALT Basic Test Case_FULL.xlsx,press_key:1. Photo sildeshow > Press Ok > Press Down > Press right,Press Down,NOW_RESOLVABLE,press_key:KEYCODE_DPAD_DOWN,20,high,single explicit key -> keycode 20,,False,True
ALTBASIC_PFW_015,doc/[THOR 2] ALT Basic Test Case_FULL.xlsx,press_key:1. Photo sildeshow > Press Ok > Press Down > Press right,Press right,NOW_RESOLVABLE,press_key:KEYCODE_DPAD_RIGHT,22,high,single explicit key -> keycode 22,,False,True
ALTBASIC_PFW_022,doc/[THOR 2] ALT Basic Test Case_FULL.xlsx,press_key:1. Photo sildeshow 편집 > 뒤로가기 포커스 > Press right,Photo sildeshow 편집,FREE_TEXT_DISCOVERY,press_key:<Photo sildeshow 편집>,,low,unresolved free-text body,manifest_rewrite,False,True
ALTBASIC_PFW_022,doc/[THOR 2] ALT Basic Test Case_FULL.xlsx,press_key:1. Photo sildeshow 편집 > 뒤로가기 포커스 > Press right,뒤로가기 포커스,NOT_A_KEY,(reclassify) 뒤로가기 포커스,,low,bare noun mis-tagged as key (no key signal),reclassify_verifier_or_navigate,False,True
ALTBASIC_PFW_022,doc/[THOR 2] ALT Basic Test Case_FULL.xlsx,press_key:1. Photo sildeshow 편집 > 뒤로가기 포커스 > Press right,Press right,NOW_RESOLVABLE,press_key:KEYCODE_DPAD_RIGHT,22,high,single explicit key -> keycode 22,,False,True
ALTBASIC_SST_008,doc/[THOR 2] ALT Basic Test Case_FULL.xlsx,press_key:쉬운 설정 > Press 방향키 or OK,쉬운 설정,NOT_A_KEY,(reclassify) 쉬운 설정,,low,bare noun mis-tagged as key (no key signal),reclassify_verifier_or_navigate,False,True
ALTBASIC_SST_008,doc/[THOR 2] ALT Basic Test Case_FULL.xlsx,press_key:쉬운 설정 > Press 방향키 or OK,Press 방향키 or OK,NOW_RESOLVABLE,press_key:KEYCODE_DPAD_CENTER,23,high,single explicit key -> keycode 23,,False,True
ALTBASIC_SST_012,doc/[THOR 2] ALT Basic Test Case_FULL.xlsx,tap:방향키로 Simple setting > WiFi tap,방향키로 Simple setting,FREE_TEXT_DISCOVERY,tap:<방향키로 Simple setting>,,low,tap target needs a selector,device_selector_discovery,False,True
ALTBASIC_SST_012,doc/[THOR 2] ALT Basic Test Case_FULL.xlsx,tap:방향키로 Simple setting > WiFi tap,WiFi tap,FREE_TEXT_DISCOVERY,(bare):<WiFi>,,low,unresolved free-text body,manifest_rewrite,False,True
ALTBASIC_SST_013,doc/[THOR 2] ALT Basic Test Case_FULL.xlsx,tap:방향키로 Simple setting > 배경화면 및 스타일 tap,방향키로 Simple setting,FREE_TEXT_DISCOVERY,tap:<방향키로 Simple setting>,,low,tap target needs a selector,device_selector_discovery,False,True
ALTBASIC_SST_013,doc/[THOR 2] ALT Basic Test Case_FULL.xlsx,tap:방향키로 Simple setting > 배경화면 및 스타일 tap,배경화면 및 스타일 tap,NOT_A_KEY,(reclassify) 배경화면 및 스타일,,low,screen/focus/state ref mis-tagged as key,reclassify_verifier_or_navigate,False,True
ALTBASIC_SST_014,doc/[THOR 2] ALT Basic Test Case_FULL.xlsx,tap:방향키로 Simple setting > 디스플레이 tap,방향키로 Simple setting,FREE_TEXT_DISCOVERY,tap:<방향키로 Simple setting>,,low,tap target needs a selector,device_selector_discovery,False,True
ALTBASIC_SST_014,doc/[THOR 2] ALT Basic Test Case_FULL.xlsx,tap:방향키로 Simple setting > 디스플레이 tap,디스플레이 tap,NOT_A_KEY,(reclassify) 디스플레이,,low,bare noun mis-tagged as key (no key signal),reclassify_verifier_or_navigate,False,True
ALTBASIC_SST_015,doc/[THOR 2] ALT Basic Test Case_FULL.xlsx,tap:방향키로 Simple setting > 안심기능 tap,방향키로 Simple setting,FREE_TEXT_DISCOVERY,tap:<방향키로 Simple setting>,,low,tap target needs a selector,device_selector_discovery,False,True
ALTBASIC_SST_015,doc/[THOR 2] ALT Basic Test Case_FULL.xlsx,tap:방향키로 Simple setting > 안심기능 tap,안심기능 tap,NOT_A_KEY,(reclassify) 안심기능,,low,bare noun mis-tagged as key (no key signal),reclassify_verifier_or_navigate,False,True
ALTBASIC_SST_016,doc/[THOR 2] ALT Basic Test Case_FULL.xlsx,tap:방향키로 Simple setting > 안전 및 긴급 상황 tap,방향키로 Simple setting,FREE_TEXT_DISCOVERY,tap:<방향키로 Simple setting>,,low,tap target needs a selector,device_selector_discovery,False,True
ALTBASIC_SST_016,doc/[THOR 2] ALT Basic Test Case_FULL.xlsx,tap:방향키로 Simple setting > 안전 및 긴급 상황 tap,안전 및 긴급 상황 tap,NOT_A_KEY,(reclassify) 안전 및 긴급 상황,,low,bare noun mis-tagged as key (no key signal),reclassify_verifier_or_navigate,False,True
