tc_id,title,source_sheet,source_row,area,menu_path,depth,entry_method,entry_evidence,text_input_required,focus_nav_required,mutation_suspected,baseline_screen_id,anchor_state,anchor_reason,confidence,recommended_probe
23.Settings#1.0,Settings / 설정 검색,23.Settings,2,검색,"설정 > 검색 > 화면"" 입력 > 화면 자동 회전",3,SEARCH_CANDIDATE,reached via Settings 검색 in menu path,True,False,True,,MISSING,no baseline d1 screen for area '검색',0.3,PROBE_DEFER_MUTATION
23.Settings#3.0,Settings / 설정 검색,23.Settings,4,검색,설정 > 검색,1,SEARCH_CANDIDATE,reached via Settings 검색 in menu path,True,False,False,,MISSING,no baseline d1 screen for area '검색',0.3,PROBE_DEFER_INPUT
23.Settings#4.0,Settings / 설정 검색,23.Settings,5,시스템 언어,설정 > 시스템 언어 > 영어 > 검색,3,SEARCH_CANDIDATE,reached via Settings 검색 in menu path,True,False,False,,MISSING,no baseline d1 screen for area '시스템 언어',0.3,PROBE_DEFER_INPUT
23.Settings#5.0,Settings / 설정 검색,23.Settings,6,시스템 언어,설정 > 시스템 언어 > 한국어 > 검색,3,SEARCH_CANDIDATE,reached via Settings 검색 in menu path,True,False,False,,MISSING,no baseline d1 screen for area '시스템 언어',0.3,PROBE_DEFER_INPUT
23.Settings#70.0,Settings / 연결된 기기,23.Settings,75,연결된 기기,설정 > 연결된 기기 > + 새 기기와 페어링 > 기기 이름,3,DEEPLINK_CANDIDATE,baseline launched android.settings.BLUETOOTH_SETTINGS (d1 candidate; leaf unconfirmed),False,False,True,settings_d1_bluetooth,PARTIAL,d1 screen in baseline; leaf not in single-pass observation (may exist deeper),0.4,PROBE_DEFER_MUTATION
23.Settings#77.0,Settings / 연결된 기기,23.Settings,82,연결된 기기,설정 > 연결된 기기 > 연결 환경설정 > 전송,3,DEEPLINK_CANDIDATE,baseline launched android.settings.BLUETOOTH_SETTINGS (d1 candidate; leaf unconfirmed),False,False,False,settings_d1_bluetooth,PARTIAL,d1 screen in baseline; leaf not in single-pass observation (may exist deeper),0.4,PROBE_PRIORITY_HIGH
23.Settings#78.0,Settings / 연결된 기기,23.Settings,83,연결된 기기,설정 > 연결된 기기 > 연결 환경설정 > 인쇄,3,DEEPLINK_CANDIDATE,baseline launched android.settings.BLUETOOTH_SETTINGS (d1 candidate; leaf unconfirmed),False,False,False,settings_d1_bluetooth,PARTIAL,d1 screen in baseline; leaf not in single-pass observation (may exist deeper),0.4,PROBE_PRIORITY_HIGH
23.Settings#79.0,Settings / 연결된 기기,23.Settings,84,연결된 기기,설정 > 연결된 기기 > 연결 환경설정 > Quick Share,3,DEEPLINK_CANDIDATE,baseline launched android.settings.BLUETOOTH_SETTINGS (d1 candidate; leaf unconfirmed),False,False,False,settings_d1_bluetooth,PARTIAL,d1 screen in baseline; leaf not in single-pass observation (may exist deeper),0.4,PROBE_PRIORITY_HIGH
23.Settings#80.0,Settings / 연결된 기기,23.Settings,85,연결된 기기,설정 > 연결된 기기 > 연결 환경설정 > Android Auto,3,DEEPLINK_CANDIDATE,baseline launched android.settings.BLUETOOTH_SETTINGS (d1 candidate; leaf unconfirmed),False,False,False,settings_d1_bluetooth,PARTIAL,d1 screen in baseline; leaf not in single-pass observation (may exist deeper),0.4,PROBE_PRIORITY_HIGH
23.Settings#81.0,Settings / 앱,23.Settings,86,앱,설정 > 앱 > 최근 실행한 앱,2,DEEPLINK_CANDIDATE,baseline launched android.settings.APPLICATION_SETTINGS (d1 candidate; leaf unconfirmed),False,False,False,settings_d1_apps,PARTIAL,d1 screen in baseline; leaf not in single-pass observation (may exist deeper),0.4,PROBE_PRIORITY_HIGH
23.Settings#82.0,Settings / 앱,23.Settings,87,앱,설정 > 앱 > 앱N개 모두보기,2,DEEPLINK_CANDIDATE,baseline launched android.settings.APPLICATION_SETTINGS (d1 candidate; leaf unconfirmed),False,False,False,settings_d1_apps,PARTIAL,d1 screen in baseline; leaf not in single-pass observation (may exist deeper),0.4,PROBE_PRIORITY_HIGH
23.Settings#85.0,Settings / 앱,23.Settings,90,앱,설정 > 앱 > 기기 사용 시간,2,DEEPLINK_CANDIDATE,baseline launched android.settings.APPLICATION_SETTINGS (d1 candidate; leaf unconfirmed),False,False,False,settings_d1_apps,PARTIAL,d1 screen in baseline; leaf not in single-pass observation (may exist deeper),0.4,PROBE_PRIORITY_HIGH
23.Settings#86.0,Settings / 앱,23.Settings,91,앱,설정 > 앱 > 사용하지 않는 앱,2,DEEPLINK_CANDIDATE,baseline launched android.settings.APPLICATION_SETTINGS (d1 candidate; leaf unconfirmed),False,False,False,settings_d1_apps,PARTIAL,d1 screen in baseline; leaf not in single-pass observation (may exist deeper),0.4,PROBE_PRIORITY_HIGH
23.Settings#89.0,Settings / 보호자 등록,23.Settings,94,안심 기능,설정 > 안심 기능 > 왼쪽 상단 Back 버튼,2,MENU_NAVIGATION,no baseline deep-link for area; tap-navigation required,False,False,False,,MISSING,no baseline d1 screen for area '안심 기능',0.3,PROBE_PRIORITY_MEDIUM
23.Settings#94.0,Settings / 보호자 등록,23.Settings,99,안심 기능,설정 > 안심 기능 > 보호자 등록 > 보호자 추가,3,MENU_NAVIGATION,no baseline deep-link for area; tap-navigation required,True,False,True,,MISSING,no baseline d1 screen for area '안심 기능',0.3,PROBE_DEFER_MUTATION
23.Settings#140.0,Settings / 알림,23.Settings,145,알림,설정 > 알림 > 앱 설정 > 최근순 드롭박스,3,MENU_NAVIGATION,no baseline deep-link for area; tap-navigation required,False,False,False,,MISSING,no baseline d1 screen for area '알림',0.3,PROBE_PRIORITY_MEDIUM
23.Settings#143.0,Settings / 알림,23.Settings,148,알림,설정 > 알림 > 대화,2,MENU_NAVIGATION,no baseline deep-link for area; tap-navigation required,False,False,False,,MISSING,no baseline d1 screen for area '알림',0.3,PROBE_PRIORITY_MEDIUM
23.Settings#144.0,Settings / 알림,23.Settings,149,알림,설정 > 알림 > 대화창,2,MENU_NAVIGATION,no baseline deep-link for area; tap-navigation required,False,False,False,,MISSING,no baseline d1 screen for area '알림',0.3,PROBE_PRIORITY_MEDIUM
23.Settings#145.0,Settings / 알림,23.Settings,150,알림,설정 > 알림 > 기기 및 앱 알림,2,MENU_NAVIGATION,no baseline deep-link for area; tap-navigation required,False,False,False,,MISSING,no baseline d1 screen for area '알림',0.3,PROBE_PRIORITY_MEDIUM
23.Settings#149.0,Settings / 알림,23.Settings,154,알림,설정 > 알림 > 방해금지 모드,2,MENU_NAVIGATION,no baseline deep-link for area; tap-navigation required,False,False,False,,MISSING,no baseline d1 screen for area '알림',0.3,PROBE_PRIORITY_MEDIUM
23.Settings#150.0,Settings / 알림,23.Settings,155,알림,설정 > 알림 > 방해 금지 모드 > 지금 사용설정,3,MENU_NAVIGATION,no baseline deep-link for area; tap-navigation required,False,False,True,,MISSING,no baseline d1 screen for area '알림',0.3,PROBE_DEFER_MUTATION
23.Settings#152.0,Settings / 알림,23.Settings,157,알림,설정 > 알림 > 방해 금지 모드 > 사람,3,MENU_NAVIGATION,no baseline deep-link for area; tap-navigation required,False,False,False,,MISSING,no baseline d1 screen for area '알림',0.3,PROBE_PRIORITY_MEDIUM
23.Settings#153.0,Settings / 알림,23.Settings,158,알림,설정 > 알림 > 방해 금지 모드 > 사람 > 메시지,4,MENU_NAVIGATION,no baseline deep-link for area; tap-navigation required,True,False,False,,MISSING,no baseline d1 screen for area '알림',0.3,PROBE_DEFER_INPUT
23.Settings#154.0,Settings / 알림,23.Settings,159,알림,설정 > 알림 > 방해 금지 모드 > 사람 > 메시지 > 설정,5,MENU_NAVIGATION,no baseline deep-link for area; tap-navigation required,False,False,False,,MISSING,no baseline d1 screen for area '알림',0.3,PROBE_PRIORITY_MEDIUM
23.Settings#156.0,Settings / 알림,23.Settings,161,알림,설정 > 알림 > 방해 금지 모드 > 사람 > 전화 > 설정,5,MENU_NAVIGATION,no baseline deep-link for area; tap-navigation required,False,False,False,,MISSING,no baseline d1 screen for area '알림',0.3,PROBE_PRIORITY_MEDIUM
23.Settings#159.0,Settings / 알림,23.Settings,164,알림,설정 > 알림 > 방해 금지 모드 > 앱,3,MENU_NAVIGATION,no baseline deep-link for area; tap-navigation required,False,False,False,,MISSING,no baseline d1 screen for area '알림',0.3,PROBE_PRIORITY_MEDIUM
23.Settings#161.0,Settings / 알림,23.Settings,166,알림,설정 > 알림 > 방해 금지 모드 > 앱 > 앱 추가,4,MENU_NAVIGATION,no baseline deep-link for area; tap-navigation required,False,False,True,,MISSING,no baseline d1 screen for area '알림',0.3,PROBE_DEFER_MUTATION
23.Settings#162.0,Settings / 알림,23.Settings,167,알림,설정 > 알림 > 방해 금지 모드 > 알람 및 기타 방해 요소,3,MENU_NAVIGATION,no baseline deep-link for area; tap-navigation required,False,False,False,,MISSING,no baseline d1 screen for area '알림',0.3,PROBE_PRIORITY_MEDIUM
23.Settings#163.0,Settings / 알림,23.Settings,168,알림,설정 > 알림 > 방해 금지 모드 > 알람 및 기타 방해 요소,3,MENU_NAVIGATION,no baseline deep-link for area; tap-navigation required,False,False,True,,MISSING,no baseline d1 screen for area '알림',0.3,PROBE_DEFER_MUTATION
23.Settings#164.0,Settings / 알림,23.Settings,169,알림,설정 > 알림 > 방해 금지 모드 > 예약,3,MENU_NAVIGATION,no baseline deep-link for area; tap-navigation required,False,False,False,,MISSING,no baseline d1 screen for area '알림',0.3,PROBE_PRIORITY_MEDIUM
23.Settings#165.0,Settings / 알림,23.Settings,170,알림,설정 > 알림 > 방해 금지 모드 > 예약 > 수면 시간 체크,4,MENU_NAVIGATION,no baseline deep-link for area; tap-navigation required,True,False,True,,MISSING,no baseline d1 screen for area '알림',0.3,PROBE_DEFER_MUTATION
23.Settings#166.0,Settings / 알림,23.Settings,171,알림,설정 > 알림 > 방해 금지 모드 > 빠른 설정 지속 시간 > 사용중지할때까지,4,MENU_NAVIGATION,no baseline deep-link for area; tap-navigation required,False,False,False,,MISSING,no baseline d1 screen for area '알림',0.3,PROBE_PRIORITY_MEDIUM
23.Settings#167.0,Settings / 알림,23.Settings,172,알림,설정 > 알림 > 방해 금지 모드 > 숨겨진 알림의 표시 옵션,3,MENU_NAVIGATION,no baseline deep-link for area; tap-navigation required,False,False,False,,MISSING,no baseline d1 screen for area '알림',0.3,PROBE_PRIORITY_MEDIUM
23.Settings#168.0,Settings / 알림,23.Settings,173,알림,설정 > 알림 > 방해 금지 모드 > 숨겨진 알림의 표시 옵션 > 알림 소리 차단,4,MENU_NAVIGATION,no baseline deep-link for area; tap-navigation required,False,False,False,,MISSING,no baseline d1 screen for area '알림',0.3,PROBE_PRIORITY_MEDIUM
23.Settings#177.0,Settings / 알림,23.Settings,182,알림,설정 > 알림 > 상태 표시줄에서 무음 알림 숨기기 ON,2,MENU_NAVIGATION,no baseline deep-link for area; tap-navigation required,False,False,True,,MISSING,no baseline d1 screen for area '알림',0.3,PROBE_DEFER_MUTATION
23.Settings#178.0,Settings / 알림,23.Settings,183,알림,설정 > 알림 > 상태 표시줄에서 무음 알림 숨기기 OFF,2,MENU_NAVIGATION,no baseline deep-link for area; tap-navigation required,False,False,True,,MISSING,no baseline d1 screen for area '알림',0.3,PROBE_DEFER_MUTATION
23.Settings#181.0,Settings / 알림,23.Settings,186,알림,설정 > 알림 > 앱 아이콘에 알림 표시 점 사용 ON,2,MENU_NAVIGATION,no baseline deep-link for area; tap-navigation required,False,False,True,,MISSING,no baseline d1 screen for area '알림',0.3,PROBE_DEFER_MUTATION
23.Settings#182.0,Settings / 알림,23.Settings,187,알림,설정 > 알림 > 앱 아이콘에 알림 표시 점 사용 OFF,2,MENU_NAVIGATION,no baseline deep-link for area; tap-navigation required,False,False,True,,MISSING,no baseline d1 screen for area '알림',0.3,PROBE_DEFER_MUTATION
23.Settings#186.0,Settings / 알림 읽어주기,23.Settings,191,알림 읽어주기,설정 > 알림 읽어주기 > 임의의 메뉴 활성화,2,MENU_NAVIGATION,no baseline deep-link for area; tap-navigation required,True,False,True,,MISSING,no baseline d1 screen for area '알림 읽어주기',0.3,PROBE_DEFER_MUTATION
23.Settings#187.0,Settings / 알림 읽어주기,23.Settings,192,알림 읽어주기,설정 > 알림 읽어주기 > 임의의 메뉴 활성화,2,MENU_NAVIGATION,no baseline deep-link for area; tap-navigation required,True,False,True,,MISSING,no baseline d1 screen for area '알림 읽어주기',0.3,PROBE_DEFER_MUTATION
23.Settings#188.0,Settings / 알림 읽어주기,23.Settings,193,알림 읽어주기,설정 > 알림 읽어주기 > 임의의 메뉴 활성화,2,MENU_NAVIGATION,no baseline deep-link for area; tap-navigation required,True,False,True,,MISSING,no baseline d1 screen for area '알림 읽어주기',0.3,PROBE_DEFER_MUTATION
23.Settings#189.0,Settings / 알림 읽어주기,23.Settings,194,알림 읽어주기,설정 > 알림 읽어주기 > 정각 알림 읽어주기 ON,2,MENU_NAVIGATION,no baseline deep-link for area; tap-navigation required,True,False,True,,MISSING,no baseline d1 screen for area '알림 읽어주기',0.3,PROBE_DEFER_MUTATION
23.Settings#190.0,Settings / 알림 읽어주기,23.Settings,195,알림 읽어주기,설정 > 알림 읽어주기 > 정각 알림 읽어주기 ON > 알림 시작 시간,3,MENU_NAVIGATION,no baseline deep-link for area; tap-navigation required,False,False,True,,MISSING,no baseline d1 screen for area '알림 읽어주기',0.3,PROBE_DEFER_MUTATION
23.Settings#191.0,Settings / 알림 읽어주기,23.Settings,196,알림 읽어주기,설정 > 알림 읽어주기 > 정각 알림 읽어주기 ON > 임의의 시간 설정 팝업창 활성화,3,MENU_NAVIGATION,no baseline deep-link for area; tap-navigation required,True,False,True,,MISSING,no baseline d1 screen for area '알림 읽어주기',0.3,PROBE_DEFER_MUTATION
23.Settings#193.0,Settings / 알림 읽어주기,23.Settings,198,알림 읽어주기,설정 > 알림 읽어주기 > 정각 알림 읽어주기 ON > 임의의 시간 설정 팝업창 활성화 > HH : MM 부분에서 LCD 패널,4,MENU_NAVIGATION,no baseline deep-link for area; tap-navigation required,True,False,True,,MISSING,no baseline d1 screen for area '알림 읽어주기',0.3,PROBE_DEFER_MUTATION
23.Settings#194.0,Settings / 알림 읽어주기,23.Settings,199,알림 읽어주기,설정 > 알림 읽어주기 > 정각 알림 읽어주기 ON > 임의의 시간 설정 팝업창 활성화,3,MENU_NAVIGATION,no baseline deep-link for area; tap-navigation required,True,False,True,,MISSING,no baseline d1 screen for area '알림 읽어주기',0.3,PROBE_DEFER_MUTATION
23.Settings#195.0,Settings / 알림 읽어주기,23.Settings,200,알림 읽어주기,설정 > 알림 읽어주기 > 정각 알림 읽어주기 ON > 임의의 시간 설정 팝업창 활성화 > HH: MM 부분에서 LCD 패널 > 하단의 시계 움직이기,5,MENU_NAVIGATION,no baseline deep-link for area; tap-navigation required,True,False,True,,MISSING,no baseline d1 screen for area '알림 읽어주기',0.3,PROBE_DEFER_MUTATION
23.Settings#196.0,Settings / 알림 읽어주기,23.Settings,201,알림 읽어주기,설정 > 알림 읽어주기 > 정각 알림 읽어주기 ON > 임의의 시간 설정 > 취소,4,MENU_NAVIGATION,no baseline deep-link for area; tap-navigation required,False,False,True,,MISSING,no baseline d1 screen for area '알림 읽어주기',0.3,PROBE_DEFER_MUTATION
23.Settings#197.0,Settings / 알림 읽어주기,23.Settings,202,알림 읽어주기,설정 > 알림 읽어주기 > 정각 알림 읽어주기 ON > 임의의 시간 설정 > 확인,4,MENU_NAVIGATION,no baseline deep-link for area; tap-navigation required,False,False,True,,MISSING,no baseline d1 screen for area '알림 읽어주기',0.3,PROBE_DEFER_MUTATION
23.Settings#198.0,Settings / 알림 읽어주기,23.Settings,203,알림 읽어주기,설정 > 알림 읽어주기 > 정각 알림 읽어주기 ON > 알림 종료 시간,3,MENU_NAVIGATION,no baseline deep-link for area; tap-navigation required,False,False,True,,MISSING,no baseline d1 screen for area '알림 읽어주기',0.3,PROBE_DEFER_MUTATION
23.Settings#199.0,Settings / 알림 읽어주기,23.Settings,204,알림 읽어주기,설정 > 알림 읽어주기 > 정각 알림 읽어주기 ON > 알림 요일,3,MENU_NAVIGATION,no baseline deep-link for area; tap-navigation required,False,False,True,,MISSING,no baseline d1 screen for area '알림 읽어주기',0.3,PROBE_DEFER_MUTATION
23.Settings#200.0,Settings / 알림 읽어주기,23.Settings,205,알림 읽어주기,설정 > 알림 읽어주기 > 정각 알림 읽어주기 ON > 알림 요일 > 임의의 메뉴 변경,4,MENU_NAVIGATION,no baseline deep-link for area; tap-navigation required,True,False,True,,MISSING,no baseline d1 screen for area '알림 읽어주기',0.3,PROBE_DEFER_MUTATION
23.Settings#201.0,Settings / 알림 읽어주기,23.Settings,206,알림 읽어주기,설정 > 알림 읽어주기 > 정각 알림 읽어주기 ON > 알림 요일 > 임의의 메뉴 변경 > 확인,5,MENU_NAVIGATION,no baseline deep-link for area; tap-navigation required,False,False,True,,MISSING,no baseline d1 screen for area '알림 읽어주기',0.3,PROBE_DEFER_MUTATION
23.Settings#202.0,Settings / 알림 읽어주기,23.Settings,207,알림 읽어주기,설정 > 알림 읽어주기 > 정각 알림 읽어주기 ON > 알림 요일 > 임의의 메뉴 변경 > 취소,5,MENU_NAVIGATION,no baseline deep-link for area; tap-navigation required,False,False,True,,MISSING,no baseline d1 screen for area '알림 읽어주기',0.3,PROBE_DEFER_MUTATION
23.Settings#203.0,Settings / 알림 읽어주기,23.Settings,208,알림 읽어주기,설정 > 알림 읽어주기 > 정각 알림 읽어주기 ON > 정각까지 대기,3,MENU_NAVIGATION,no baseline deep-link for area; tap-navigation required,False,False,True,,MISSING,no baseline d1 screen for area '알림 읽어주기',0.3,PROBE_DEFER_MUTATION
23.Settings#204.0,Settings / 알림 읽어주기,23.Settings,209,알림 읽어주기,설정 > 알림 읽어주기 > 정각 알림 읽어주기 ON > 정각까지 대기,3,MENU_NAVIGATION,no baseline deep-link for area; tap-navigation required,False,False,True,,MISSING,no baseline d1 screen for area '알림 읽어주기',0.3,PROBE_DEFER_MUTATION
23.Settings#253.0,Settings / 배터리,23.Settings,258,배터리,설정 > 배터리,1,MENU_NAVIGATION,no baseline deep-link for area; tap-navigation required,False,False,False,,MISSING,no baseline d1 screen for area '배터리',0.3,PROBE_PRIORITY_MEDIUM
23.Settings#255.0,Settings / 배터리,23.Settings,260,배터리,설정 > 배터리 > 배터리 사용량 > 배터리 사용한 앱,3,MENU_NAVIGATION,no baseline deep-link for area; tap-navigation required,False,False,False,,MISSING,no baseline d1 screen for area '배터리',0.3,PROBE_PRIORITY_MEDIUM
23.Settings#259.0,Settings / 배터리,23.Settings,264,배터리,설정 > 배터리 > 절전 모드 > 절전모드 > 90%에 모드 끄기' 메뉴,4,MENU_NAVIGATION,no baseline deep-link for area; tap-navigation required,False,False,True,,MISSING,no baseline d1 screen for area '배터리',0.3,PROBE_DEFER_MUTATION
23.Settings#260.0,Settings / 배터리,23.Settings,265,배터리,설정 > 배터리 > 절전모드 > 배터리 자동 조절,3,MENU_NAVIGATION,no baseline deep-link for area; tap-navigation required,False,False,True,,MISSING,no baseline d1 screen for area '배터리',0.3,PROBE_DEFER_MUTATION
23.Settings#261.0,Settings / 배터리,23.Settings,266,배터리,설정 > 배터리 > 절전모드 > 배터리 잔량 비율 ON/OFF,3,MENU_NAVIGATION,no baseline deep-link for area; tap-navigation required,False,False,True,,MISSING,no baseline d1 screen for area '배터리',0.3,PROBE_DEFER_MUTATION
23.Settings#262.0,Settings / 저장용량,23.Settings,267,저장용량,설정 > 저장용량 > 여유 공간 확보,2,MENU_NAVIGATION,no baseline deep-link for area; tap-navigation required,False,False,False,,MISSING,no baseline d1 screen for area '저장용량',0.3,PROBE_PRIORITY_MEDIUM
23.Settings#263.0,Settings / 저장용량,23.Settings,268,저장용량,설정 > 저장용량 > 시스템,2,MENU_NAVIGATION,no baseline deep-link for area; tap-navigation required,False,False,False,,MISSING,no baseline d1 screen for area '저장용량',0.3,PROBE_PRIORITY_MEDIUM
23.Settings#264.0,Settings / 저장용량,23.Settings,269,저장용량,설정 > 저장용량 > 앱,2,MENU_NAVIGATION,no baseline deep-link for area; tap-navigation required,False,False,False,,MISSING,no baseline d1 screen for area '저장용량',0.3,PROBE_PRIORITY_MEDIUM
23.Settings#265.0,Settings / 저장용량,23.Settings,270,저장용량,설정 > 저장용량 > 휴지통,2,MENU_NAVIGATION,no baseline deep-link for area; tap-navigation required,False,False,False,,MISSING,no baseline d1 screen for area '저장용량',0.3,PROBE_PRIORITY_MEDIUM
23.Settings#266.0,Settings / 저장용량,23.Settings,271,저장용량,설정 > 저장용량 > 문서 및 기타,2,MENU_NAVIGATION,no baseline deep-link for area; tap-navigation required,False,False,False,,MISSING,no baseline d1 screen for area '저장용량',0.3,PROBE_PRIORITY_MEDIUM
23.Settings#267.0,Settings / 저장용량,23.Settings,272,저장용량,설정 > 저장용량 > 게임,2,MENU_NAVIGATION,no baseline deep-link for area; tap-navigation required,False,False,False,,MISSING,no baseline d1 screen for area '저장용량',0.3,PROBE_PRIORITY_MEDIUM
23.Settings#268.0,Settings / 저장용량,23.Settings,273,저장용량,설정 > 저장용량 > 오디오,2,MENU_NAVIGATION,no baseline deep-link for area; tap-navigation required,False,False,False,,MISSING,no baseline d1 screen for area '저장용량',0.3,PROBE_PRIORITY_MEDIUM
23.Settings#269.0,Settings / 저장용량,23.Settings,274,저장용량,설정 > 저장용량 > 동영상,2,MENU_NAVIGATION,no baseline deep-link for area; tap-navigation required,False,False,False,,MISSING,no baseline d1 screen for area '저장용량',0.3,PROBE_PRIORITY_MEDIUM
23.Settings#270.0,Settings / 저장용량,23.Settings,275,저장용량,설정 > 저장용량 > 이미지,2,MENU_NAVIGATION,no baseline deep-link for area; tap-navigation required,False,False,False,,MISSING,no baseline d1 screen for area '저장용량',0.3,PROBE_PRIORITY_MEDIUM
23.Settings#274.0,Settings / 소리 및 진동,23.Settings,279,소리 및 진동,설정 > 소리 및 진동 > 전화 벨소리,2,DEEPLINK_CANDIDATE,baseline launched android.settings.SOUND_SETTINGS (d1 candidate; leaf unconfirmed),False,False,False,settings_d1_sound,LEAF_LABEL_OBSERVED,"leaf label seen in d1 single-pass observation (label only, target not entered)",0.7,NO_ANCHOR_DEEPEN_NEEDED
23.Settings#276.0,Settings / 소리 및 진동,23.Settings,281,소리 및 진동,설정 > 소리 및 진동 > 미디어,2,DEEPLINK_CANDIDATE,baseline launched android.settings.SOUND_SETTINGS (d1 candidate; leaf unconfirmed),False,False,True,settings_d1_sound,LEAF_LABEL_OBSERVED,"leaf label seen in d1 single-pass observation (label only, target not entered)",0.7,NO_ANCHOR_DEEPEN_NEEDED
23.Settings#277.0,Settings / 소리 및 진동,23.Settings,282,소리 및 진동,설정 > 소리 및 진동 > 진동 및 햅틱,2,DEEPLINK_CANDIDATE,baseline launched android.settings.SOUND_SETTINGS (d1 candidate; leaf unconfirmed),False,False,False,settings_d1_sound,LEAF_LABEL_OBSERVED,"leaf label seen in d1 single-pass observation (label only, target not entered)",0.7,NO_ANCHOR_DEEPEN_NEEDED
23.Settings#278.0,Settings / 소리 및 진동,23.Settings,283,소리 및 진동,설정 > 소리 및 진동 > 진동 및 햅틱 off,2,DEEPLINK_CANDIDATE,baseline launched android.settings.SOUND_SETTINGS (d1 candidate; leaf unconfirmed),False,False,False,settings_d1_sound,PARTIAL,d1 screen in baseline; leaf not in single-pass observation (may exist deeper),0.4,PROBE_PRIORITY_HIGH
23.Settings#279.0,Settings / 소리 및 진동,23.Settings,284,소리 및 진동,설정 > 소리 및 진동 > 기본 알림 소리,2,DEEPLINK_CANDIDATE,baseline launched android.settings.SOUND_SETTINGS (d1 candidate; leaf unconfirmed),False,False,False,settings_d1_sound,LEAF_LABEL_OBSERVED,"leaf label seen in d1 single-pass observation (label only, target not entered)",0.7,NO_ANCHOR_DEEPEN_NEEDED
23.Settings#280.0,Settings / 소리 및 진동,23.Settings,285,소리 및 진동,설정 > 소리 및 진동 > 기본 알람 소리,2,DEEPLINK_CANDIDATE,baseline launched android.settings.SOUND_SETTINGS (d1 candidate; leaf unconfirmed),False,False,False,settings_d1_sound,LEAF_LABEL_OBSERVED,"leaf label seen in d1 single-pass observation (label only, target not entered)",0.7,NO_ANCHOR_DEEPEN_NEEDED
23.Settings#281.0,Settings / 소리 및 진동,23.Settings,286,소리 및 진동,설정 > 소리 및 진동 > 다이얼 패드 효과음 ON/OFF,2,DEEPLINK_CANDIDATE,baseline launched android.settings.SOUND_SETTINGS (d1 candidate; leaf unconfirmed),False,False,True,settings_d1_sound,PARTIAL,d1 screen in baseline; leaf not in single-pass observation (may exist deeper),0.4,PROBE_DEFER_MUTATION
23.Settings#282.0,Settings / 소리 및 진동,23.Settings,287,소리 및 진동,설정 > 소리 및 진동 > 화면 잠금 소리 ON/OFF,2,DEEPLINK_CANDIDATE,baseline launched android.settings.SOUND_SETTINGS (d1 candidate; leaf unconfirmed),False,False,True,settings_d1_sound,PARTIAL,d1 screen in baseline; leaf not in single-pass observation (may exist deeper),0.4,PROBE_DEFER_MUTATION
23.Settings#283.0,Settings / 소리 및 진동,23.Settings,288,소리 및 진동,설정 > 소리 및 진동 > 충전 소리 및 진동 ON/OFF,2,DEEPLINK_CANDIDATE,baseline launched android.settings.SOUND_SETTINGS (d1 candidate; leaf unconfirmed),False,False,True,settings_d1_sound,PARTIAL,d1 screen in baseline; leaf not in single-pass observation (may exist deeper),0.4,PROBE_DEFER_MUTATION
23.Settings#284.0,Settings / 소리 및 진동,23.Settings,289,소리 및 진동,설정 > 소리 및 진동 > 터치음 ON/OFF,2,DEEPLINK_CANDIDATE,baseline launched android.settings.SOUND_SETTINGS (d1 candidate; leaf unconfirmed),False,False,True,settings_d1_sound,PARTIAL,d1 screen in baseline; leaf not in single-pass observation (may exist deeper),0.4,PROBE_DEFER_MUTATION
23.Settings#286.0,Settings / 디스플레이 - 밝기 수준,23.Settings,291,디스플레이,설정 > 디스플레이 > 밝기 수준,2,DEEPLINK_CANDIDATE,baseline launched android.settings.DISPLAY_SETTINGS (d1 candidate; leaf unconfirmed),True,False,True,settings_d1_display,LEAF_LABEL_OBSERVED,"leaf label seen in d1 single-pass observation (label only, target not entered)",0.7,NO_ANCHOR_DEEPEN_NEEDED
23.Settings#287.0,Settings / 디스플레이 - 밝기 수준,23.Settings,292,디스플레이,설정 > 디스플레이 > 밝기 수준,2,DEEPLINK_CANDIDATE,baseline launched android.settings.DISPLAY_SETTINGS (d1 candidate; leaf unconfirmed),False,False,True,settings_d1_display,LEAF_LABEL_OBSERVED,"leaf label seen in d1 single-pass observation (label only, target not entered)",0.7,NO_ANCHOR_DEEPEN_NEEDED
23.Settings#288.0,Settings / 디스플레이 - 밝기 수준,23.Settings,293,디스플레이,설정 > 디스플레이 > 밝기 수준,2,DEEPLINK_CANDIDATE,baseline launched android.settings.DISPLAY_SETTINGS (d1 candidate; leaf unconfirmed),False,False,True,settings_d1_display,LEAF_LABEL_OBSERVED,"leaf label seen in d1 single-pass observation (label only, target not entered)",0.7,NO_ANCHOR_DEEPEN_NEEDED
23.Settings#289.0,Settings / 디스플레이 - 밝기 수준,23.Settings,294,디스플레이,설정 > 디스플레이 > 밝기 수준,2,DEEPLINK_CANDIDATE,baseline launched android.settings.DISPLAY_SETTINGS (d1 candidate; leaf unconfirmed),False,False,True,settings_d1_display,LEAF_LABEL_OBSERVED,"leaf label seen in d1 single-pass observation (label only, target not entered)",0.7,NO_ANCHOR_DEEPEN_NEEDED
23.Settings#290.0,Settings / 디스플레이 - 밝기 수준,23.Settings,295,디스플레이,설정 > 디스플레이 > 밝기 수준,2,DEEPLINK_CANDIDATE,baseline launched android.settings.DISPLAY_SETTINGS (d1 candidate; leaf unconfirmed),False,False,True,settings_d1_display,LEAF_LABEL_OBSERVED,"leaf label seen in d1 single-pass observation (label only, target not entered)",0.7,NO_ANCHOR_DEEPEN_NEEDED
23.Settings#291.0,Settings / 디스플레이 - 키패드 조명 동작 시간,23.Settings,296,디스플레이,설정 > 디스플레이 > 키패드 조명 동작 시간,2,DEEPLINK_CANDIDATE,baseline launched android.settings.DISPLAY_SETTINGS (d1 candidate; leaf unconfirmed),True,False,False,settings_d1_display,LEAF_LABEL_OBSERVED,"leaf label seen in d1 single-pass observation (label only, target not entered)",0.7,NO_ANCHOR_DEEPEN_NEEDED
23.Settings#292.0,Settings / 디스플레이 - 밝기 자동 조절,23.Settings,297,디스플레이,설정 > 디스플레이 > 밝기 자동 조절 설정 메뉴,2,DEEPLINK_CANDIDATE,baseline launched android.settings.DISPLAY_SETTINGS (d1 candidate; leaf unconfirmed),False,False,False,settings_d1_display,PARTIAL,d1 screen in baseline; leaf not in single-pass observation (may exist deeper),0.4,PROBE_PRIORITY_HIGH
23.Settings#293.0,Settings / 디스플레이 - 밝기 자동 조절,23.Settings,298,디스플레이,설정 > 디스플레이 > 밝기 자동 조절 설정 메뉴,2,DEEPLINK_CANDIDATE,baseline launched android.settings.DISPLAY_SETTINGS (d1 candidate; leaf unconfirmed),False,False,False,settings_d1_display,PARTIAL,d1 screen in baseline; leaf not in single-pass observation (may exist deeper),0.4,PROBE_PRIORITY_HIGH
23.Settings#294.0,Settings / 디스플레이 - 밝기 자동 조절,23.Settings,299,디스플레이,설정 > 디스플레이 > 밝기 자동 조절 설정 메뉴,2,DEEPLINK_CANDIDATE,baseline launched android.settings.DISPLAY_SETTINGS (d1 candidate; leaf unconfirmed),False,False,False,settings_d1_display,PARTIAL,d1 screen in baseline; leaf not in single-pass observation (may exist deeper),0.4,PROBE_PRIORITY_HIGH
23.Settings#295.0,Settings / 디스플레이 - 밝기 자동 조절,23.Settings,300,디스플레이,설정 > 디스플레이 > 밝기 자동 조절 설정 메뉴,2,DEEPLINK_CANDIDATE,baseline launched android.settings.DISPLAY_SETTINGS (d1 candidate; leaf unconfirmed),False,False,False,settings_d1_display,PARTIAL,d1 screen in baseline; leaf not in single-pass observation (may exist deeper),0.4,PROBE_PRIORITY_HIGH
23.Settings#299.0,Settings / 디스플레이 - 잠금 화면,23.Settings,304,디스플레이,설정 > 디스플레이 > 잠금화면,2,DEEPLINK_CANDIDATE,baseline launched android.settings.DISPLAY_SETTINGS (d1 candidate; leaf unconfirmed),False,False,False,settings_d1_display,LEAF_LABEL_OBSERVED,"leaf label seen in d1 single-pass observation (label only, target not entered)",0.7,NO_ANCHOR_DEEPEN_NEEDED
23.Settings#324.0,Settings / 디스플레이 - 잠금 화면,23.Settings,329,디스플레이,설정 > 디스플레이 > 잠금화면,2,DEEPLINK_CANDIDATE,baseline launched android.settings.DISPLAY_SETTINGS (d1 candidate; leaf unconfirmed),True,False,False,settings_d1_display,LEAF_LABEL_OBSERVED,"leaf label seen in d1 single-pass observation (label only, target not entered)",0.7,NO_ANCHOR_DEEPEN_NEEDED
23.Settings#327.0,Settings / 디스플레이 - 잠금 화면,23.Settings,332,디스플레이,설정 > 디스플레이 > 잠금화면,2,DEEPLINK_CANDIDATE,baseline launched android.settings.DISPLAY_SETTINGS (d1 candidate; leaf unconfirmed),True,False,False,settings_d1_display,LEAF_LABEL_OBSERVED,"leaf label seen in d1 single-pass observation (label only, target not entered)",0.7,NO_ANCHOR_DEEPEN_NEEDED
23.Settings#337.0,Settings / 디스플레이 - 화면 자동 잠금 시간,23.Settings,342,디스플레이,설정 > 디스플레이 > 화면 자동 잠금 시간,2,DEEPLINK_CANDIDATE,baseline launched android.settings.DISPLAY_SETTINGS (d1 candidate; leaf unconfirmed),False,False,False,settings_d1_display,LEAF_LABEL_OBSERVED,"leaf label seen in d1 single-pass observation (label only, target not entered)",0.7,NO_ANCHOR_DEEPEN_NEEDED
23.Settings#338.0,Settings / 디스플레이 - 화면 자동 잠금 시간,23.Settings,343,디스플레이,설정 > 디스플레이 > 화면 자동 잠금 시간,2,DEEPLINK_CANDIDATE,baseline launched android.settings.DISPLAY_SETTINGS (d1 candidate; leaf unconfirmed),False,False,False,settings_d1_display,LEAF_LABEL_OBSERVED,"leaf label seen in d1 single-pass observation (label only, target not entered)",0.7,NO_ANCHOR_DEEPEN_NEEDED
23.Settings#339.0,Settings / 디스플레이 - 화면 자동 잠금 시간,23.Settings,344,디스플레이,설정 > 디스플레이 > 화면 자동 잠금 시간,2,DEEPLINK_CANDIDATE,baseline launched android.settings.DISPLAY_SETTINGS (d1 candidate; leaf unconfirmed),False,False,False,settings_d1_display,LEAF_LABEL_OBSERVED,"leaf label seen in d1 single-pass observation (label only, target not entered)",0.7,NO_ANCHOR_DEEPEN_NEEDED
23.Settings#340.0,Settings / 디스플레이 - 화면 자동 잠금 시간,23.Settings,345,디스플레이,설정 > 디스플레이 > 화면 자동 잠금 시간,2,DEEPLINK_CANDIDATE,baseline launched android.settings.DISPLAY_SETTINGS (d1 candidate; leaf unconfirmed),False,False,False,settings_d1_display,LEAF_LABEL_OBSERVED,"leaf label seen in d1 single-pass observation (label only, target not entered)",0.7,NO_ANCHOR_DEEPEN_NEEDED
23.Settings#341.0,Settings / 디스플레이 - 화면 자동 잠금 시간,23.Settings,346,디스플레이,설정 > 디스플레이 > 화면 자동 잠금 시간,2,DEEPLINK_CANDIDATE,baseline launched android.settings.DISPLAY_SETTINGS (d1 candidate; leaf unconfirmed),False,False,False,settings_d1_display,LEAF_LABEL_OBSERVED,"leaf label seen in d1 single-pass observation (label only, target not entered)",0.7,NO_ANCHOR_DEEPEN_NEEDED
23.Settings#342.0,Settings / 디스플레이 - 화면 자동 잠금 시간,23.Settings,347,디스플레이,설정 > 디스플레이 > 화면 자동 잠금 시간,2,DEEPLINK_CANDIDATE,baseline launched android.settings.DISPLAY_SETTINGS (d1 candidate; leaf unconfirmed),False,False,False,settings_d1_display,LEAF_LABEL_OBSERVED,"leaf label seen in d1 single-pass observation (label only, target not entered)",0.7,NO_ANCHOR_DEEPEN_NEEDED
23.Settings#343.0,Settings / 디스플레이 - 화면 자동 잠금 시간,23.Settings,348,디스플레이,설정 > 디스플레이 > 화면 자동 잠금 시간,2,DEEPLINK_CANDIDATE,baseline launched android.settings.DISPLAY_SETTINGS (d1 candidate; leaf unconfirmed),False,False,False,settings_d1_display,LEAF_LABEL_OBSERVED,"leaf label seen in d1 single-pass observation (label only, target not entered)",0.7,NO_ANCHOR_DEEPEN_NEEDED
23.Settings#344.0,Settings / 디스플레이 - 화면 자동 잠금 시간,23.Settings,349,디스플레이,설정 > 디스플레이 > 화면 자동 잠금 시간,2,DEEPLINK_CANDIDATE,baseline launched android.settings.DISPLAY_SETTINGS (d1 candidate; leaf unconfirmed),False,False,False,settings_d1_display,LEAF_LABEL_OBSERVED,"leaf label seen in d1 single-pass observation (label only, target not entered)",0.7,NO_ANCHOR_DEEPEN_NEEDED
23.Settings#363.0,Settings / 디스플레이 - 다크 모드,23.Settings,368,디스플레이,설정 > 디스플레이 > 다크 모드 설정 On,2,DEEPLINK_CANDIDATE,baseline launched android.settings.DISPLAY_SETTINGS (d1 candidate; leaf unconfirmed),False,False,True,settings_d1_display,PARTIAL,d1 screen in baseline; leaf not in single-pass observation (may exist deeper),0.4,PROBE_DEFER_MUTATION
23.Settings#364.0,Settings / 디스플레이 - 다크 모드,23.Settings,369,디스플레이,설정 > 디스플레이 > 다크 모드 설정,2,DEEPLINK_CANDIDATE,baseline launched android.settings.DISPLAY_SETTINGS (d1 candidate; leaf unconfirmed),False,False,False,settings_d1_display,PARTIAL,d1 screen in baseline; leaf not in single-pass observation (may exist deeper),0.4,PROBE_PRIORITY_HIGH
23.Settings#365.0,Settings / 디스플레이 - 다크 모드,23.Settings,370,디스플레이,설정 > 디스플레이 > 다크 모드 설정,2,DEEPLINK_CANDIDATE,baseline launched android.settings.DISPLAY_SETTINGS (d1 candidate; leaf unconfirmed),False,False,True,settings_d1_display,PARTIAL,d1 screen in baseline; leaf not in single-pass observation (may exist deeper),0.4,PROBE_DEFER_MUTATION
23.Settings#366.0,Settings / 디스플레이 - 다크 모드,23.Settings,371,디스플레이,설정 > 디스플레이 > 다크 모드 설정,2,DEEPLINK_CANDIDATE,baseline launched android.settings.DISPLAY_SETTINGS (d1 candidate; leaf unconfirmed),False,False,True,settings_d1_display,PARTIAL,d1 screen in baseline; leaf not in single-pass observation (may exist deeper),0.4,PROBE_DEFER_MUTATION
23.Settings#367.0,Settings / 디스플레이 - 다크 모드,23.Settings,372,디스플레이,설정 > 디스플레이 > 다크 모드 설정,2,DEEPLINK_CANDIDATE,baseline launched android.settings.DISPLAY_SETTINGS (d1 candidate; leaf unconfirmed),True,False,True,settings_d1_display,PARTIAL,d1 screen in baseline; leaf not in single-pass observation (may exist deeper),0.4,PROBE_DEFER_MUTATION
23.Settings#368.0,Settings / 디스플레이 - 다크 모드,23.Settings,373,디스플레이,설정 > 디스플레이 > 다크 모드 설정,2,DEEPLINK_CANDIDATE,baseline launched android.settings.DISPLAY_SETTINGS (d1 candidate; leaf unconfirmed),True,False,True,settings_d1_display,PARTIAL,d1 screen in baseline; leaf not in single-pass observation (may exist deeper),0.4,PROBE_DEFER_MUTATION
23.Settings#369.0,Settings / 디스플레이 - 다크 모드,23.Settings,374,디스플레이,설정 > 디스플레이 > 다크 모드 설정,2,DEEPLINK_CANDIDATE,baseline launched android.settings.DISPLAY_SETTINGS (d1 candidate; leaf unconfirmed),False,False,True,settings_d1_display,PARTIAL,d1 screen in baseline; leaf not in single-pass observation (may exist deeper),0.4,PROBE_DEFER_MUTATION
23.Settings#370.0,Settings / 디스플레이 - 다크 모드,23.Settings,375,디스플레이,설정 > 디스플레이 > 다크 모드 설정,2,DEEPLINK_CANDIDATE,baseline launched android.settings.DISPLAY_SETTINGS (d1 candidate; leaf unconfirmed),True,False,True,settings_d1_display,PARTIAL,d1 screen in baseline; leaf not in single-pass observation (may exist deeper),0.4,PROBE_DEFER_MUTATION
23.Settings#371.0,Settings / 디스플레이 - 다크 모드,23.Settings,376,디스플레이,설정 > 디스플레이 > 다크 모드 설정,2,DEEPLINK_CANDIDATE,baseline launched android.settings.DISPLAY_SETTINGS (d1 candidate; leaf unconfirmed),True,False,True,settings_d1_display,PARTIAL,d1 screen in baseline; leaf not in single-pass observation (may exist deeper),0.4,PROBE_DEFER_MUTATION
23.Settings#372.0,Settings / 디스플레이 - 다크 모드,23.Settings,377,디스플레이,설정 > 디스플레이 > 다크 모드 설정,2,DEEPLINK_CANDIDATE,baseline launched android.settings.DISPLAY_SETTINGS (d1 candidate; leaf unconfirmed),True,False,True,settings_d1_display,PARTIAL,d1 screen in baseline; leaf not in single-pass observation (may exist deeper),0.4,PROBE_DEFER_MUTATION
23.Settings#373.0,Settings / 디스플레이 - 다크 모드,23.Settings,378,디스플레이,설정 > 디스플레이 > 다크 모드 설정,2,DEEPLINK_CANDIDATE,baseline launched android.settings.DISPLAY_SETTINGS (d1 candidate; leaf unconfirmed),True,False,True,settings_d1_display,PARTIAL,d1 screen in baseline; leaf not in single-pass observation (may exist deeper),0.4,PROBE_DEFER_MUTATION
23.Settings#374.0,Settings / 디스플레이 - 다크 모드,23.Settings,379,디스플레이,설정 > 디스플레이 > 다크 모드 설정 Off,2,DEEPLINK_CANDIDATE,baseline launched android.settings.DISPLAY_SETTINGS (d1 candidate; leaf unconfirmed),True,False,True,settings_d1_display,PARTIAL,d1 screen in baseline; leaf not in single-pass observation (may exist deeper),0.4,PROBE_DEFER_MUTATION
23.Settings#375.0,Settings / 디스플레이 - 다크 모드,23.Settings,380,디스플레이,설정 > 디스플레이 > 다크 모드,2,DEEPLINK_CANDIDATE,baseline launched android.settings.DISPLAY_SETTINGS (d1 candidate; leaf unconfirmed),True,False,True,settings_d1_display,PARTIAL,d1 screen in baseline; leaf not in single-pass observation (may exist deeper),0.4,PROBE_DEFER_MUTATION
23.Settings#376.0,Settings / 디스플레이 - 다크 모드,23.Settings,381,디스플레이,설정 > 디스플레이 > 다크 모드,2,DEEPLINK_CANDIDATE,baseline launched android.settings.DISPLAY_SETTINGS (d1 candidate; leaf unconfirmed),False,False,True,settings_d1_display,PARTIAL,d1 screen in baseline; leaf not in single-pass observation (may exist deeper),0.4,PROBE_DEFER_MUTATION
23.Settings#377.0,Settings / 디스플레이 - 다크 모드,23.Settings,382,디스플레이,설정 > 디스플레이 > 다크 모드,2,DEEPLINK_CANDIDATE,baseline launched android.settings.DISPLAY_SETTINGS (d1 candidate; leaf unconfirmed),False,False,True,settings_d1_display,PARTIAL,d1 screen in baseline; leaf not in single-pass observation (may exist deeper),0.4,PROBE_DEFER_MUTATION
23.Settings#378.0,Settings / 디스플레이 - 다크 모드,23.Settings,383,디스플레이,설정 > 디스플레이 > 다크 모드,2,DEEPLINK_CANDIDATE,baseline launched android.settings.DISPLAY_SETTINGS (d1 candidate; leaf unconfirmed),False,False,True,settings_d1_display,PARTIAL,d1 screen in baseline; leaf not in single-pass observation (may exist deeper),0.4,PROBE_DEFER_MUTATION
23.Settings#380.0,Settings / 디스플레이 - 디스플레이 크기 및 텍스트,23.Settings,385,디스플레이,설정 > 디스플레이 > 디스플레이 크기 및 텍스트,2,DEEPLINK_CANDIDATE,baseline launched android.settings.DISPLAY_SETTINGS (d1 candidate; leaf unconfirmed),True,False,False,settings_d1_display,LEAF_LABEL_OBSERVED,"leaf label seen in d1 single-pass observation (label only, target not entered)",0.7,NO_ANCHOR_DEEPEN_NEEDED
23.Settings#381.0,Settings / 디스플레이 - 디스플레이 크기 및 텍스트,23.Settings,386,디스플레이,설정 > 디스플레이 > 디스플레이 크기 및 텍스트,2,DEEPLINK_CANDIDATE,baseline launched android.settings.DISPLAY_SETTINGS (d1 candidate; leaf unconfirmed),False,False,False,settings_d1_display,LEAF_LABEL_OBSERVED,"leaf label seen in d1 single-pass observation (label only, target not entered)",0.7,NO_ANCHOR_DEEPEN_NEEDED
23.Settings#382.0,Settings / 디스플레이 - 디스플레이 크기 및 텍스트,23.Settings,387,디스플레이,설정 > 디스플레이 > 디스플레이 크기 및 텍스트,2,DEEPLINK_CANDIDATE,baseline launched android.settings.DISPLAY_SETTINGS (d1 candidate; leaf unconfirmed),False,False,True,settings_d1_display,LEAF_LABEL_OBSERVED,"leaf label seen in d1 single-pass observation (label only, target not entered)",0.7,NO_ANCHOR_DEEPEN_NEEDED
23.Settings#383.0,Settings / 디스플레이 - 디스플레이 크기 및 텍스트,23.Settings,388,디스플레이,설정 > 디스플레이 > 디스플레이 크기 및 텍스트,2,DEEPLINK_CANDIDATE,baseline launched android.settings.DISPLAY_SETTINGS (d1 candidate; leaf unconfirmed),False,False,True,settings_d1_display,LEAF_LABEL_OBSERVED,"leaf label seen in d1 single-pass observation (label only, target not entered)",0.7,NO_ANCHOR_DEEPEN_NEEDED
23.Settings#384.0,Settings / 디스플레이 - 디스플레이 크기 및 텍스트,23.Settings,389,디스플레이,설정 > 디스플레이 > 디스플레이 크기 및 텍스트,2,DEEPLINK_CANDIDATE,baseline launched android.settings.DISPLAY_SETTINGS (d1 candidate; leaf unconfirmed),False,False,True,settings_d1_display,LEAF_LABEL_OBSERVED,"leaf label seen in d1 single-pass observation (label only, target not entered)",0.7,NO_ANCHOR_DEEPEN_NEEDED
23.Settings#385.0,Settings / 디스플레이 - 디스플레이 크기 및 텍스트,23.Settings,390,디스플레이,설정 > 디스플레이 > 디스플레이 크기 및 텍스트,2,DEEPLINK_CANDIDATE,baseline launched android.settings.DISPLAY_SETTINGS (d1 candidate; leaf unconfirmed),False,False,True,settings_d1_display,LEAF_LABEL_OBSERVED,"leaf label seen in d1 single-pass observation (label only, target not entered)",0.7,NO_ANCHOR_DEEPEN_NEEDED
23.Settings#386.0,Settings / 디스플레이 - 디스플레이 크기 및 텍스트,23.Settings,391,디스플레이,설정 > 디스플레이 > 디스플레이 크기 및 텍스트,2,DEEPLINK_CANDIDATE,baseline launched android.settings.DISPLAY_SETTINGS (d1 candidate; leaf unconfirmed),True,False,False,settings_d1_display,LEAF_LABEL_OBSERVED,"leaf label seen in d1 single-pass observation (label only, target not entered)",0.7,NO_ANCHOR_DEEPEN_NEEDED
23.Settings#387.0,Settings / 디스플레이 - 디스플레이 크기 및 텍스트,23.Settings,392,디스플레이,설정 > 디스플레이 > 디스플레이 크기 및 텍스트,2,DEEPLINK_CANDIDATE,baseline launched android.settings.DISPLAY_SETTINGS (d1 candidate; leaf unconfirmed),False,False,False,settings_d1_display,LEAF_LABEL_OBSERVED,"leaf label seen in d1 single-pass observation (label only, target not entered)",0.7,NO_ANCHOR_DEEPEN_NEEDED
23.Settings#388.0,Settings / 디스플레이 - 디스플레이 크기 및 텍스트,23.Settings,393,디스플레이,설정 > 디스플레이 > 디스플레이 크기 및 텍스트,2,DEEPLINK_CANDIDATE,baseline launched android.settings.DISPLAY_SETTINGS (d1 candidate; leaf unconfirmed),False,False,False,settings_d1_display,LEAF_LABEL_OBSERVED,"leaf label seen in d1 single-pass observation (label only, target not entered)",0.7,NO_ANCHOR_DEEPEN_NEEDED
23.Settings#389.0,Settings / 디스플레이 - 디스플레이 크기 및 텍스트,23.Settings,394,디스플레이,설정 > 디스플레이 > 디스플레이 크기 및 텍스트,2,DEEPLINK_CANDIDATE,baseline launched android.settings.DISPLAY_SETTINGS (d1 candidate; leaf unconfirmed),False,False,False,settings_d1_display,LEAF_LABEL_OBSERVED,"leaf label seen in d1 single-pass observation (label only, target not entered)",0.7,NO_ANCHOR_DEEPEN_NEEDED
23.Settings#390.0,Settings / 디스플레이 - 디스플레이 크기 및 텍스트,23.Settings,395,디스플레이,설정 > 디스플레이 > 디스플레이 크기 및 텍스트,2,DEEPLINK_CANDIDATE,baseline launched android.settings.DISPLAY_SETTINGS (d1 candidate; leaf unconfirmed),False,False,False,settings_d1_display,LEAF_LABEL_OBSERVED,"leaf label seen in d1 single-pass observation (label only, target not entered)",0.7,NO_ANCHOR_DEEPEN_NEEDED
23.Settings#391.0,Settings / 디스플레이 - 디스플레이 크기 및 텍스트,23.Settings,396,디스플레이,설정 > 디스플레이 > 디스플레이 크기 및 텍스트,2,DEEPLINK_CANDIDATE,baseline launched android.settings.DISPLAY_SETTINGS (d1 candidate; leaf unconfirmed),False,False,False,settings_d1_display,LEAF_LABEL_OBSERVED,"leaf label seen in d1 single-pass observation (label only, target not entered)",0.7,NO_ANCHOR_DEEPEN_NEEDED
23.Settings#392.0,Settings / 디스플레이 - 디스플레이 크기 및 텍스트,23.Settings,397,디스플레이,설정 > 디스플레이 > 디스플레이 크기 및 텍스트,2,DEEPLINK_CANDIDATE,baseline launched android.settings.DISPLAY_SETTINGS (d1 candidate; leaf unconfirmed),False,False,True,settings_d1_display,LEAF_LABEL_OBSERVED,"leaf label seen in d1 single-pass observation (label only, target not entered)",0.7,NO_ANCHOR_DEEPEN_NEEDED
23.Settings#393.0,Settings / 디스플레이 - 디스플레이 크기 및 텍스트,23.Settings,398,디스플레이,설정 > 디스플레이 > 디스플레이 크기 및 텍스트,2,DEEPLINK_CANDIDATE,baseline launched android.settings.DISPLAY_SETTINGS (d1 candidate; leaf unconfirmed),False,False,True,settings_d1_display,LEAF_LABEL_OBSERVED,"leaf label seen in d1 single-pass observation (label only, target not entered)",0.7,NO_ANCHOR_DEEPEN_NEEDED
23.Settings#394.0,Settings / 디스플레이 - 디스플레이 크기 및 텍스트,23.Settings,399,디스플레이,설정 > 디스플레이 > 디스플레이 크기 및 텍스트,2,DEEPLINK_CANDIDATE,baseline launched android.settings.DISPLAY_SETTINGS (d1 candidate; leaf unconfirmed),False,False,True,settings_d1_display,LEAF_LABEL_OBSERVED,"leaf label seen in d1 single-pass observation (label only, target not entered)",0.7,NO_ANCHOR_DEEPEN_NEEDED
23.Settings#395.0,Settings / 디스플레이 - 디스플레이 크기 및 텍스트,23.Settings,400,디스플레이,설정 > 디스플레이 > 디스플레이 크기 및 텍스트,2,DEEPLINK_CANDIDATE,baseline launched android.settings.DISPLAY_SETTINGS (d1 candidate; leaf unconfirmed),False,False,True,settings_d1_display,LEAF_LABEL_OBSERVED,"leaf label seen in d1 single-pass observation (label only, target not entered)",0.7,NO_ANCHOR_DEEPEN_NEEDED
23.Settings#396.0,Settings / 디스플레이 - 디스플레이 크기 및 텍스트,23.Settings,401,디스플레이,설정 > 디스플레이 > 디스플레이 크기 및 텍스트,2,DEEPLINK_CANDIDATE,baseline launched android.settings.DISPLAY_SETTINGS (d1 candidate; leaf unconfirmed),False,False,True,settings_d1_display,LEAF_LABEL_OBSERVED,"leaf label seen in d1 single-pass observation (label only, target not entered)",0.7,NO_ANCHOR_DEEPEN_NEEDED
23.Settings#397.0,Settings / 디스플레이 - 디스플레이 크기 및 텍스트,23.Settings,402,디스플레이,설정 > 디스플레이 > 디스플레이 크기 및 텍스트,2,DEEPLINK_CANDIDATE,baseline launched android.settings.DISPLAY_SETTINGS (d1 candidate; leaf unconfirmed),False,False,True,settings_d1_display,LEAF_LABEL_OBSERVED,"leaf label seen in d1 single-pass observation (label only, target not entered)",0.7,NO_ANCHOR_DEEPEN_NEEDED
23.Settings#401.0,Settings / 디스플레이 - 편안한 화면,23.Settings,406,디스플레이,설정 > 디스플레이 > 편안한 화면,2,DEEPLINK_CANDIDATE,baseline launched android.settings.DISPLAY_SETTINGS (d1 candidate; leaf unconfirmed),True,False,False,settings_d1_display,PARTIAL,d1 screen in baseline; leaf not in single-pass observation (may exist deeper),0.4,PROBE_DEFER_INPUT
23.Settings#402.0,Settings / 디스플레이 - 편안한 화면,23.Settings,407,디스플레이,설정 > 디스플레이 > 편안한 화면,2,DEEPLINK_CANDIDATE,baseline launched android.settings.DISPLAY_SETTINGS (d1 candidate; leaf unconfirmed),True,False,True,settings_d1_display,PARTIAL,d1 screen in baseline; leaf not in single-pass observation (may exist deeper),0.4,PROBE_DEFER_MUTATION
23.Settings#403.0,Settings / 디스플레이 - 편안한 화면,23.Settings,408,디스플레이,설정 > 디스플레이 > 편안한 화면,2,DEEPLINK_CANDIDATE,baseline launched android.settings.DISPLAY_SETTINGS (d1 candidate; leaf unconfirmed),False,False,False,settings_d1_display,PARTIAL,d1 screen in baseline; leaf not in single-pass observation (may exist deeper),0.4,PROBE_PRIORITY_HIGH
23.Settings#404.0,Settings / 디스플레이 - 편안한 화면,23.Settings,409,디스플레이,설정 > 디스플레이 > 편안한 화면,2,DEEPLINK_CANDIDATE,baseline launched android.settings.DISPLAY_SETTINGS (d1 candidate; leaf unconfirmed),False,False,True,settings_d1_display,PARTIAL,d1 screen in baseline; leaf not in single-pass observation (may exist deeper),0.4,PROBE_DEFER_MUTATION
23.Settings#405.0,Settings / 디스플레이 - 편안한 화면,23.Settings,410,디스플레이,설정 > 디스플레이 > 편안한 화면,2,DEEPLINK_CANDIDATE,baseline launched android.settings.DISPLAY_SETTINGS (d1 candidate; leaf unconfirmed),False,False,False,settings_d1_display,PARTIAL,d1 screen in baseline; leaf not in single-pass observation (may exist deeper),0.4,PROBE_PRIORITY_HIGH
23.Settings#406.0,Settings / 디스플레이 - 편안한 화면,23.Settings,411,디스플레이,설정 > 디스플레이 > 편안한 화면,2,DEEPLINK_CANDIDATE,baseline launched android.settings.DISPLAY_SETTINGS (d1 candidate; leaf unconfirmed),False,False,True,settings_d1_display,PARTIAL,d1 screen in baseline; leaf not in single-pass observation (may exist deeper),0.4,PROBE_DEFER_MUTATION
23.Settings#407.0,Settings / 디스플레이 - 편안한 화면,23.Settings,412,디스플레이,설정 > 디스플레이 > 편안한 화면,2,DEEPLINK_CANDIDATE,baseline launched android.settings.DISPLAY_SETTINGS (d1 candidate; leaf unconfirmed),False,False,False,settings_d1_display,PARTIAL,d1 screen in baseline; leaf not in single-pass observation (may exist deeper),0.4,PROBE_PRIORITY_HIGH
23.Settings#408.0,Settings / 디스플레이 - 화면 자동 회전,23.Settings,413,디스플레이,설정 > 디스플레이 > 화면 자동회전 설정,2,DEEPLINK_CANDIDATE,baseline launched android.settings.DISPLAY_SETTINGS (d1 candidate; leaf unconfirmed),False,False,False,settings_d1_display,PARTIAL,d1 screen in baseline; leaf not in single-pass observation (may exist deeper),0.4,PROBE_PRIORITY_HIGH
23.Settings#409.0,Settings / 디스플레이 - 화면 자동 회전,23.Settings,414,디스플레이,설정 > 디스플레이 > 화면 자동회전 토글 on/off icon,2,DEEPLINK_CANDIDATE,baseline launched android.settings.DISPLAY_SETTINGS (d1 candidate; leaf unconfirmed),True,False,True,settings_d1_display,PARTIAL,d1 screen in baseline; leaf not in single-pass observation (may exist deeper),0.4,PROBE_DEFER_MUTATION
23.Settings#410.0,Settings / 디스플레이 - 화면 자동 회전,23.Settings,415,디스플레이,설정 > 디스플레이 > 화면 자동회전 토글 on/off icon,2,DEEPLINK_CANDIDATE,baseline launched android.settings.DISPLAY_SETTINGS (d1 candidate; leaf unconfirmed),True,False,True,settings_d1_display,PARTIAL,d1 screen in baseline; leaf not in single-pass observation (may exist deeper),0.4,PROBE_DEFER_MUTATION
23.Settings#411.0,Settings / 디스플레이 - 화면 자동 회전,23.Settings,416,디스플레이,설정 > 디스플레이 > 화면 자동회전 토글 on/off icon,2,DEEPLINK_CANDIDATE,baseline launched android.settings.DISPLAY_SETTINGS (d1 candidate; leaf unconfirmed),True,False,True,settings_d1_display,PARTIAL,d1 screen in baseline; leaf not in single-pass observation (may exist deeper),0.4,PROBE_DEFER_MUTATION
23.Settings#412.0,Settings / 디스플레이 - 화면 자동 회전,23.Settings,417,디스플레이,설정 > 디스플레이 > 화면 자동회전 토글on/off icon,2,DEEPLINK_CANDIDATE,baseline launched android.settings.DISPLAY_SETTINGS (d1 candidate; leaf unconfirmed),True,False,True,settings_d1_display,PARTIAL,d1 screen in baseline; leaf not in single-pass observation (may exist deeper),0.4,PROBE_DEFER_MUTATION
23.Settings#414.0,Settings / 디스플레이 - 터치 민감도,23.Settings,419,디스플레이,설정 > 디스플레이 > 터치 민감도Tap,2,DEEPLINK_CANDIDATE,baseline launched android.settings.DISPLAY_SETTINGS (d1 candidate; leaf unconfirmed),False,False,False,settings_d1_display,PARTIAL,d1 screen in baseline; leaf not in single-pass observation (may exist deeper),0.4,PROBE_PRIORITY_HIGH
23.Settings#415.0,Settings / 디스플레이 - 화면 보호기,23.Settings,420,디스플레이,설정 > 디스플레이 > 화면 보호기,2,DEEPLINK_CANDIDATE,baseline launched android.settings.DISPLAY_SETTINGS (d1 candidate; leaf unconfirmed),True,False,False,settings_d1_display,LEAF_LABEL_OBSERVED,"leaf label seen in d1 single-pass observation (label only, target not entered)",0.7,NO_ANCHOR_DEEPEN_NEEDED
23.Settings#416.0,Settings / 디스플레이 - 화면 보호기,23.Settings,421,디스플레이,설정 > 디스플레이 > 화면 보호기,2,DEEPLINK_CANDIDATE,baseline launched android.settings.DISPLAY_SETTINGS (d1 candidate; leaf unconfirmed),True,False,True,settings_d1_display,LEAF_LABEL_OBSERVED,"leaf label seen in d1 single-pass observation (label only, target not entered)",0.7,NO_ANCHOR_DEEPEN_NEEDED
23.Settings#417.0,Settings / 디스플레이 - 화면 보호기,23.Settings,422,디스플레이,설정 > 디스플레이 > 화면 보호기,2,DEEPLINK_CANDIDATE,baseline launched android.settings.DISPLAY_SETTINGS (d1 candidate; leaf unconfirmed),False,False,True,settings_d1_display,LEAF_LABEL_OBSERVED,"leaf label seen in d1 single-pass observation (label only, target not entered)",0.7,NO_ANCHOR_DEEPEN_NEEDED
23.Settings#418.0,Settings / 디스플레이 - 화면 보호기,23.Settings,423,디스플레이,설정 > 디스플레이 > 화면 보호기,2,DEEPLINK_CANDIDATE,baseline launched android.settings.DISPLAY_SETTINGS (d1 candidate; leaf unconfirmed),False,False,True,settings_d1_display,LEAF_LABEL_OBSERVED,"leaf label seen in d1 single-pass observation (label only, target not entered)",0.7,NO_ANCHOR_DEEPEN_NEEDED
23.Settings#419.0,Settings / 디스플레이 - 화면 보호기,23.Settings,424,디스플레이,설정 > 디스플레이 > 화면 보호기,2,DEEPLINK_CANDIDATE,baseline launched android.settings.DISPLAY_SETTINGS (d1 candidate; leaf unconfirmed),False,False,True,settings_d1_display,LEAF_LABEL_OBSERVED,"leaf label seen in d1 single-pass observation (label only, target not entered)",0.7,NO_ANCHOR_DEEPEN_NEEDED
23.Settings#420.0,Settings / 디스플레이 - 화면 보호기,23.Settings,425,디스플레이,설정 > 디스플레이 > 화면 보호기,2,DEEPLINK_CANDIDATE,baseline launched android.settings.DISPLAY_SETTINGS (d1 candidate; leaf unconfirmed),True,False,True,settings_d1_display,LEAF_LABEL_OBSERVED,"leaf label seen in d1 single-pass observation (label only, target not entered)",0.7,NO_ANCHOR_DEEPEN_NEEDED
23.Settings#421.0,Settings / 디스플레이 - 화면 보호기,23.Settings,426,디스플레이,설정 > 디스플레이 > 화면 보호기,2,DEEPLINK_CANDIDATE,baseline launched android.settings.DISPLAY_SETTINGS (d1 candidate; leaf unconfirmed),False,False,True,settings_d1_display,LEAF_LABEL_OBSERVED,"leaf label seen in d1 single-pass observation (label only, target not entered)",0.7,NO_ANCHOR_DEEPEN_NEEDED
23.Settings#422.0,Settings / 디스플레이 - 화면 보호기,23.Settings,427,디스플레이,설정 > 디스플레이 > 화면 보호기,2,DEEPLINK_CANDIDATE,baseline launched android.settings.DISPLAY_SETTINGS (d1 candidate; leaf unconfirmed),False,False,True,settings_d1_display,LEAF_LABEL_OBSERVED,"leaf label seen in d1 single-pass observation (label only, target not entered)",0.7,NO_ANCHOR_DEEPEN_NEEDED
23.Settings#423.0,Settings / 디스플레이 - 화면 보호기,23.Settings,428,디스플레이,설정 > 디스플레이 > 화면 보호기,2,DEEPLINK_CANDIDATE,baseline launched android.settings.DISPLAY_SETTINGS (d1 candidate; leaf unconfirmed),False,False,True,settings_d1_display,LEAF_LABEL_OBSERVED,"leaf label seen in d1 single-pass observation (label only, target not entered)",0.7,NO_ANCHOR_DEEPEN_NEEDED
23.Settings#424.0,Settings / 디스플레이 - 화면 보호기,23.Settings,429,디스플레이,설정 > 디스플레이 > 화면 보호기,2,DEEPLINK_CANDIDATE,baseline launched android.settings.DISPLAY_SETTINGS (d1 candidate; leaf unconfirmed),True,False,True,settings_d1_display,LEAF_LABEL_OBSERVED,"leaf label seen in d1 single-pass observation (label only, target not entered)",0.7,NO_ANCHOR_DEEPEN_NEEDED
23.Settings#425.0,Settings / 디스플레이 - 화면 보호기,23.Settings,430,디스플레이,설정 > 디스플레이 > 화면 보호기,2,DEEPLINK_CANDIDATE,baseline launched android.settings.DISPLAY_SETTINGS (d1 candidate; leaf unconfirmed),True,False,True,settings_d1_display,LEAF_LABEL_OBSERVED,"leaf label seen in d1 single-pass observation (label only, target not entered)",0.7,NO_ANCHOR_DEEPEN_NEEDED
23.Settings#426.0,Settings / 디스플레이 - 화면 보호기,23.Settings,431,디스플레이,설정 > 디스플레이 > 화면 보호기,2,DEEPLINK_CANDIDATE,baseline launched android.settings.DISPLAY_SETTINGS (d1 candidate; leaf unconfirmed),False,False,True,settings_d1_display,LEAF_LABEL_OBSERVED,"leaf label seen in d1 single-pass observation (label only, target not entered)",0.7,NO_ANCHOR_DEEPEN_NEEDED
23.Settings#430.0,Settings / 디스플레이 - 화면 보호기,23.Settings,435,디스플레이,설정 > 디스플레이 > 화면 보호기,2,DEEPLINK_CANDIDATE,baseline launched android.settings.DISPLAY_SETTINGS (d1 candidate; leaf unconfirmed),True,False,True,settings_d1_display,LEAF_LABEL_OBSERVED,"leaf label seen in d1 single-pass observation (label only, target not entered)",0.7,NO_ANCHOR_DEEPEN_NEEDED
23.Settings#431.0,Settings / 디스플레이 - 화면 보호기,23.Settings,436,디스플레이,설정 > 디스플레이 > 화면 보호기,2,DEEPLINK_CANDIDATE,baseline launched android.settings.DISPLAY_SETTINGS (d1 candidate; leaf unconfirmed),True,False,True,settings_d1_display,LEAF_LABEL_OBSERVED,"leaf label seen in d1 single-pass observation (label only, target not entered)",0.7,NO_ANCHOR_DEEPEN_NEEDED
23.Settings#432.0,Settings / 디스플레이 - 화면 보호기,23.Settings,437,디스플레이,설정 > 디스플레이 > 화면 보호기,2,DEEPLINK_CANDIDATE,baseline launched android.settings.DISPLAY_SETTINGS (d1 candidate; leaf unconfirmed),True,False,True,settings_d1_display,LEAF_LABEL_OBSERVED,"leaf label seen in d1 single-pass observation (label only, target not entered)",0.7,NO_ANCHOR_DEEPEN_NEEDED
23.Settings#433.0,Settings / 디스플레이 - 화면 보호기,23.Settings,438,디스플레이,설정 > 디스플레이 > 화면 보호기,2,DEEPLINK_CANDIDATE,baseline launched android.settings.DISPLAY_SETTINGS (d1 candidate; leaf unconfirmed),True,False,True,settings_d1_display,LEAF_LABEL_OBSERVED,"leaf label seen in d1 single-pass observation (label only, target not entered)",0.7,NO_ANCHOR_DEEPEN_NEEDED
23.Settings#434.0,Settings / 디스플레이 - 화면 보호기,23.Settings,439,디스플레이,설정 > 디스플레이 > 화면 보호기,2,DEEPLINK_CANDIDATE,baseline launched android.settings.DISPLAY_SETTINGS (d1 candidate; leaf unconfirmed),True,False,True,settings_d1_display,LEAF_LABEL_OBSERVED,"leaf label seen in d1 single-pass observation (label only, target not entered)",0.7,NO_ANCHOR_DEEPEN_NEEDED
23.Settings#435.0,Settings / 디스플레이 - 화면 보호기,23.Settings,440,디스플레이,설정 > 디스플레이 > 화면 보호기,2,DEEPLINK_CANDIDATE,baseline launched android.settings.DISPLAY_SETTINGS (d1 candidate; leaf unconfirmed),True,False,True,settings_d1_display,LEAF_LABEL_OBSERVED,"leaf label seen in d1 single-pass observation (label only, target not entered)",0.7,NO_ANCHOR_DEEPEN_NEEDED
23.Settings#436.0,Settings / 배경화면 및 스타일,23.Settings,441,배경화면 및 스타일,설정 > 배경화면 및 스타일,1,MENU_NAVIGATION,no baseline deep-link for area; tap-navigation required,False,False,False,,MISSING,no baseline d1 screen for area '배경화면 및 스타일',0.3,PROBE_PRIORITY_MEDIUM
23.Settings#437.0,Settings / 배경화면 및 스타일,23.Settings,442,배경화면 및 스타일,설정 > 배경화면 및 스타일,1,MENU_NAVIGATION,no baseline deep-link for area; tap-navigation required,False,False,False,,MISSING,no baseline d1 screen for area '배경화면 및 스타일',0.3,PROBE_PRIORITY_MEDIUM
23.Settings#438.0,Settings / 배경화면 및 스타일,23.Settings,443,배경화면 및 스타일,설정 > 배경화면 및 스타일,1,MENU_NAVIGATION,no baseline deep-link for area; tap-navigation required,False,False,True,,MISSING,no baseline d1 screen for area '배경화면 및 스타일',0.3,PROBE_DEFER_MUTATION
23.Settings#439.0,Settings / 배경화면 및 스타일,23.Settings,444,배경화면 및 스타일,설정 > 배경화면 및 스타일,1,MENU_NAVIGATION,no baseline deep-link for area; tap-navigation required,True,False,False,,MISSING,no baseline d1 screen for area '배경화면 및 스타일',0.3,PROBE_DEFER_INPUT
23.Settings#440.0,Settings / 배경화면 및 스타일,23.Settings,445,배경화면 및 스타일,설정 > 배경화면 및 스타일,1,MENU_NAVIGATION,no baseline deep-link for area; tap-navigation required,True,False,True,,MISSING,no baseline d1 screen for area '배경화면 및 스타일',0.3,PROBE_DEFER_MUTATION
23.Settings#441.0,Settings / 배경화면 및 스타일,23.Settings,446,배경화면 및 스타일,설정 > 배경화면 및 스타일,1,MENU_NAVIGATION,no baseline deep-link for area; tap-navigation required,True,False,True,,MISSING,no baseline d1 screen for area '배경화면 및 스타일',0.3,PROBE_DEFER_MUTATION
23.Settings#442.0,Settings / 배경화면 및 스타일,23.Settings,447,배경화면 및 스타일,설정 > 배경화면 및 스타일,1,MENU_NAVIGATION,no baseline deep-link for area; tap-navigation required,True,False,True,,MISSING,no baseline d1 screen for area '배경화면 및 스타일',0.3,PROBE_DEFER_MUTATION
23.Settings#443.0,Settings / 배경화면 및 스타일,23.Settings,448-449,배경화면 및 스타일,설정 > 배경화면 및 스타일,1,MENU_NAVIGATION,no baseline deep-link for area; tap-navigation required,True,False,True,,MISSING,no baseline d1 screen for area '배경화면 및 스타일',0.3,PROBE_DEFER_MUTATION
23.Settings#444.0,Settings / 배경화면 및 스타일,23.Settings,450,배경화면 및 스타일,설정 > 배경화면 및 스타일,1,MENU_NAVIGATION,no baseline deep-link for area; tap-navigation required,True,False,True,,MISSING,no baseline d1 screen for area '배경화면 및 스타일',0.3,PROBE_DEFER_MUTATION
23.Settings#445.0,Settings / 배경화면 및 스타일,23.Settings,451,배경화면 및 스타일,설정 > 배경화면 및 스타일,1,MENU_NAVIGATION,no baseline deep-link for area; tap-navigation required,True,False,True,,MISSING,no baseline d1 screen for area '배경화면 및 스타일',0.3,PROBE_DEFER_MUTATION
23.Settings#446.0,Settings / 배경화면 및 스타일,23.Settings,452,배경화면 및 스타일,설정 > 배경화면 및 스타일,1,MENU_NAVIGATION,no baseline deep-link for area; tap-navigation required,True,False,True,,MISSING,no baseline d1 screen for area '배경화면 및 스타일',0.3,PROBE_DEFER_MUTATION
23.Settings#447.0,Settings / 배경화면 및 스타일,23.Settings,453,배경화면 및 스타일,설정 > 배경화면 및 스타일,1,MENU_NAVIGATION,no baseline deep-link for area; tap-navigation required,False,False,True,,MISSING,no baseline d1 screen for area '배경화면 및 스타일',0.3,PROBE_DEFER_MUTATION
23.Settings#448.0,Settings / 배경화면 및 스타일,23.Settings,454,배경화면 및 스타일,설정 > 배경화면 및 스타일,1,MENU_NAVIGATION,no baseline deep-link for area; tap-navigation required,False,False,True,,MISSING,no baseline d1 screen for area '배경화면 및 스타일',0.3,PROBE_DEFER_MUTATION
23.Settings#449.0,Settings / 배경화면 및 스타일,23.Settings,455,배경화면 및 스타일,설정 > 배경화면 및 스타일,1,MENU_NAVIGATION,no baseline deep-link for area; tap-navigation required,False,False,True,,MISSING,no baseline d1 screen for area '배경화면 및 스타일',0.3,PROBE_DEFER_MUTATION
23.Settings#450.0,Settings / 배경화면 및 스타일,23.Settings,456,배경화면 및 스타일,설정 > 배경화면 및 스타일,1,MENU_NAVIGATION,no baseline deep-link for area; tap-navigation required,False,False,True,,MISSING,no baseline d1 screen for area '배경화면 및 스타일',0.3,PROBE_DEFER_MUTATION
23.Settings#452.0,Settings / 배경화면 및 스타일,23.Settings,458,배경화면 및 스타일,설정 > 배경화면 및 스타일,1,MENU_NAVIGATION,no baseline deep-link for area; tap-navigation required,False,False,True,,MISSING,no baseline d1 screen for area '배경화면 및 스타일',0.3,PROBE_DEFER_MUTATION
23.Settings#453.0,Settings / 배경화면 및 스타일,23.Settings,459,배경화면 및 스타일,설정 > 배경화면 및 스타일,1,MENU_NAVIGATION,no baseline deep-link for area; tap-navigation required,False,False,True,,MISSING,no baseline d1 screen for area '배경화면 및 스타일',0.3,PROBE_DEFER_MUTATION
23.Settings#454.0,Settings / 배경화면 및 스타일,23.Settings,460,배경화면 및 스타일,설정 > 배경화면 및 스타일,1,MENU_NAVIGATION,no baseline deep-link for area; tap-navigation required,False,False,True,,MISSING,no baseline d1 screen for area '배경화면 및 스타일',0.3,PROBE_DEFER_MUTATION
23.Settings#455.0,Settings / 배경화면 및 스타일,23.Settings,461,배경화면 및 스타일,설정 > 배경화면 및 스타일,1,MENU_NAVIGATION,no baseline deep-link for area; tap-navigation required,False,False,True,,MISSING,no baseline d1 screen for area '배경화면 및 스타일',0.3,PROBE_DEFER_MUTATION
23.Settings#456.0,Settings / 배경화면 및 스타일,23.Settings,462,배경화면 및 스타일,설정 > 배경화면 및 스타일,1,MENU_NAVIGATION,no baseline deep-link for area; tap-navigation required,False,False,True,,MISSING,no baseline d1 screen for area '배경화면 및 스타일',0.3,PROBE_DEFER_MUTATION
23.Settings#457.0,Settings / 배경화면 및 스타일,23.Settings,463,배경화면 및 스타일,설정 > 배경화면 및 스타일,1,MENU_NAVIGATION,no baseline deep-link for area; tap-navigation required,False,False,True,,MISSING,no baseline d1 screen for area '배경화면 및 스타일',0.3,PROBE_DEFER_MUTATION
23.Settings#458.0,Settings / 배경화면 및 스타일,23.Settings,464,배경화면 및 스타일,설정 > 배경화면 및 스타일,1,MENU_NAVIGATION,no baseline deep-link for area; tap-navigation required,False,False,True,,MISSING,no baseline d1 screen for area '배경화면 및 스타일',0.3,PROBE_DEFER_MUTATION
23.Settings#459.0,Settings / 배경화면 및 스타일,23.Settings,465,배경화면 및 스타일,설정 > 배경화면 및 스타일,1,MENU_NAVIGATION,no baseline deep-link for area; tap-navigation required,False,False,True,,MISSING,no baseline d1 screen for area '배경화면 및 스타일',0.3,PROBE_DEFER_MUTATION
23.Settings#460.0,Settings / 배경화면 및 스타일 - 다크 모드,23.Settings,466,배경화면 및 스타일,설정 > 배경화면 및 스타일 > 배경화면,2,MENU_NAVIGATION,no baseline deep-link for area; tap-navigation required,False,False,True,,MISSING,no baseline d1 screen for area '배경화면 및 스타일',0.3,PROBE_DEFER_MUTATION
23.Settings#461.0,Settings / 배경화면 및 스타일 - 다크 모드,23.Settings,467,배경화면 및 스타일,설정 > 배경화면 및 스타일 > 배경화면,2,MENU_NAVIGATION,no baseline deep-link for area; tap-navigation required,False,False,True,,MISSING,no baseline d1 screen for area '배경화면 및 스타일',0.3,PROBE_DEFER_MUTATION
23.Settings#462.0,Settings / 배경화면 및 스타일 - 앱 그리드,23.Settings,468,배경화면 및 스타일,설정 > 배경화면 및 스타일,1,MENU_NAVIGATION,no baseline deep-link for area; tap-navigation required,False,False,False,,MISSING,no baseline d1 screen for area '배경화면 및 스타일',0.3,PROBE_PRIORITY_MEDIUM
23.Settings#463.0,Settings / 배경화면 및 스타일 - 앱 그리드,23.Settings,469,테마 셋팅,설정 > 테마 셋팅,1,MENU_NAVIGATION,no baseline deep-link for area; tap-navigation required,False,False,True,,MISSING,no baseline d1 screen for area '테마 셋팅',0.3,PROBE_DEFER_MUTATION
23.Settings#464.0,Settings / 배경화면 및 스타일 - 앱 그리드,23.Settings,470,테마 셋팅,설정 > 테마 셋팅,1,MENU_NAVIGATION,no baseline deep-link for area; tap-navigation required,False,False,True,,MISSING,no baseline d1 screen for area '테마 셋팅',0.3,PROBE_DEFER_MUTATION
23.Settings#465.0,Settings / 배경화면 및 스타일 - 앱 그리드,23.Settings,471,테마 셋팅,설정 > 테마 셋팅,1,MENU_NAVIGATION,no baseline deep-link for area; tap-navigation required,False,False,True,,MISSING,no baseline d1 screen for area '테마 셋팅',0.3,PROBE_DEFER_MUTATION
23.Settings#466.0,Settings / 배경화면 및 스타일 - 테마 선택,23.Settings,472,배경화면 및 스타일,설정 > 배경화면 및 스타일,1,MENU_NAVIGATION,no baseline deep-link for area; tap-navigation required,False,False,False,,MISSING,no baseline d1 screen for area '배경화면 및 스타일',0.3,PROBE_PRIORITY_MEDIUM
23.Settings#467.0,Settings / 배경화면 및 스타일 - 테마 선택,23.Settings,473,배경화면 및 스타일,설정 > 배경화면 및 스타일,1,MENU_NAVIGATION,no baseline deep-link for area; tap-navigation required,False,False,True,,MISSING,no baseline d1 screen for area '배경화면 및 스타일',0.3,PROBE_DEFER_MUTATION
23.Settings#469.0,Settings / 홈 설정,23.Settings,478,홈 설정,설정 > 홈 설정 > 일반 모드 > 적용하기,3,MENU_NAVIGATION,no baseline deep-link for area; tap-navigation required,False,False,True,,MISSING,no baseline d1 screen for area '홈 설정',0.3,PROBE_DEFER_MUTATION
23.Settings#471.0,Settings / 접근성 - 다운로드한 앱,23.Settings,540,접근성,설정 > 접근성 > 다운로드한 앱,2,DEEPLINK_CANDIDATE,baseline launched android.settings.ACCESSIBILITY_SETTINGS (d1 candidate; leaf unconfirmed),False,False,False,settings_d1_accessibility,LEAF_LABEL_OBSERVED,"leaf label seen in d1 single-pass observation (label only, target not entered)",0.7,NO_ANCHOR_DEEPEN_NEEDED
23.Settings#472.0,Settings / 접근성 - TalkBack,23.Settings,541,접근성,설정 > 접근성 > TalkBack,2,DEEPLINK_CANDIDATE,baseline launched android.settings.ACCESSIBILITY_SETTINGS (d1 candidate; leaf unconfirmed),False,False,True,settings_d1_accessibility,LEAF_LABEL_OBSERVED,"leaf label seen in d1 single-pass observation (label only, target not entered)",0.7,NO_ANCHOR_DEEPEN_NEEDED
23.Settings#473.0,Settings / 접근성 - TalkBack,23.Settings,542,접근성,설정 > 접근성 > TalkBack double,2,DEEPLINK_CANDIDATE,baseline launched android.settings.ACCESSIBILITY_SETTINGS (d1 candidate; leaf unconfirmed),False,False,True,settings_d1_accessibility,PARTIAL,d1 screen in baseline; leaf not in single-pass observation (may exist deeper),0.4,PROBE_DEFER_MUTATION
23.Settings#475.0,Settings / 접근성 - TalkBack,23.Settings,544,접근성,설정 > 접근성 > TalkBack,2,DEEPLINK_CANDIDATE,baseline launched android.settings.ACCESSIBILITY_SETTINGS (d1 candidate; leaf unconfirmed),False,False,True,settings_d1_accessibility,LEAF_LABEL_OBSERVED,"leaf label seen in d1 single-pass observation (label only, target not entered)",0.7,NO_ANCHOR_DEEPEN_NEEDED
23.Settings#477.0,Settings / 접근성 - TalkBack - 설정,23.Settings,546,접근성,설정 > 접근성 > TalkBack,2,DEEPLINK_CANDIDATE,baseline launched android.settings.ACCESSIBILITY_SETTINGS (d1 candidate; leaf unconfirmed),False,False,False,settings_d1_accessibility,LEAF_LABEL_OBSERVED,"leaf label seen in d1 single-pass observation (label only, target not entered)",0.7,NO_ANCHOR_DEEPEN_NEEDED
23.Settings#478.0,Settings / 접근성 - 접근성 메뉴 - 설정,23.Settings,547,접근성,설정 > 접근성 > 접근성 메뉴,2,DEEPLINK_CANDIDATE,baseline launched android.settings.ACCESSIBILITY_SETTINGS (d1 candidate; leaf unconfirmed),False,False,False,settings_d1_accessibility,LEAF_LABEL_OBSERVED,"leaf label seen in d1 single-pass observation (label only, target not entered)",0.7,NO_ANCHOR_DEEPEN_NEEDED
23.Settings#479.0,Settings / 접근성 - 텍스트 읽어주기,23.Settings,548,접근성,설정 > 접근성 > 텍스트 읽어주기 메뉴,2,DEEPLINK_CANDIDATE,baseline launched android.settings.ACCESSIBILITY_SETTINGS (d1 candidate; leaf unconfirmed),False,False,True,settings_d1_accessibility,PARTIAL,d1 screen in baseline; leaf not in single-pass observation (may exist deeper),0.4,PROBE_DEFER_MUTATION
23.Settings#480.0,Settings / 접근성 - 텍스트 읽어주기 - 허용,23.Settings,549,접근성,설정 > 접근성 > 텍스트 읽어주기 메뉴,2,DEEPLINK_CANDIDATE,baseline launched android.settings.ACCESSIBILITY_SETTINGS (d1 candidate; leaf unconfirmed),False,False,True,settings_d1_accessibility,PARTIAL,d1 screen in baseline; leaf not in single-pass observation (may exist deeper),0.4,PROBE_DEFER_MUTATION
23.Settings#481.0,Settings / 접근성 - 텍스트 읽어주기 - 거부,23.Settings,550,접근성,설정 > 접근성 > 텍스트 읽어주기 메뉴,2,DEEPLINK_CANDIDATE,baseline launched android.settings.ACCESSIBILITY_SETTINGS (d1 candidate; leaf unconfirmed),False,False,True,settings_d1_accessibility,PARTIAL,d1 screen in baseline; leaf not in single-pass observation (may exist deeper),0.4,PROBE_DEFER_MUTATION
23.Settings#482.0,Settings / 접근성 - 텍스트 읽어주기 - 거부,23.Settings,551,접근성,설정 > 접근성 > 텍스트 읽어주기 메뉴,2,DEEPLINK_CANDIDATE,baseline launched android.settings.ACCESSIBILITY_SETTINGS (d1 candidate; leaf unconfirmed),False,False,True,settings_d1_accessibility,PARTIAL,d1 screen in baseline; leaf not in single-pass observation (may exist deeper),0.4,PROBE_DEFER_MUTATION
23.Settings#483.0,Settings / 접근성 - 텍스트 읽어주기 - 설정,23.Settings,552,접근성,설정 > 접근성 > 텍스트 읽어주기 메뉴,2,DEEPLINK_CANDIDATE,baseline launched android.settings.ACCESSIBILITY_SETTINGS (d1 candidate; leaf unconfirmed),False,False,False,settings_d1_accessibility,PARTIAL,d1 screen in baseline; leaf not in single-pass observation (may exist deeper),0.4,PROBE_PRIORITY_HIGH
23.Settings#484.0,Settings / 접근성 - 텍스트 읽어주기 - 설정,23.Settings,553,접근성,설정 > 접근성 > 텍스트 읽어주기 메뉴,2,DEEPLINK_CANDIDATE,baseline launched android.settings.ACCESSIBILITY_SETTINGS (d1 candidate; leaf unconfirmed),False,False,False,settings_d1_accessibility,PARTIAL,d1 screen in baseline; leaf not in single-pass observation (may exist deeper),0.4,PROBE_PRIORITY_HIGH
23.Settings#485.0,Settings / 접근성 - 텍스트 읽어주기 - 설정,23.Settings,554,접근성,설정 > 접근성 > 텍스트 읽어주기 메뉴,2,DEEPLINK_CANDIDATE,baseline launched android.settings.ACCESSIBILITY_SETTINGS (d1 candidate; leaf unconfirmed),False,False,True,settings_d1_accessibility,PARTIAL,d1 screen in baseline; leaf not in single-pass observation (may exist deeper),0.4,PROBE_DEFER_MUTATION
23.Settings#486.0,Settings / 접근성 - 텍스트 읽어주기 - 설정,23.Settings,555,접근성,설정 > 접근성 > 텍스트 읽어주기 메뉴,2,DEEPLINK_CANDIDATE,baseline launched android.settings.ACCESSIBILITY_SETTINGS (d1 candidate; leaf unconfirmed),False,False,True,settings_d1_accessibility,PARTIAL,d1 screen in baseline; leaf not in single-pass observation (may exist deeper),0.4,PROBE_DEFER_MUTATION
23.Settings#487.0,Settings / 접근성 - 텍스트 읽어주기 - 설정,23.Settings,556,접근성,설정 > 접근성 > 텍스트 읽어주기 메뉴,2,DEEPLINK_CANDIDATE,baseline launched android.settings.ACCESSIBILITY_SETTINGS (d1 candidate; leaf unconfirmed),False,False,True,settings_d1_accessibility,PARTIAL,d1 screen in baseline; leaf not in single-pass observation (may exist deeper),0.4,PROBE_DEFER_MUTATION
23.Settings#488.0,Settings / 접근성 - 텍스트 읽어주기 - 설정,23.Settings,557,접근성,설정 > 접근성 > 텍스트 읽어주기 메뉴,2,DEEPLINK_CANDIDATE,baseline launched android.settings.ACCESSIBILITY_SETTINGS (d1 candidate; leaf unconfirmed),False,False,True,settings_d1_accessibility,PARTIAL,d1 screen in baseline; leaf not in single-pass observation (may exist deeper),0.4,PROBE_DEFER_MUTATION
23.Settings#489.0,Settings / 접근성 - 텍스트 읽어주기 - 설정,23.Settings,558,접근성,설정 > 접근성 > 텍스트 읽어주기 메뉴,2,DEEPLINK_CANDIDATE,baseline launched android.settings.ACCESSIBILITY_SETTINGS (d1 candidate; leaf unconfirmed),False,False,False,settings_d1_accessibility,PARTIAL,d1 screen in baseline; leaf not in single-pass observation (may exist deeper),0.4,PROBE_PRIORITY_HIGH
23.Settings#491.0,Settings / 접근성 - 디스플레이 크기 및 텍스트,23.Settings,560,접근성,설정 > 접근성 > 디스플레이 크기 및 텍스트,2,DEEPLINK_CANDIDATE,baseline launched android.settings.ACCESSIBILITY_SETTINGS (d1 candidate; leaf unconfirmed),True,False,False,settings_d1_accessibility,LEAF_LABEL_OBSERVED,"leaf label seen in d1 single-pass observation (label only, target not entered)",0.7,NO_ANCHOR_DEEPEN_NEEDED
23.Settings#492.0,Settings / 접근성 - 디스플레이 크기 및 텍스트,23.Settings,561,접근성,설정 > 접근성 > 디스플레이 크기 및 텍스트,2,DEEPLINK_CANDIDATE,baseline launched android.settings.ACCESSIBILITY_SETTINGS (d1 candidate; leaf unconfirmed),False,False,False,settings_d1_accessibility,LEAF_LABEL_OBSERVED,"leaf label seen in d1 single-pass observation (label only, target not entered)",0.7,NO_ANCHOR_DEEPEN_NEEDED
23.Settings#493.0,Settings / 접근성 - 디스플레이 크기 및 텍스트,23.Settings,562,접근성,설정 > 접근성 > 디스플레이 크기 및 텍스트,2,DEEPLINK_CANDIDATE,baseline launched android.settings.ACCESSIBILITY_SETTINGS (d1 candidate; leaf unconfirmed),False,False,True,settings_d1_accessibility,LEAF_LABEL_OBSERVED,"leaf label seen in d1 single-pass observation (label only, target not entered)",0.7,NO_ANCHOR_DEEPEN_NEEDED
23.Settings#494.0,Settings / 접근성 - 디스플레이 크기 및 텍스트,23.Settings,563,접근성,설정 > 접근성 > 디스플레이 크기 및 텍스트,2,DEEPLINK_CANDIDATE,baseline launched android.settings.ACCESSIBILITY_SETTINGS (d1 candidate; leaf unconfirmed),False,False,True,settings_d1_accessibility,LEAF_LABEL_OBSERVED,"leaf label seen in d1 single-pass observation (label only, target not entered)",0.7,NO_ANCHOR_DEEPEN_NEEDED
23.Settings#495.0,Settings / 접근성 - 디스플레이 크기 및 텍스트,23.Settings,564,접근성,설정 > 접근성 > 디스플레이 크기 및 텍스트,2,DEEPLINK_CANDIDATE,baseline launched android.settings.ACCESSIBILITY_SETTINGS (d1 candidate; leaf unconfirmed),False,False,True,settings_d1_accessibility,LEAF_LABEL_OBSERVED,"leaf label seen in d1 single-pass observation (label only, target not entered)",0.7,NO_ANCHOR_DEEPEN_NEEDED
23.Settings#496.0,Settings / 접근성 - 디스플레이 크기 및 텍스트,23.Settings,565,접근성,설정 > 접근성 > 디스플레이 크기 및 텍스트,2,DEEPLINK_CANDIDATE,baseline launched android.settings.ACCESSIBILITY_SETTINGS (d1 candidate; leaf unconfirmed),False,False,True,settings_d1_accessibility,LEAF_LABEL_OBSERVED,"leaf label seen in d1 single-pass observation (label only, target not entered)",0.7,NO_ANCHOR_DEEPEN_NEEDED
23.Settings#497.0,Settings / 접근성 - 디스플레이 크기 및 텍스트,23.Settings,566,접근성,설정 > 접근성 > 디스플레이 크기 및 텍스트,2,DEEPLINK_CANDIDATE,baseline launched android.settings.ACCESSIBILITY_SETTINGS (d1 candidate; leaf unconfirmed),True,False,False,settings_d1_accessibility,LEAF_LABEL_OBSERVED,"leaf label seen in d1 single-pass observation (label only, target not entered)",0.7,NO_ANCHOR_DEEPEN_NEEDED
23.Settings#498.0,Settings / 접근성 - 디스플레이 크기 및 텍스트,23.Settings,567,접근성,설정 > 접근성 > 디스플레이 크기 및 텍스트,2,DEEPLINK_CANDIDATE,baseline launched android.settings.ACCESSIBILITY_SETTINGS (d1 candidate; leaf unconfirmed),False,False,True,settings_d1_accessibility,LEAF_LABEL_OBSERVED,"leaf label seen in d1 single-pass observation (label only, target not entered)",0.7,NO_ANCHOR_DEEPEN_NEEDED
23.Settings#499.0,Settings / 접근성 - 디스플레이 크기 및 텍스트,23.Settings,568,접근성,설정 > 접근성 > 디스플레이 크기 및 텍스트,2,DEEPLINK_CANDIDATE,baseline launched android.settings.ACCESSIBILITY_SETTINGS (d1 candidate; leaf unconfirmed),False,False,False,settings_d1_accessibility,LEAF_LABEL_OBSERVED,"leaf label seen in d1 single-pass observation (label only, target not entered)",0.7,NO_ANCHOR_DEEPEN_NEEDED
23.Settings#500.0,Settings / 접근성 - 디스플레이 크기 및 텍스트,23.Settings,569,접근성,설정 > 접근성 > 디스플레이 크기 및 텍스트,2,DEEPLINK_CANDIDATE,baseline launched android.settings.ACCESSIBILITY_SETTINGS (d1 candidate; leaf unconfirmed),False,False,False,settings_d1_accessibility,LEAF_LABEL_OBSERVED,"leaf label seen in d1 single-pass observation (label only, target not entered)",0.7,NO_ANCHOR_DEEPEN_NEEDED
23.Settings#501.0,Settings / 접근성 - 디스플레이 크기 및 텍스트,23.Settings,570,접근성,설정 > 접근성 > 디스플레이 크기 및 텍스트,2,DEEPLINK_CANDIDATE,baseline launched android.settings.ACCESSIBILITY_SETTINGS (d1 candidate; leaf unconfirmed),False,False,False,settings_d1_accessibility,LEAF_LABEL_OBSERVED,"leaf label seen in d1 single-pass observation (label only, target not entered)",0.7,NO_ANCHOR_DEEPEN_NEEDED
23.Settings#502.0,Settings / 접근성 - 디스플레이 크기 및 텍스트,23.Settings,571,접근성,설정 > 접근성 > 디스플레이 크기 및 텍스트,2,DEEPLINK_CANDIDATE,baseline launched android.settings.ACCESSIBILITY_SETTINGS (d1 candidate; leaf unconfirmed),False,False,False,settings_d1_accessibility,LEAF_LABEL_OBSERVED,"leaf label seen in d1 single-pass observation (label only, target not entered)",0.7,NO_ANCHOR_DEEPEN_NEEDED
23.Settings#503.0,Settings / 접근성 - 디스플레이 크기 및 텍스트,23.Settings,572,접근성,설정 > 접근성 > 디스플레이 크기 및 텍스트,2,DEEPLINK_CANDIDATE,baseline launched android.settings.ACCESSIBILITY_SETTINGS (d1 candidate; leaf unconfirmed),False,False,True,settings_d1_accessibility,LEAF_LABEL_OBSERVED,"leaf label seen in d1 single-pass observation (label only, target not entered)",0.7,NO_ANCHOR_DEEPEN_NEEDED
23.Settings#504.0,Settings / 접근성 - 디스플레이 크기 및 텍스트,23.Settings,573,접근성,설정 > 접근성 > 디스플레이 크기 및 텍스트,2,DEEPLINK_CANDIDATE,baseline launched android.settings.ACCESSIBILITY_SETTINGS (d1 candidate; leaf unconfirmed),False,False,True,settings_d1_accessibility,LEAF_LABEL_OBSERVED,"leaf label seen in d1 single-pass observation (label only, target not entered)",0.7,NO_ANCHOR_DEEPEN_NEEDED
23.Settings#505.0,Settings / 접근성 - 디스플레이 크기 및 텍스트,23.Settings,574,접근성,설정 > 접근성 > 디스플레이 크기 및 텍스트,2,DEEPLINK_CANDIDATE,baseline launched android.settings.ACCESSIBILITY_SETTINGS (d1 candidate; leaf unconfirmed),False,False,True,settings_d1_accessibility,LEAF_LABEL_OBSERVED,"leaf label seen in d1 single-pass observation (label only, target not entered)",0.7,NO_ANCHOR_DEEPEN_NEEDED
23.Settings#506.0,Settings / 접근성 - 디스플레이 크기 및 텍스트,23.Settings,575,접근성,설정 > 접근성 > 디스플레이 크기 및 텍스트,2,DEEPLINK_CANDIDATE,baseline launched android.settings.ACCESSIBILITY_SETTINGS (d1 candidate; leaf unconfirmed),False,False,True,settings_d1_accessibility,LEAF_LABEL_OBSERVED,"leaf label seen in d1 single-pass observation (label only, target not entered)",0.7,NO_ANCHOR_DEEPEN_NEEDED
23.Settings#507.0,Settings / 접근성 - 디스플레이 크기 및 텍스트,23.Settings,576,접근성,설정 > 접근성 > 디스플레이 크기 및 텍스트,2,DEEPLINK_CANDIDATE,baseline launched android.settings.ACCESSIBILITY_SETTINGS (d1 candidate; leaf unconfirmed),False,False,True,settings_d1_accessibility,LEAF_LABEL_OBSERVED,"leaf label seen in d1 single-pass observation (label only, target not entered)",0.7,NO_ANCHOR_DEEPEN_NEEDED
23.Settings#508.0,Settings / 접근성 - 디스플레이 크기 및 텍스트,23.Settings,577,접근성,설정 > 접근성 > 디스플레이 크기 및 텍스트,2,DEEPLINK_CANDIDATE,baseline launched android.settings.ACCESSIBILITY_SETTINGS (d1 candidate; leaf unconfirmed),False,False,True,settings_d1_accessibility,LEAF_LABEL_OBSERVED,"leaf label seen in d1 single-pass observation (label only, target not entered)",0.7,NO_ANCHOR_DEEPEN_NEEDED
23.Settings#512.0,Settings / 접근성 - 색상 및 모션,23.Settings,581,접근성,설정 > 접근성 > 색상 및 모션,2,DEEPLINK_CANDIDATE,baseline launched android.settings.ACCESSIBILITY_SETTINGS (d1 candidate; leaf unconfirmed),False,False,False,settings_d1_accessibility,LEAF_LABEL_OBSERVED,"leaf label seen in d1 single-pass observation (label only, target not entered)",0.7,NO_ANCHOR_DEEPEN_NEEDED
23.Settings#513.0,Settings / 접근성 - 색상 및 모션,23.Settings,582,접근성,설정 > 접근성 > 색상 및 모션,2,DEEPLINK_CANDIDATE,baseline launched android.settings.ACCESSIBILITY_SETTINGS (d1 candidate; leaf unconfirmed),False,False,False,settings_d1_accessibility,LEAF_LABEL_OBSERVED,"leaf label seen in d1 single-pass observation (label only, target not entered)",0.7,NO_ANCHOR_DEEPEN_NEEDED
23.Settings#514.0,Settings / 접근성 - 색상 및 모션,23.Settings,583,접근성,설정 > 접근성 > 색상 및 모션,2,DEEPLINK_CANDIDATE,baseline launched android.settings.ACCESSIBILITY_SETTINGS (d1 candidate; leaf unconfirmed),False,False,True,settings_d1_accessibility,LEAF_LABEL_OBSERVED,"leaf label seen in d1 single-pass observation (label only, target not entered)",0.7,NO_ANCHOR_DEEPEN_NEEDED
23.Settings#515.0,Settings / 접근성 - 색상 및 모션,23.Settings,584,접근성,설정 > 접근성 > 색상 및 모션,2,DEEPLINK_CANDIDATE,baseline launched android.settings.ACCESSIBILITY_SETTINGS (d1 candidate; leaf unconfirmed),False,False,True,settings_d1_accessibility,LEAF_LABEL_OBSERVED,"leaf label seen in d1 single-pass observation (label only, target not entered)",0.7,NO_ANCHOR_DEEPEN_NEEDED
23.Settings#516.0,Settings / 접근성 - 색상 및 모션,23.Settings,585,접근성,설정 > 접근성 > 색상 및 모션,2,DEEPLINK_CANDIDATE,baseline launched android.settings.ACCESSIBILITY_SETTINGS (d1 candidate; leaf unconfirmed),False,False,True,settings_d1_accessibility,LEAF_LABEL_OBSERVED,"leaf label seen in d1 single-pass observation (label only, target not entered)",0.7,NO_ANCHOR_DEEPEN_NEEDED
23.Settings#517.0,Settings / 접근성 - 색상 및 모션,23.Settings,586,접근성,설정 > 접근성 > 색상 및 모션,2,DEEPLINK_CANDIDATE,baseline launched android.settings.ACCESSIBILITY_SETTINGS (d1 candidate; leaf unconfirmed),False,False,True,settings_d1_accessibility,LEAF_LABEL_OBSERVED,"leaf label seen in d1 single-pass observation (label only, target not entered)",0.7,NO_ANCHOR_DEEPEN_NEEDED
23.Settings#518.0,Settings / 접근성 - 색상 및 모션,23.Settings,587,접근성,설정 > 접근성 > 색상 및 모션,2,DEEPLINK_CANDIDATE,baseline launched android.settings.ACCESSIBILITY_SETTINGS (d1 candidate; leaf unconfirmed),False,False,True,settings_d1_accessibility,LEAF_LABEL_OBSERVED,"leaf label seen in d1 single-pass observation (label only, target not entered)",0.7,NO_ANCHOR_DEEPEN_NEEDED
23.Settings#519.0,Settings / 접근성 - 색상 및 모션,23.Settings,588,접근성,설정 > 접근성 > 색상 및 모션,2,DEEPLINK_CANDIDATE,baseline launched android.settings.ACCESSIBILITY_SETTINGS (d1 candidate; leaf unconfirmed),False,False,True,settings_d1_accessibility,LEAF_LABEL_OBSERVED,"leaf label seen in d1 single-pass observation (label only, target not entered)",0.7,NO_ANCHOR_DEEPEN_NEEDED
23.Settings#520.0,Settings / 접근성 - 색상 및 모션,23.Settings,589,접근성,설정 > 접근성 > 색상 및 모션,2,DEEPLINK_CANDIDATE,baseline launched android.settings.ACCESSIBILITY_SETTINGS (d1 candidate; leaf unconfirmed),False,False,False,settings_d1_accessibility,LEAF_LABEL_OBSERVED,"leaf label seen in d1 single-pass observation (label only, target not entered)",0.7,NO_ANCHOR_DEEPEN_NEEDED
23.Settings#521.0,Settings / 접근성 - 색상 및 모션,23.Settings,590,접근성,설정 > 접근성 > 색상 및 모션,2,DEEPLINK_CANDIDATE,baseline launched android.settings.ACCESSIBILITY_SETTINGS (d1 candidate; leaf unconfirmed),False,False,True,settings_d1_accessibility,LEAF_LABEL_OBSERVED,"leaf label seen in d1 single-pass observation (label only, target not entered)",0.7,NO_ANCHOR_DEEPEN_NEEDED
23.Settings#522.0,Settings / 접근성 - 색상 및 모션,23.Settings,591,접근성,설정 > 접근성 > 색상 및 모션,2,DEEPLINK_CANDIDATE,baseline launched android.settings.ACCESSIBILITY_SETTINGS (d1 candidate; leaf unconfirmed),False,False,True,settings_d1_accessibility,LEAF_LABEL_OBSERVED,"leaf label seen in d1 single-pass observation (label only, target not entered)",0.7,NO_ANCHOR_DEEPEN_NEEDED
23.Settings#523.0,Settings / 접근성 - 색상 및 모션,23.Settings,592,접근성,설정 > 접근성 > 색상 및 모션 메뉴,2,DEEPLINK_CANDIDATE,baseline launched android.settings.ACCESSIBILITY_SETTINGS (d1 candidate; leaf unconfirmed),False,False,True,settings_d1_accessibility,PARTIAL,d1 screen in baseline; leaf not in single-pass observation (may exist deeper),0.4,PROBE_DEFER_MUTATION
23.Settings#524.0,Settings / 접근성 - 색상 및 모션,23.Settings,593,접근성,설정 > 접근성 > 색상 및 모션 메뉴,2,DEEPLINK_CANDIDATE,baseline launched android.settings.ACCESSIBILITY_SETTINGS (d1 candidate; leaf unconfirmed),False,False,True,settings_d1_accessibility,PARTIAL,d1 screen in baseline; leaf not in single-pass observation (may exist deeper),0.4,PROBE_DEFER_MUTATION
23.Settings#525.0,Settings / 접근성 - 색상 및 모션,23.Settings,594,접근성,설정 > 접근성 > 색상 및 모션 메뉴,2,DEEPLINK_CANDIDATE,baseline launched android.settings.ACCESSIBILITY_SETTINGS (d1 candidate; leaf unconfirmed),False,False,False,settings_d1_accessibility,PARTIAL,d1 screen in baseline; leaf not in single-pass observation (may exist deeper),0.4,PROBE_PRIORITY_HIGH
23.Settings#526.0,Settings / 접근성 - 색상 및 모션,23.Settings,595,접근성,설정 > 접근성 > 색상 및 모션 메뉴,2,DEEPLINK_CANDIDATE,baseline launched android.settings.ACCESSIBILITY_SETTINGS (d1 candidate; leaf unconfirmed),False,False,True,settings_d1_accessibility,PARTIAL,d1 screen in baseline; leaf not in single-pass observation (may exist deeper),0.4,PROBE_DEFER_MUTATION
23.Settings#527.0,Settings / 접근성 - 색상 및 모션,23.Settings,596,접근성,설정 > 접근성 > 색상 및 모션 메뉴,2,DEEPLINK_CANDIDATE,baseline launched android.settings.ACCESSIBILITY_SETTINGS (d1 candidate; leaf unconfirmed),False,False,True,settings_d1_accessibility,PARTIAL,d1 screen in baseline; leaf not in single-pass observation (may exist deeper),0.4,PROBE_DEFER_MUTATION
23.Settings#528.0,Settings / 접근성 - 색상 및 모션,23.Settings,597,접근성,설정 > 접근성 > 색상 및 모션 메뉴,2,DEEPLINK_CANDIDATE,baseline launched android.settings.ACCESSIBILITY_SETTINGS (d1 candidate; leaf unconfirmed),False,False,True,settings_d1_accessibility,PARTIAL,d1 screen in baseline; leaf not in single-pass observation (may exist deeper),0.4,PROBE_DEFER_MUTATION
23.Settings#529.0,Settings / 접근성 - 색상 및 모션,23.Settings,598,접근성,설정 > 접근성 > 색상 및 모션 메뉴,2,DEEPLINK_CANDIDATE,baseline launched android.settings.ACCESSIBILITY_SETTINGS (d1 candidate; leaf unconfirmed),False,False,True,settings_d1_accessibility,PARTIAL,d1 screen in baseline; leaf not in single-pass observation (may exist deeper),0.4,PROBE_DEFER_MUTATION
23.Settings#530.0,Settings / 접근성 - 색상 및 모션,23.Settings,599,접근성,설정 > 접근성 > 색상 및 모션 메뉴,2,DEEPLINK_CANDIDATE,baseline launched android.settings.ACCESSIBILITY_SETTINGS (d1 candidate; leaf unconfirmed),False,False,True,settings_d1_accessibility,PARTIAL,d1 screen in baseline; leaf not in single-pass observation (may exist deeper),0.4,PROBE_DEFER_MUTATION
23.Settings#531.0,Settings / 접근성 - 색상 및 모션,23.Settings,600,접근성,설정 > 접근성 > 색상 및 모션,2,DEEPLINK_CANDIDATE,baseline launched android.settings.ACCESSIBILITY_SETTINGS (d1 candidate; leaf unconfirmed),False,False,True,settings_d1_accessibility,LEAF_LABEL_OBSERVED,"leaf label seen in d1 single-pass observation (label only, target not entered)",0.7,NO_ANCHOR_DEEPEN_NEEDED
23.Settings#532.0,Settings / 접근성 - 색상 및 모션,23.Settings,601,접근성,설정 > 접근성 > 색상 및 모션,2,DEEPLINK_CANDIDATE,baseline launched android.settings.ACCESSIBILITY_SETTINGS (d1 candidate; leaf unconfirmed),False,False,True,settings_d1_accessibility,LEAF_LABEL_OBSERVED,"leaf label seen in d1 single-pass observation (label only, target not entered)",0.7,NO_ANCHOR_DEEPEN_NEEDED
23.Settings#535.0,Settings / 접근성 - 더 어둡게,23.Settings,604,접근성,설정 > 접근성 > 디스플레이 크기 및 텍스트 메뉴,2,DEEPLINK_CANDIDATE,baseline launched android.settings.ACCESSIBILITY_SETTINGS (d1 candidate; leaf unconfirmed),False,False,True,settings_d1_accessibility,PARTIAL,d1 screen in baseline; leaf not in single-pass observation (may exist deeper),0.4,PROBE_DEFER_MUTATION
23.Settings#536.0,Settings / 접근성 - 더 어둡게,23.Settings,605,접근성,설정 > 접근성 > 디스플레이 크기 및 텍스트 메뉴,2,DEEPLINK_CANDIDATE,baseline launched android.settings.ACCESSIBILITY_SETTINGS (d1 candidate; leaf unconfirmed),False,False,True,settings_d1_accessibility,PARTIAL,d1 screen in baseline; leaf not in single-pass observation (may exist deeper),0.4,PROBE_DEFER_MUTATION
23.Settings#537.0,Settings / 접근성 - 더 어둡게,23.Settings,606,접근성,설정 > 접근성 > 디스플레이 크기 및 텍스트 메뉴,2,DEEPLINK_CANDIDATE,baseline launched android.settings.ACCESSIBILITY_SETTINGS (d1 candidate; leaf unconfirmed),False,False,False,settings_d1_accessibility,PARTIAL,d1 screen in baseline; leaf not in single-pass observation (may exist deeper),0.4,PROBE_PRIORITY_HIGH
23.Settings#538.0,Settings / 접근성 - 더 어둡게,23.Settings,607,접근성,설정 > 접근성 > 디스플레이 크기 및 텍스트 메뉴,2,DEEPLINK_CANDIDATE,baseline launched android.settings.ACCESSIBILITY_SETTINGS (d1 candidate; leaf unconfirmed),True,False,True,settings_d1_accessibility,PARTIAL,d1 screen in baseline; leaf not in single-pass observation (may exist deeper),0.4,PROBE_DEFER_MUTATION
23.Settings#539.0,Settings / 접근성 - 더 어둡게,23.Settings,608,접근성,설정 > 접근성 > 디스플레이 크기 및 텍스트 메뉴,2,DEEPLINK_CANDIDATE,baseline launched android.settings.ACCESSIBILITY_SETTINGS (d1 candidate; leaf unconfirmed),False,False,True,settings_d1_accessibility,PARTIAL,d1 screen in baseline; leaf not in single-pass observation (may exist deeper),0.4,PROBE_DEFER_MUTATION
23.Settings#540.0,Settings / 접근성 - 더 어둡게,23.Settings,609,접근성,설정 > 접근성 > 디스플레이 크기 및 텍스트 메뉴,2,DEEPLINK_CANDIDATE,baseline launched android.settings.ACCESSIBILITY_SETTINGS (d1 candidate; leaf unconfirmed),False,False,True,settings_d1_accessibility,PARTIAL,d1 screen in baseline; leaf not in single-pass observation (may exist deeper),0.4,PROBE_DEFER_MUTATION
23.Settings#541.0,Settings / 접근성 - 더 어둡게,23.Settings,610,접근성,설정 > 접근성 > 디스플레이 크기 및 텍스트 메뉴,2,DEEPLINK_CANDIDATE,baseline launched android.settings.ACCESSIBILITY_SETTINGS (d1 candidate; leaf unconfirmed),False,False,True,settings_d1_accessibility,PARTIAL,d1 screen in baseline; leaf not in single-pass observation (may exist deeper),0.4,PROBE_DEFER_MUTATION
23.Settings#543.0,Settings / 접근성 - 더 어둡게,23.Settings,612,접근성,설정 > 접근성 > 디스플레이 크기 및 텍스트 메뉴,2,DEEPLINK_CANDIDATE,baseline launched android.settings.ACCESSIBILITY_SETTINGS (d1 candidate; leaf unconfirmed),False,False,True,settings_d1_accessibility,PARTIAL,d1 screen in baseline; leaf not in single-pass observation (may exist deeper),0.4,PROBE_DEFER_MUTATION
23.Settings#544.0,Settings / 접근성 - 더 어둡게,23.Settings,613,접근성,설정 > 접근성 > 디스플레이 크기 및 텍스트 메뉴,2,DEEPLINK_CANDIDATE,baseline launched android.settings.ACCESSIBILITY_SETTINGS (d1 candidate; leaf unconfirmed),False,False,True,settings_d1_accessibility,PARTIAL,d1 screen in baseline; leaf not in single-pass observation (may exist deeper),0.4,PROBE_DEFER_MUTATION
23.Settings#545.0,Settings / 접근성 - 확대,23.Settings,614,접근성,설정 > 접근성,1,DEEPLINK_CANDIDATE,baseline launched android.settings.ACCESSIBILITY_SETTINGS (d1 candidate; leaf unconfirmed),False,False,False,settings_d1_accessibility,TARGET_REACHED,d1 target screen reached in baseline,0.7,NO_ANCHOR_DEEPEN_NEEDED
23.Settings#546.0,Settings / 접근성 - 확대,23.Settings,615,접근성,설정 > 접근성,1,DEEPLINK_CANDIDATE,baseline launched android.settings.ACCESSIBILITY_SETTINGS (d1 candidate; leaf unconfirmed),True,False,True,settings_d1_accessibility,TARGET_REACHED,d1 target screen reached in baseline,0.7,NO_ANCHOR_DEEPEN_NEEDED
23.Settings#547.0,Settings / 접근성 - 확대,23.Settings,616,접근성,설정 > 접근성,1,DEEPLINK_CANDIDATE,baseline launched android.settings.ACCESSIBILITY_SETTINGS (d1 candidate; leaf unconfirmed),False,False,True,settings_d1_accessibility,TARGET_REACHED,d1 target screen reached in baseline,0.7,NO_ANCHOR_DEEPEN_NEEDED
23.Settings#548.0,Settings / 접근성 - 확대,23.Settings,617,접근성,설정 > 접근성,1,DEEPLINK_CANDIDATE,baseline launched android.settings.ACCESSIBILITY_SETTINGS (d1 candidate; leaf unconfirmed),False,False,True,settings_d1_accessibility,TARGET_REACHED,d1 target screen reached in baseline,0.7,NO_ANCHOR_DEEPEN_NEEDED
23.Settings#549.0,Settings / 접근성 - 확대,23.Settings,618,접근성,설정 > 접근성,1,DEEPLINK_CANDIDATE,baseline launched android.settings.ACCESSIBILITY_SETTINGS (d1 candidate; leaf unconfirmed),True,False,False,settings_d1_accessibility,TARGET_REACHED,d1 target screen reached in baseline,0.7,NO_ANCHOR_DEEPEN_NEEDED
23.Settings#550.0,Settings / 접근성 - 확대,23.Settings,619,접근성,설정 > 접근성,1,DEEPLINK_CANDIDATE,baseline launched android.settings.ACCESSIBILITY_SETTINGS (d1 candidate; leaf unconfirmed),True,False,False,settings_d1_accessibility,TARGET_REACHED,d1 target screen reached in baseline,0.7,NO_ANCHOR_DEEPEN_NEEDED
23.Settings#551.0,Settings / 접근성 - 접근성 메뉴,23.Settings,620,접근성,설정 > 접근성 > 접근성 메뉴,2,DEEPLINK_CANDIDATE,baseline launched android.settings.ACCESSIBILITY_SETTINGS (d1 candidate; leaf unconfirmed),False,False,True,settings_d1_accessibility,LEAF_LABEL_OBSERVED,"leaf label seen in d1 single-pass observation (label only, target not entered)",0.7,NO_ANCHOR_DEEPEN_NEEDED
23.Settings#552.0,Settings / 접근성 - 접근성 메뉴 - 허용,23.Settings,621,접근성,설정 > 접근성 > 접근성 메뉴,2,DEEPLINK_CANDIDATE,baseline launched android.settings.ACCESSIBILITY_SETTINGS (d1 candidate; leaf unconfirmed),True,False,True,settings_d1_accessibility,LEAF_LABEL_OBSERVED,"leaf label seen in d1 single-pass observation (label only, target not entered)",0.7,NO_ANCHOR_DEEPEN_NEEDED
23.Settings#553.0,Settings / 접근성 - 접근성 메뉴 - 거부,23.Settings,622,접근성,설정 > 접근성 > 접근성 메뉴,2,DEEPLINK_CANDIDATE,baseline launched android.settings.ACCESSIBILITY_SETTINGS (d1 candidate; leaf unconfirmed),False,False,True,settings_d1_accessibility,LEAF_LABEL_OBSERVED,"leaf label seen in d1 single-pass observation (label only, target not entered)",0.7,NO_ANCHOR_DEEPEN_NEEDED
23.Settings#554.0,Settings / 접근성 - 접근성 메뉴 - 설정,23.Settings,623,접근성,설정 > 접근성 > 접근성 메뉴,2,DEEPLINK_CANDIDATE,baseline launched android.settings.ACCESSIBILITY_SETTINGS (d1 candidate; leaf unconfirmed),False,False,False,settings_d1_accessibility,LEAF_LABEL_OBSERVED,"leaf label seen in d1 single-pass observation (label only, target not entered)",0.7,NO_ANCHOR_DEEPEN_NEEDED
23.Settings#555.0,Settings / 접근성 - 접근성 메뉴 - 설정,23.Settings,624,접근성,설정 > 접근성 > 접근성 메뉴,2,DEEPLINK_CANDIDATE,baseline launched android.settings.ACCESSIBILITY_SETTINGS (d1 candidate; leaf unconfirmed),True,False,True,settings_d1_accessibility,LEAF_LABEL_OBSERVED,"leaf label seen in d1 single-pass observation (label only, target not entered)",0.7,NO_ANCHOR_DEEPEN_NEEDED
23.Settings#556.0,Settings / 접근성 - 접근성 메뉴 - 설정,23.Settings,625,접근성,설정 > 접근성 > 접근성 메뉴,2,DEEPLINK_CANDIDATE,baseline launched android.settings.ACCESSIBILITY_SETTINGS (d1 candidate; leaf unconfirmed),True,False,True,settings_d1_accessibility,LEAF_LABEL_OBSERVED,"leaf label seen in d1 single-pass observation (label only, target not entered)",0.7,NO_ANCHOR_DEEPEN_NEEDED
23.Settings#557.0,Settings / 접근성 - 접근성 메뉴 - 설정,23.Settings,626,접근성,설정 > 접근성 > 접근성 메뉴,2,DEEPLINK_CANDIDATE,baseline launched android.settings.ACCESSIBILITY_SETTINGS (d1 candidate; leaf unconfirmed),False,False,False,settings_d1_accessibility,LEAF_LABEL_OBSERVED,"leaf label seen in d1 single-pass observation (label only, target not entered)",0.7,NO_ANCHOR_DEEPEN_NEEDED
23.Settings#558.0,Settings / 접근성 - 타이밍 제어,23.Settings,627,접근성,설정 > 접근성 > 타이밍 제어,2,DEEPLINK_CANDIDATE,baseline launched android.settings.ACCESSIBILITY_SETTINGS (d1 candidate; leaf unconfirmed),True,False,False,settings_d1_accessibility,LEAF_LABEL_OBSERVED,"leaf label seen in d1 single-pass observation (label only, target not entered)",0.7,NO_ANCHOR_DEEPEN_NEEDED
23.Settings#559.0,Settings / 접근성 - 타이밍 제어,23.Settings,628,접근성,설정 > 접근성 > 타이밍 제어,2,DEEPLINK_CANDIDATE,baseline launched android.settings.ACCESSIBILITY_SETTINGS (d1 candidate; leaf unconfirmed),True,False,False,settings_d1_accessibility,LEAF_LABEL_OBSERVED,"leaf label seen in d1 single-pass observation (label only, target not entered)",0.7,NO_ANCHOR_DEEPEN_NEEDED
23.Settings#560.0,Settings / 접근성 - 타이밍 제어,23.Settings,629,접근성,설정 > 접근성 > 타이밍 제어,2,DEEPLINK_CANDIDATE,baseline launched android.settings.ACCESSIBILITY_SETTINGS (d1 candidate; leaf unconfirmed),True,False,False,settings_d1_accessibility,LEAF_LABEL_OBSERVED,"leaf label seen in d1 single-pass observation (label only, target not entered)",0.7,NO_ANCHOR_DEEPEN_NEEDED
23.Settings#561.0,Settings / 접근성 - 타이밍 제어,23.Settings,630,접근성,설정 > 접근성 > 타이밍 제어,2,DEEPLINK_CANDIDATE,baseline launched android.settings.ACCESSIBILITY_SETTINGS (d1 candidate; leaf unconfirmed),True,False,False,settings_d1_accessibility,LEAF_LABEL_OBSERVED,"leaf label seen in d1 single-pass observation (label only, target not entered)",0.7,NO_ANCHOR_DEEPEN_NEEDED
23.Settings#562.0,Settings / 접근성 - 타이밍 제어,23.Settings,631,접근성,설정 > 접근성 > 타이밍 제어,2,DEEPLINK_CANDIDATE,baseline launched android.settings.ACCESSIBILITY_SETTINGS (d1 candidate; leaf unconfirmed),True,False,False,settings_d1_accessibility,LEAF_LABEL_OBSERVED,"leaf label seen in d1 single-pass observation (label only, target not entered)",0.7,NO_ANCHOR_DEEPEN_NEEDED
23.Settings#563.0,Settings / 접근성 - 타이밍 제어,23.Settings,632,접근성,설정 > 접근성 > 타이밍 제어,2,DEEPLINK_CANDIDATE,baseline launched android.settings.ACCESSIBILITY_SETTINGS (d1 candidate; leaf unconfirmed),False,False,False,settings_d1_accessibility,LEAF_LABEL_OBSERVED,"leaf label seen in d1 single-pass observation (label only, target not entered)",0.7,NO_ANCHOR_DEEPEN_NEEDED
23.Settings#569.0,Settings / 접근성 - 타이밍 제어,23.Settings,638,접근성,설정 > 접근성 > 타이밍 제어,2,DEEPLINK_CANDIDATE,baseline launched android.settings.ACCESSIBILITY_SETTINGS (d1 candidate; leaf unconfirmed),True,False,False,settings_d1_accessibility,LEAF_LABEL_OBSERVED,"leaf label seen in d1 single-pass observation (label only, target not entered)",0.7,NO_ANCHOR_DEEPEN_NEEDED
23.Settings#570.0,Settings / 접근성 - 타이밍 제어,23.Settings,639,접근성,설정 > 접근성 > 타이밍 제어,2,DEEPLINK_CANDIDATE,baseline launched android.settings.ACCESSIBILITY_SETTINGS (d1 candidate; leaf unconfirmed),False,False,False,settings_d1_accessibility,LEAF_LABEL_OBSERVED,"leaf label seen in d1 single-pass observation (label only, target not entered)",0.7,NO_ANCHOR_DEEPEN_NEEDED
23.Settings#571.0,Settings / 접근성 - 타이밍 제어,23.Settings,640,접근성,설정 > 접근성 > 타이밍 제어,2,DEEPLINK_CANDIDATE,baseline launched android.settings.ACCESSIBILITY_SETTINGS (d1 candidate; leaf unconfirmed),False,False,False,settings_d1_accessibility,LEAF_LABEL_OBSERVED,"leaf label seen in d1 single-pass observation (label only, target not entered)",0.7,NO_ANCHOR_DEEPEN_NEEDED
23.Settings#572.0,Settings / 접근성 - 타이밍 제어,23.Settings,641,접근성,설정 > 접근성 > 타이밍 제어,2,DEEPLINK_CANDIDATE,baseline launched android.settings.ACCESSIBILITY_SETTINGS (d1 candidate; leaf unconfirmed),False,False,False,settings_d1_accessibility,LEAF_LABEL_OBSERVED,"leaf label seen in d1 single-pass observation (label only, target not entered)",0.7,NO_ANCHOR_DEEPEN_NEEDED
23.Settings#573.0,Settings / 접근성 - 타이밍 제어,23.Settings,642,접근성,설정 > 접근성 > 타이밍 제어,2,DEEPLINK_CANDIDATE,baseline launched android.settings.ACCESSIBILITY_SETTINGS (d1 candidate; leaf unconfirmed),True,False,False,settings_d1_accessibility,LEAF_LABEL_OBSERVED,"leaf label seen in d1 single-pass observation (label only, target not entered)",0.7,NO_ANCHOR_DEEPEN_NEEDED
23.Settings#574.0,Settings / 접근성 - 타이밍 제어,23.Settings,643,접근성,설정 > 접근성 > 타이밍 제어,2,DEEPLINK_CANDIDATE,baseline launched android.settings.ACCESSIBILITY_SETTINGS (d1 candidate; leaf unconfirmed),False,False,False,settings_d1_accessibility,LEAF_LABEL_OBSERVED,"leaf label seen in d1 single-pass observation (label only, target not entered)",0.7,NO_ANCHOR_DEEPEN_NEEDED
23.Settings#575.0,Settings / 접근성 - 시스템 제어 기능,23.Settings,644,접근성,설정 > 접근성 > 시스템 제어,2,DEEPLINK_CANDIDATE,baseline launched android.settings.ACCESSIBILITY_SETTINGS (d1 candidate; leaf unconfirmed),False,False,False,settings_d1_accessibility,LEAF_LABEL_OBSERVED,"leaf label seen in d1 single-pass observation (label only, target not entered)",0.7,NO_ANCHOR_DEEPEN_NEEDED
23.Settings#576.0,Settings / 접근성 - 시스템 제어 기능,23.Settings,645,접근성,설정 > 접근성 > 시스템 제어,2,DEEPLINK_CANDIDATE,baseline launched android.settings.ACCESSIBILITY_SETTINGS (d1 candidate; leaf unconfirmed),True,False,False,settings_d1_accessibility,LEAF_LABEL_OBSERVED,"leaf label seen in d1 single-pass observation (label only, target not entered)",0.7,NO_ANCHOR_DEEPEN_NEEDED
23.Settings#577.0,Settings / 접근성 - 시스템 제어 기능,23.Settings,646,접근성,설정 > 접근성 > 시스템 제어,2,DEEPLINK_CANDIDATE,baseline launched android.settings.ACCESSIBILITY_SETTINGS (d1 candidate; leaf unconfirmed),True,False,False,settings_d1_accessibility,LEAF_LABEL_OBSERVED,"leaf label seen in d1 single-pass observation (label only, target not entered)",0.7,NO_ANCHOR_DEEPEN_NEEDED
23.Settings#578.0,Settings / 접근성 - 시스템 제어 기능,23.Settings,647,접근성,설정 > 접근성 > 시스템 제어,2,DEEPLINK_CANDIDATE,baseline launched android.settings.ACCESSIBILITY_SETTINGS (d1 candidate; leaf unconfirmed),True,False,False,settings_d1_accessibility,LEAF_LABEL_OBSERVED,"leaf label seen in d1 single-pass observation (label only, target not entered)",0.7,NO_ANCHOR_DEEPEN_NEEDED
23.Settings#579.0,Settings / 접근성 - 시스템 제어 기능,23.Settings,648,접근성,설정 > 접근성 > 시스템 제어,2,DEEPLINK_CANDIDATE,baseline launched android.settings.ACCESSIBILITY_SETTINGS (d1 candidate; leaf unconfirmed),True,False,False,settings_d1_accessibility,LEAF_LABEL_OBSERVED,"leaf label seen in d1 single-pass observation (label only, target not entered)",0.7,NO_ANCHOR_DEEPEN_NEEDED
23.Settings#580.0,Settings / 접근성 - 시스템 제어 기능,23.Settings,649,접근성,설정 > 접근성 > 시스템 제어,2,DEEPLINK_CANDIDATE,baseline launched android.settings.ACCESSIBILITY_SETTINGS (d1 candidate; leaf unconfirmed),True,False,False,settings_d1_accessibility,LEAF_LABEL_OBSERVED,"leaf label seen in d1 single-pass observation (label only, target not entered)",0.7,NO_ANCHOR_DEEPEN_NEEDED
23.Settings#581.0,Settings / 접근성 - 시스템 제어 기능,23.Settings,650,접근성,설정 > 접근성 > 시스템 제어,2,DEEPLINK_CANDIDATE,baseline launched android.settings.ACCESSIBILITY_SETTINGS (d1 candidate; leaf unconfirmed),True,False,False,settings_d1_accessibility,LEAF_LABEL_OBSERVED,"leaf label seen in d1 single-pass observation (label only, target not entered)",0.7,NO_ANCHOR_DEEPEN_NEEDED
23.Settings#582.0,Settings / 접근성 - 시스템 제어 기능,23.Settings,651,접근성,설정 > 접근성 > 시스템 제어,2,DEEPLINK_CANDIDATE,baseline launched android.settings.ACCESSIBILITY_SETTINGS (d1 candidate; leaf unconfirmed),True,False,False,settings_d1_accessibility,LEAF_LABEL_OBSERVED,"leaf label seen in d1 single-pass observation (label only, target not entered)",0.7,NO_ANCHOR_DEEPEN_NEEDED
23.Settings#583.0,Settings / 접근성 - 시스템 제어 기능,23.Settings,652,접근성,설정 > 접근성 > 시스템 제어,2,DEEPLINK_CANDIDATE,baseline launched android.settings.ACCESSIBILITY_SETTINGS (d1 candidate; leaf unconfirmed),False,False,False,settings_d1_accessibility,LEAF_LABEL_OBSERVED,"leaf label seen in d1 single-pass observation (label only, target not entered)",0.7,NO_ANCHOR_DEEPEN_NEEDED
23.Settings#584.0,Settings / 접근성 - 시스템 제어 기능,23.Settings,653,접근성,설정 > 접근성 > 시스템 제어,2,DEEPLINK_CANDIDATE,baseline launched android.settings.ACCESSIBILITY_SETTINGS (d1 candidate; leaf unconfirmed),False,False,False,settings_d1_accessibility,LEAF_LABEL_OBSERVED,"leaf label seen in d1 single-pass observation (label only, target not entered)",0.7,NO_ANCHOR_DEEPEN_NEEDED
23.Settings#587.0,Settings / 접근성 - 시스템 제어 기능,23.Settings,656,접근성,설정 > 접근성 > 시스템 제어,2,DEEPLINK_CANDIDATE,baseline launched android.settings.ACCESSIBILITY_SETTINGS (d1 candidate; leaf unconfirmed),False,False,True,settings_d1_accessibility,LEAF_LABEL_OBSERVED,"leaf label seen in d1 single-pass observation (label only, target not entered)",0.7,NO_ANCHOR_DEEPEN_NEEDED
23.Settings#588.0,Settings / 접근성 - 시스템 제어 기능,23.Settings,657,접근성,설정 > 접근성 > 시스템 제어,2,DEEPLINK_CANDIDATE,baseline launched android.settings.ACCESSIBILITY_SETTINGS (d1 candidate; leaf unconfirmed),False,False,True,settings_d1_accessibility,LEAF_LABEL_OBSERVED,"leaf label seen in d1 single-pass observation (label only, target not entered)",0.7,NO_ANCHOR_DEEPEN_NEEDED
23.Settings#589.0,Settings / 접근성 - 진동 및 햅틱,23.Settings,658,접근성,설정 > 접근성 > 진동 및 햅틱,2,DEEPLINK_CANDIDATE,baseline launched android.settings.ACCESSIBILITY_SETTINGS (d1 candidate; leaf unconfirmed),False,False,False,settings_d1_accessibility,LEAF_LABEL_OBSERVED,"leaf label seen in d1 single-pass observation (label only, target not entered)",0.7,NO_ANCHOR_DEEPEN_NEEDED
23.Settings#594.0,Settings / 접근성 - 진동 및 햅틱,23.Settings,663,접근성,설정 > 접근성 > 진동 및 햅틱,2,DEEPLINK_CANDIDATE,baseline launched android.settings.ACCESSIBILITY_SETTINGS (d1 candidate; leaf unconfirmed),False,False,False,settings_d1_accessibility,LEAF_LABEL_OBSERVED,"leaf label seen in d1 single-pass observation (label only, target not entered)",0.7,NO_ANCHOR_DEEPEN_NEEDED
23.Settings#600.0,Settings / 접근성 - 진동 및 햅틱,23.Settings,669,접근성,설정 > 접근성 > 진동 및 햅틱,2,DEEPLINK_CANDIDATE,baseline launched android.settings.ACCESSIBILITY_SETTINGS (d1 candidate; leaf unconfirmed),False,False,False,settings_d1_accessibility,LEAF_LABEL_OBSERVED,"leaf label seen in d1 single-pass observation (label only, target not entered)",0.7,NO_ANCHOR_DEEPEN_NEEDED
23.Settings#601.0,Settings / 접근성 - 진동 및 햅틱,23.Settings,670,접근성,설정 > 접근성 > 진동 및 햅틱,2,DEEPLINK_CANDIDATE,baseline launched android.settings.ACCESSIBILITY_SETTINGS (d1 candidate; leaf unconfirmed),False,False,False,settings_d1_accessibility,LEAF_LABEL_OBSERVED,"leaf label seen in d1 single-pass observation (label only, target not entered)",0.7,NO_ANCHOR_DEEPEN_NEEDED
23.Settings#603.0,Settings / 접근성 - 실시간 자막,23.Settings,672,접근성,설정 > 접근성 > 실시간 자막,2,DEEPLINK_CANDIDATE,baseline launched android.settings.ACCESSIBILITY_SETTINGS (d1 candidate; leaf unconfirmed),False,False,False,settings_d1_accessibility,PARTIAL,d1 screen in baseline; leaf not in single-pass observation (may exist deeper),0.4,PROBE_PRIORITY_HIGH
23.Settings#604.0,Settings / 접근성 - 실시간 자막,23.Settings,673,접근성,설정 > 접근성 > 실시간 자막,2,DEEPLINK_CANDIDATE,baseline launched android.settings.ACCESSIBILITY_SETTINGS (d1 candidate; leaf unconfirmed),False,False,False,settings_d1_accessibility,PARTIAL,d1 screen in baseline; leaf not in single-pass observation (may exist deeper),0.4,PROBE_PRIORITY_HIGH
23.Settings#605.0,Settings / 접근성 - 실시간 자막,23.Settings,674,접근성,설정 > 접근성 > 실시간 자막,2,DEEPLINK_CANDIDATE,baseline launched android.settings.ACCESSIBILITY_SETTINGS (d1 candidate; leaf unconfirmed),False,False,True,settings_d1_accessibility,PARTIAL,d1 screen in baseline; leaf not in single-pass observation (may exist deeper),0.4,PROBE_DEFER_MUTATION
23.Settings#606.0,Settings / 접근성 - 실시간 자막,23.Settings,675,접근성,설정 > 접근성 > 실시간 자막,2,DEEPLINK_CANDIDATE,baseline launched android.settings.ACCESSIBILITY_SETTINGS (d1 candidate; leaf unconfirmed),False,False,False,settings_d1_accessibility,PARTIAL,d1 screen in baseline; leaf not in single-pass observation (may exist deeper),0.4,PROBE_PRIORITY_HIGH
23.Settings#607.0,Settings / 접근성 - 실시간 자막,23.Settings,676,접근성,설정 > 접근성 > 실시간 자막,2,DEEPLINK_CANDIDATE,baseline launched android.settings.ACCESSIBILITY_SETTINGS (d1 candidate; leaf unconfirmed),False,False,False,settings_d1_accessibility,PARTIAL,d1 screen in baseline; leaf not in single-pass observation (may exist deeper),0.4,PROBE_PRIORITY_HIGH
23.Settings#608.0,Settings / 접근성 - 실시간 자막,23.Settings,677,접근성,설정 > 접근성 > 실시간 자막,2,DEEPLINK_CANDIDATE,baseline launched android.settings.ACCESSIBILITY_SETTINGS (d1 candidate; leaf unconfirmed),False,False,False,settings_d1_accessibility,PARTIAL,d1 screen in baseline; leaf not in single-pass observation (may exist deeper),0.4,PROBE_PRIORITY_HIGH
23.Settings#609.0,Settings / 접근성 - 실시간 자막,23.Settings,678,접근성,설정 > 접근성 > 실시간 자막,2,DEEPLINK_CANDIDATE,baseline launched android.settings.ACCESSIBILITY_SETTINGS (d1 candidate; leaf unconfirmed),False,False,True,settings_d1_accessibility,PARTIAL,d1 screen in baseline; leaf not in single-pass observation (may exist deeper),0.4,PROBE_DEFER_MUTATION
23.Settings#611.0,Settings / 접근성 - 실시간 자막,23.Settings,680,접근성,설정 > 접근성 > 실시간 자막,2,DEEPLINK_CANDIDATE,baseline launched android.settings.ACCESSIBILITY_SETTINGS (d1 candidate; leaf unconfirmed),False,False,False,settings_d1_accessibility,PARTIAL,d1 screen in baseline; leaf not in single-pass observation (may exist deeper),0.4,PROBE_PRIORITY_HIGH
23.Settings#612.0,Settings / 접근성 - 실시간 자막,23.Settings,681,접근성,설정 > 접근성 > 실시간 자막,2,DEEPLINK_CANDIDATE,baseline launched android.settings.ACCESSIBILITY_SETTINGS (d1 candidate; leaf unconfirmed),False,False,False,settings_d1_accessibility,PARTIAL,d1 screen in baseline; leaf not in single-pass observation (may exist deeper),0.4,PROBE_PRIORITY_HIGH
23.Settings#614.0,Settings / 접근성 - 자막 환경설정,23.Settings,683,접근성,설정 > 접근성 > 자막 환경설정,2,DEEPLINK_CANDIDATE,baseline launched android.settings.ACCESSIBILITY_SETTINGS (d1 candidate; leaf unconfirmed),False,False,False,settings_d1_accessibility,LEAF_LABEL_OBSERVED,"leaf label seen in d1 single-pass observation (label only, target not entered)",0.7,NO_ANCHOR_DEEPEN_NEEDED
23.Settings#615.0,Settings / 접근성 - 자막 환경설정,23.Settings,684,접근성,설정 > 접근성 > 자막 환경설정,2,DEEPLINK_CANDIDATE,baseline launched android.settings.ACCESSIBILITY_SETTINGS (d1 candidate; leaf unconfirmed),False,False,True,settings_d1_accessibility,LEAF_LABEL_OBSERVED,"leaf label seen in d1 single-pass observation (label only, target not entered)",0.7,NO_ANCHOR_DEEPEN_NEEDED
23.Settings#616.0,Settings / 접근성 - 자막 환경설정,23.Settings,685,접근성,설정 > 접근성 > 자막 환경설정,2,DEEPLINK_CANDIDATE,baseline launched android.settings.ACCESSIBILITY_SETTINGS (d1 candidate; leaf unconfirmed),False,False,True,settings_d1_accessibility,LEAF_LABEL_OBSERVED,"leaf label seen in d1 single-pass observation (label only, target not entered)",0.7,NO_ANCHOR_DEEPEN_NEEDED
23.Settings#617.0,Settings / 접근성 - 자막 환경설정,23.Settings,686,접근성,설정 > 접근성 > 자막 환경설정,2,DEEPLINK_CANDIDATE,baseline launched android.settings.ACCESSIBILITY_SETTINGS (d1 candidate; leaf unconfirmed),False,False,False,settings_d1_accessibility,LEAF_LABEL_OBSERVED,"leaf label seen in d1 single-pass observation (label only, target not entered)",0.7,NO_ANCHOR_DEEPEN_NEEDED
23.Settings#618.0,Settings / 접근성 - 자막 환경설정,23.Settings,687,접근성,설정 > 접근성 > 자막 환경설정,2,DEEPLINK_CANDIDATE,baseline launched android.settings.ACCESSIBILITY_SETTINGS (d1 candidate; leaf unconfirmed),False,False,False,settings_d1_accessibility,LEAF_LABEL_OBSERVED,"leaf label seen in d1 single-pass observation (label only, target not entered)",0.7,NO_ANCHOR_DEEPEN_NEEDED
23.Settings#619.0,Settings / 접근성 - 자막 환경설정,23.Settings,688,접근성,설정 > 접근성 > 자막 환경설정,2,DEEPLINK_CANDIDATE,baseline launched android.settings.ACCESSIBILITY_SETTINGS (d1 candidate; leaf unconfirmed),False,False,False,settings_d1_accessibility,LEAF_LABEL_OBSERVED,"leaf label seen in d1 single-pass observation (label only, target not entered)",0.7,NO_ANCHOR_DEEPEN_NEEDED
23.Settings#620.0,Settings / 접근성 - 자막 환경설정,23.Settings,689,접근성,설정 > 접근성 > 자막 환경설정,2,DEEPLINK_CANDIDATE,baseline launched android.settings.ACCESSIBILITY_SETTINGS (d1 candidate; leaf unconfirmed),False,False,False,settings_d1_accessibility,LEAF_LABEL_OBSERVED,"leaf label seen in d1 single-pass observation (label only, target not entered)",0.7,NO_ANCHOR_DEEPEN_NEEDED
23.Settings#621.0,Settings / 접근성 - 자막 환경설정,23.Settings,690,접근성,설정 > 접근성 > 자막 환경설정,2,DEEPLINK_CANDIDATE,baseline launched android.settings.ACCESSIBILITY_SETTINGS (d1 candidate; leaf unconfirmed),False,False,False,settings_d1_accessibility,LEAF_LABEL_OBSERVED,"leaf label seen in d1 single-pass observation (label only, target not entered)",0.7,NO_ANCHOR_DEEPEN_NEEDED
23.Settings#622.0,Settings / 접근성 - 자막 환경설정,23.Settings,691,접근성,설정 > 접근성 > 자막 환경설정,2,DEEPLINK_CANDIDATE,baseline launched android.settings.ACCESSIBILITY_SETTINGS (d1 candidate; leaf unconfirmed),False,False,False,settings_d1_accessibility,LEAF_LABEL_OBSERVED,"leaf label seen in d1 single-pass observation (label only, target not entered)",0.7,NO_ANCHOR_DEEPEN_NEEDED
23.Settings#623.0,Settings / 접근성 - 자막 환경설정,23.Settings,692,접근성,설정 > 접근성 > 자막 환경설정,2,DEEPLINK_CANDIDATE,baseline launched android.settings.ACCESSIBILITY_SETTINGS (d1 candidate; leaf unconfirmed),False,False,False,settings_d1_accessibility,LEAF_LABEL_OBSERVED,"leaf label seen in d1 single-pass observation (label only, target not entered)",0.7,NO_ANCHOR_DEEPEN_NEEDED
23.Settings#624.0,Settings / 접근성 - 자막 환경설정,23.Settings,693,접근성,설정 > 접근성 > 자막 환경설정,2,DEEPLINK_CANDIDATE,baseline launched android.settings.ACCESSIBILITY_SETTINGS (d1 candidate; leaf unconfirmed),False,False,False,settings_d1_accessibility,LEAF_LABEL_OBSERVED,"leaf label seen in d1 single-pass observation (label only, target not entered)",0.7,NO_ANCHOR_DEEPEN_NEEDED
23.Settings#625.0,Settings / 접근성 - 자막 환경설정,23.Settings,694,접근성,설정 > 접근성 > 자막 환경설정,2,DEEPLINK_CANDIDATE,baseline launched android.settings.ACCESSIBILITY_SETTINGS (d1 candidate; leaf unconfirmed),False,False,False,settings_d1_accessibility,LEAF_LABEL_OBSERVED,"leaf label seen in d1 single-pass observation (label only, target not entered)",0.7,NO_ANCHOR_DEEPEN_NEEDED
23.Settings#626.0,Settings / 접근성 - 자막 환경설정,23.Settings,695,접근성,설정 > 접근성 > 자막 환경설정,2,DEEPLINK_CANDIDATE,baseline launched android.settings.ACCESSIBILITY_SETTINGS (d1 candidate; leaf unconfirmed),False,False,False,settings_d1_accessibility,LEAF_LABEL_OBSERVED,"leaf label seen in d1 single-pass observation (label only, target not entered)",0.7,NO_ANCHOR_DEEPEN_NEEDED
23.Settings#627.0,Settings / 접근성 - 자막 환경설정,23.Settings,696,접근성,설정 > 접근성 > 자막 환경설정,2,DEEPLINK_CANDIDATE,baseline launched android.settings.ACCESSIBILITY_SETTINGS (d1 candidate; leaf unconfirmed),False,False,False,settings_d1_accessibility,LEAF_LABEL_OBSERVED,"leaf label seen in d1 single-pass observation (label only, target not entered)",0.7,NO_ANCHOR_DEEPEN_NEEDED
23.Settings#628.0,Settings / 접근성 - 자막 환경설정,23.Settings,697,접근성,설정 > 접근성 > 자막 환경설정,2,DEEPLINK_CANDIDATE,baseline launched android.settings.ACCESSIBILITY_SETTINGS (d1 candidate; leaf unconfirmed),False,False,True,settings_d1_accessibility,LEAF_LABEL_OBSERVED,"leaf label seen in d1 single-pass observation (label only, target not entered)",0.7,NO_ANCHOR_DEEPEN_NEEDED
23.Settings#630.0,Settings / 접근성 - 오디오 설명,23.Settings,699,접근성,설정 > 접근성 > 오디오 설명,2,DEEPLINK_CANDIDATE,baseline launched android.settings.ACCESSIBILITY_SETTINGS (d1 candidate; leaf unconfirmed),False,False,True,settings_d1_accessibility,LEAF_LABEL_OBSERVED,"leaf label seen in d1 single-pass observation (label only, target not entered)",0.7,NO_ANCHOR_DEEPEN_NEEDED
23.Settings#631.0,Settings / 접근성 - 보청기,23.Settings,700,접근성,설정 > 접근성 > 보청기,2,DEEPLINK_CANDIDATE,baseline launched android.settings.ACCESSIBILITY_SETTINGS (d1 candidate; leaf unconfirmed),False,False,False,settings_d1_accessibility,PARTIAL,d1 screen in baseline; leaf not in single-pass observation (may exist deeper),0.4,PROBE_PRIORITY_HIGH
23.Settings#632.0,Settings / 접근성 - 보청기,23.Settings,701,접근성,설정 > 접근성 > 보청기,2,DEEPLINK_CANDIDATE,baseline launched android.settings.ACCESSIBILITY_SETTINGS (d1 candidate; leaf unconfirmed),False,False,False,settings_d1_accessibility,PARTIAL,d1 screen in baseline; leaf not in single-pass observation (may exist deeper),0.4,PROBE_PRIORITY_HIGH
23.Settings#633.0,Settings / 접근성 - 보청기,23.Settings,702,접근성,설정 > 접근성 > 보청기,2,DEEPLINK_CANDIDATE,baseline launched android.settings.ACCESSIBILITY_SETTINGS (d1 candidate; leaf unconfirmed),False,False,False,settings_d1_accessibility,PARTIAL,d1 screen in baseline; leaf not in single-pass observation (may exist deeper),0.4,PROBE_PRIORITY_HIGH
23.Settings#634.0,Settings / 접근성 - 오디오 조정,23.Settings,703,접근성,설정 > 접근성 > 오디오 조정,2,DEEPLINK_CANDIDATE,baseline launched android.settings.ACCESSIBILITY_SETTINGS (d1 candidate; leaf unconfirmed),False,False,False,settings_d1_accessibility,LEAF_LABEL_OBSERVED,"leaf label seen in d1 single-pass observation (label only, target not entered)",0.7,NO_ANCHOR_DEEPEN_NEEDED
23.Settings#635.0,Settings / 접근성 - 오디오 조정,23.Settings,704,접근성,설정 > 접근성 > 오디오 조정,2,DEEPLINK_CANDIDATE,baseline launched android.settings.ACCESSIBILITY_SETTINGS (d1 candidate; leaf unconfirmed),False,False,True,settings_d1_accessibility,LEAF_LABEL_OBSERVED,"leaf label seen in d1 single-pass observation (label only, target not entered)",0.7,NO_ANCHOR_DEEPEN_NEEDED
23.Settings#636.0,Settings / 접근성 - 오디오 조정,23.Settings,705,접근성,설정 > 접근성 > 오디오 조정,2,DEEPLINK_CANDIDATE,baseline launched android.settings.ACCESSIBILITY_SETTINGS (d1 candidate; leaf unconfirmed),False,False,True,settings_d1_accessibility,LEAF_LABEL_OBSERVED,"leaf label seen in d1 single-pass observation (label only, target not entered)",0.7,NO_ANCHOR_DEEPEN_NEEDED
23.Settings#637.0,Settings / 접근성 - 오디오 조정,23.Settings,706,접근성,설정 > 접근성 > 오디오 조정,2,DEEPLINK_CANDIDATE,baseline launched android.settings.ACCESSIBILITY_SETTINGS (d1 candidate; leaf unconfirmed),True,False,False,settings_d1_accessibility,LEAF_LABEL_OBSERVED,"leaf label seen in d1 single-pass observation (label only, target not entered)",0.7,NO_ANCHOR_DEEPEN_NEEDED
23.Settings#638.0,Settings / 접근성 - 오디오 조정,23.Settings,707,접근성,설정 > 접근성 > 오디오 조정,2,DEEPLINK_CANDIDATE,baseline launched android.settings.ACCESSIBILITY_SETTINGS (d1 candidate; leaf unconfirmed),True,False,False,settings_d1_accessibility,LEAF_LABEL_OBSERVED,"leaf label seen in d1 single-pass observation (label only, target not entered)",0.7,NO_ANCHOR_DEEPEN_NEEDED
23.Settings#639.0,Settings / 접근성 - 오디오 조정,23.Settings,708,접근성,설정 > 접근성 > 오디오 조정,2,DEEPLINK_CANDIDATE,baseline launched android.settings.ACCESSIBILITY_SETTINGS (d1 candidate; leaf unconfirmed),True,False,False,settings_d1_accessibility,LEAF_LABEL_OBSERVED,"leaf label seen in d1 single-pass observation (label only, target not entered)",0.7,NO_ANCHOR_DEEPEN_NEEDED
23.Settings#640.0,Settings / 접근성 단축키,23.Settings,709,접근성,설정 > 접근성 > 접근성 단축키,2,DEEPLINK_CANDIDATE,baseline launched android.settings.ACCESSIBILITY_SETTINGS (d1 candidate; leaf unconfirmed),False,False,False,settings_d1_accessibility,LEAF_LABEL_OBSERVED,"leaf label seen in d1 single-pass observation (label only, target not entered)",0.7,NO_ANCHOR_DEEPEN_NEEDED
23.Settings#641.0,Settings / 접근성 단축키,23.Settings,710,접근성,설정 > 접근성 > 접근성 단축키,2,DEEPLINK_CANDIDATE,baseline launched android.settings.ACCESSIBILITY_SETTINGS (d1 candidate; leaf unconfirmed),False,False,False,settings_d1_accessibility,LEAF_LABEL_OBSERVED,"leaf label seen in d1 single-pass observation (label only, target not entered)",0.7,NO_ANCHOR_DEEPEN_NEEDED
23.Settings#642.0,Settings / 접근성 단축키,23.Settings,711,접근성,설정 > 접근성 > 접근성 단축키,2,DEEPLINK_CANDIDATE,baseline launched android.settings.ACCESSIBILITY_SETTINGS (d1 candidate; leaf unconfirmed),False,False,False,settings_d1_accessibility,LEAF_LABEL_OBSERVED,"leaf label seen in d1 single-pass observation (label only, target not entered)",0.7,NO_ANCHOR_DEEPEN_NEEDED
23.Settings#643.0,Settings / 접근성 단축키,23.Settings,712,접근성,설정 > 접근성 > 접근성 단축키,2,DEEPLINK_CANDIDATE,baseline launched android.settings.ACCESSIBILITY_SETTINGS (d1 candidate; leaf unconfirmed),False,False,False,settings_d1_accessibility,LEAF_LABEL_OBSERVED,"leaf label seen in d1 single-pass observation (label only, target not entered)",0.7,NO_ANCHOR_DEEPEN_NEEDED
23.Settings#644.0,Settings / 접근성 단축키,23.Settings,713,접근성,설정 > 접근성 > 접근성 단축키,2,DEEPLINK_CANDIDATE,baseline launched android.settings.ACCESSIBILITY_SETTINGS (d1 candidate; leaf unconfirmed),True,False,False,settings_d1_accessibility,LEAF_LABEL_OBSERVED,"leaf label seen in d1 single-pass observation (label only, target not entered)",0.7,NO_ANCHOR_DEEPEN_NEEDED
23.Settings#645.0,Settings / 접근성 단축키,23.Settings,714,접근성,설정 > 접근성 > 접근성 단축키,2,DEEPLINK_CANDIDATE,baseline launched android.settings.ACCESSIBILITY_SETTINGS (d1 candidate; leaf unconfirmed),True,False,False,settings_d1_accessibility,LEAF_LABEL_OBSERVED,"leaf label seen in d1 single-pass observation (label only, target not entered)",0.7,NO_ANCHOR_DEEPEN_NEEDED
23.Settings#646.0,Settings / 접근성 단축키,23.Settings,715,접근성,설정 > 접근성 > 접근성 단축키,2,DEEPLINK_CANDIDATE,baseline launched android.settings.ACCESSIBILITY_SETTINGS (d1 candidate; leaf unconfirmed),True,False,True,settings_d1_accessibility,LEAF_LABEL_OBSERVED,"leaf label seen in d1 single-pass observation (label only, target not entered)",0.7,NO_ANCHOR_DEEPEN_NEEDED
23.Settings#647.0,Settings / 접근성 단축키,23.Settings,716,접근성,설정 > 접근성 > 접근성 단축키,2,DEEPLINK_CANDIDATE,baseline launched android.settings.ACCESSIBILITY_SETTINGS (d1 candidate; leaf unconfirmed),True,False,True,settings_d1_accessibility,LEAF_LABEL_OBSERVED,"leaf label seen in d1 single-pass observation (label only, target not entered)",0.7,NO_ANCHOR_DEEPEN_NEEDED
23.Settings#648.0,Settings / 접근성 단축키,23.Settings,717,접근성,설정 > 접근성 > 접근성 단축키,2,DEEPLINK_CANDIDATE,baseline launched android.settings.ACCESSIBILITY_SETTINGS (d1 candidate; leaf unconfirmed),True,False,False,settings_d1_accessibility,LEAF_LABEL_OBSERVED,"leaf label seen in d1 single-pass observation (label only, target not entered)",0.7,NO_ANCHOR_DEEPEN_NEEDED
23.Settings#649.0,Settings / 접근성 - 텍스트 음성 변환 출력,23.Settings,718,접근성,설정 > 접근성 > 텍스트 음성 변환 출력,2,DEEPLINK_CANDIDATE,baseline launched android.settings.ACCESSIBILITY_SETTINGS (d1 candidate; leaf unconfirmed),False,False,False,settings_d1_accessibility,LEAF_LABEL_OBSERVED,"leaf label seen in d1 single-pass observation (label only, target not entered)",0.7,NO_ANCHOR_DEEPEN_NEEDED
23.Settings#650.0,Settings / 접근성 - 텍스트 음성 변환 출력,23.Settings,719,접근성,설정 > 접근성 > 텍스트 음성 변환 출력,2,DEEPLINK_CANDIDATE,baseline launched android.settings.ACCESSIBILITY_SETTINGS (d1 candidate; leaf unconfirmed),False,False,False,settings_d1_accessibility,LEAF_LABEL_OBSERVED,"leaf label seen in d1 single-pass observation (label only, target not entered)",0.7,NO_ANCHOR_DEEPEN_NEEDED
23.Settings#657.0,Settings / 접근성 - 텍스트 음성 변환 출력,23.Settings,726,접근성,설정 > 접근성 > 텍스트 음성 변환 출력,2,DEEPLINK_CANDIDATE,baseline launched android.settings.ACCESSIBILITY_SETTINGS (d1 candidate; leaf unconfirmed),False,False,False,settings_d1_accessibility,LEAF_LABEL_OBSERVED,"leaf label seen in d1 single-pass observation (label only, target not entered)",0.7,NO_ANCHOR_DEEPEN_NEEDED
23.Settings#658.0,Settings / 접근성 - 텍스트 음성 변환 출력,23.Settings,727,접근성,설정 > 접근성 > 텍스트 음성 변환 출력,2,DEEPLINK_CANDIDATE,baseline launched android.settings.ACCESSIBILITY_SETTINGS (d1 candidate; leaf unconfirmed),False,False,True,settings_d1_accessibility,LEAF_LABEL_OBSERVED,"leaf label seen in d1 single-pass observation (label only, target not entered)",0.7,NO_ANCHOR_DEEPEN_NEEDED
23.Settings#659.0,Settings / 접근성 - 텍스트 음성 변환 출력,23.Settings,728,접근성,설정 > 접근성 > 텍스트 음성 변환 출력,2,DEEPLINK_CANDIDATE,baseline launched android.settings.ACCESSIBILITY_SETTINGS (d1 candidate; leaf unconfirmed),False,False,True,settings_d1_accessibility,LEAF_LABEL_OBSERVED,"leaf label seen in d1 single-pass observation (label only, target not entered)",0.7,NO_ANCHOR_DEEPEN_NEEDED
23.Settings#660.0,Settings / 접근성 - 텍스트 음성 변환 출력,23.Settings,729,접근성,설정 > 접근성 > 텍스트 음성 변환 출력,2,DEEPLINK_CANDIDATE,baseline launched android.settings.ACCESSIBILITY_SETTINGS (d1 candidate; leaf unconfirmed),False,False,True,settings_d1_accessibility,LEAF_LABEL_OBSERVED,"leaf label seen in d1 single-pass observation (label only, target not entered)",0.7,NO_ANCHOR_DEEPEN_NEEDED
23.Settings#661.0,Settings / 접근성 - 텍스트 음성 변환 출력,23.Settings,730,접근성,설정 > 접근성 > 텍스트 음성 변환 출력,2,DEEPLINK_CANDIDATE,baseline launched android.settings.ACCESSIBILITY_SETTINGS (d1 candidate; leaf unconfirmed),False,False,False,settings_d1_accessibility,LEAF_LABEL_OBSERVED,"leaf label seen in d1 single-pass observation (label only, target not entered)",0.7,NO_ANCHOR_DEEPEN_NEEDED
23.Settings#662.0,Settings / 접근성 - 텍스트 음성 변환 출력,23.Settings,731,접근성,설정 > 접근성 > 텍스트 음성 변환 출력,2,DEEPLINK_CANDIDATE,baseline launched android.settings.ACCESSIBILITY_SETTINGS (d1 candidate; leaf unconfirmed),False,False,False,settings_d1_accessibility,LEAF_LABEL_OBSERVED,"leaf label seen in d1 single-pass observation (label only, target not entered)",0.7,NO_ANCHOR_DEEPEN_NEEDED
23.Settings#663.0,Settings / 접근성 - 텍스트 음성 변환 출력,23.Settings,732,접근성,설정 > 접근성 > 텍스트 음성 변환 출력,2,DEEPLINK_CANDIDATE,baseline launched android.settings.ACCESSIBILITY_SETTINGS (d1 candidate; leaf unconfirmed),False,False,False,settings_d1_accessibility,LEAF_LABEL_OBSERVED,"leaf label seen in d1 single-pass observation (label only, target not entered)",0.7,NO_ANCHOR_DEEPEN_NEEDED
23.Settings#665.0,Settings / 접근성 - 텍스트 음성 변환 출력,23.Settings,734,접근성,설정 > 접근성 > 텍스트 음성 변환 출력,2,DEEPLINK_CANDIDATE,baseline launched android.settings.ACCESSIBILITY_SETTINGS (d1 candidate; leaf unconfirmed),False,False,False,settings_d1_accessibility,LEAF_LABEL_OBSERVED,"leaf label seen in d1 single-pass observation (label only, target not entered)",0.7,NO_ANCHOR_DEEPEN_NEEDED
23.Settings#666.0,Settings / 접근성 - 텍스트 음성 변환 출력,23.Settings,735,접근성,설정 > 접근성 > 텍스트 음성 변환 출력,2,DEEPLINK_CANDIDATE,baseline launched android.settings.ACCESSIBILITY_SETTINGS (d1 candidate; leaf unconfirmed),False,False,False,settings_d1_accessibility,LEAF_LABEL_OBSERVED,"leaf label seen in d1 single-pass observation (label only, target not entered)",0.7,NO_ANCHOR_DEEPEN_NEEDED
23.Settings#667.0,Settings / 접근성 - 텍스트 음성 변환 출력,23.Settings,736,접근성,설정 > 접근성 > 텍스트 음성 변환 출력,2,DEEPLINK_CANDIDATE,baseline launched android.settings.ACCESSIBILITY_SETTINGS (d1 candidate; leaf unconfirmed),False,False,False,settings_d1_accessibility,LEAF_LABEL_OBSERVED,"leaf label seen in d1 single-pass observation (label only, target not entered)",0.7,NO_ANCHOR_DEEPEN_NEEDED
23.Settings#668.0,Settings / 접근성 - 텍스트 음성 변환 출력,23.Settings,737,접근성,설정 > 접근성 > 텍스트 음성 변환 출력,2,DEEPLINK_CANDIDATE,baseline launched android.settings.ACCESSIBILITY_SETTINGS (d1 candidate; leaf unconfirmed),False,False,False,settings_d1_accessibility,LEAF_LABEL_OBSERVED,"leaf label seen in d1 single-pass observation (label only, target not entered)",0.7,NO_ANCHOR_DEEPEN_NEEDED
23.Settings#669.0,Settings / 접근성 - 텍스트 음성 변환 출력,23.Settings,738,접근성,설정 > 접근성 > 텍스트 음성 변환 출력,2,DEEPLINK_CANDIDATE,baseline launched android.settings.ACCESSIBILITY_SETTINGS (d1 candidate; leaf unconfirmed),False,False,False,settings_d1_accessibility,LEAF_LABEL_OBSERVED,"leaf label seen in d1 single-pass observation (label only, target not entered)",0.7,NO_ANCHOR_DEEPEN_NEEDED
23.Settings#670.0,Settings / 접근성 - 텍스트 음성 변환 출력,23.Settings,739,접근성,설정 > 접근성 > 텍스트 음성 변환 출력,2,DEEPLINK_CANDIDATE,baseline launched android.settings.ACCESSIBILITY_SETTINGS (d1 candidate; leaf unconfirmed),False,False,False,settings_d1_accessibility,LEAF_LABEL_OBSERVED,"leaf label seen in d1 single-pass observation (label only, target not entered)",0.7,NO_ANCHOR_DEEPEN_NEEDED
23.Settings#671.0,Settings / 접근성 - 텍스트 음성 변환 출력,23.Settings,740,접근성,설정 > 접근성 > 텍스트 음성 변환 출력,2,DEEPLINK_CANDIDATE,baseline launched android.settings.ACCESSIBILITY_SETTINGS (d1 candidate; leaf unconfirmed),False,False,True,settings_d1_accessibility,LEAF_LABEL_OBSERVED,"leaf label seen in d1 single-pass observation (label only, target not entered)",0.7,NO_ANCHOR_DEEPEN_NEEDED
23.Settings#672.0,Settings / 보안,23.Settings,741,보안,설정 > 보안,1,MENU_NAVIGATION,no baseline deep-link for area; tap-navigation required,False,False,False,,MISSING,no baseline d1 screen for area '보안',0.3,PROBE_PRIORITY_MEDIUM
23.Settings#673.0,Settings / 보안,23.Settings,742,보안,설정 > 보안,1,MENU_NAVIGATION,no baseline deep-link for area; tap-navigation required,False,False,False,,MISSING,no baseline d1 screen for area '보안',0.3,PROBE_PRIORITY_MEDIUM
23.Settings#674.0,Settings / 보안,23.Settings,743,보안,설정 > 보안 > 보안을 위한 차단 설정,2,MENU_NAVIGATION,no baseline deep-link for area; tap-navigation required,False,False,False,,MISSING,no baseline d1 screen for area '보안',0.3,PROBE_PRIORITY_MEDIUM
23.Settings#677.0,Settings / 보안,23.Settings,746,보안,설정 > 보안 > 보안 및 개인 정보 보호 더보기 > 기기 관리자 앱 > 내 기기찾기 메뉴,4,MENU_NAVIGATION,no baseline deep-link for area; tap-navigation required,True,False,False,,MISSING,no baseline d1 screen for area '보안',0.3,PROBE_DEFER_INPUT
23.Settings#678.0,Settings / 보안 - Google Play 프로텍트,23.Settings,747,보안,설정 > 보안 > Google Play 프로텍트,2,MENU_NAVIGATION,no baseline deep-link for area; tap-navigation required,True,False,False,,MISSING,no baseline d1 screen for area '보안',0.3,PROBE_DEFER_INPUT
23.Settings#680.0,Settings / 보안 - 내 기기 찾기,23.Settings,749,보안,설정 > 보안 > 내 기기 찾기,2,MENU_NAVIGATION,no baseline deep-link for area; tap-navigation required,False,False,False,,MISSING,no baseline d1 screen for area '보안',0.3,PROBE_PRIORITY_MEDIUM
23.Settings#681.0,Settings / 보안 - 내 기기 찾기,23.Settings,750,보안,설정 > 보안 > 내 기기 찾기,2,MENU_NAVIGATION,no baseline deep-link for area; tap-navigation required,False,False,False,,MISSING,no baseline d1 screen for area '보안',0.3,PROBE_PRIORITY_MEDIUM
23.Settings#682.0,Settings / 보안 - 내 기기 찾기,23.Settings,751,보안,설정 > 보안 > 내 기기 찾기,2,MENU_NAVIGATION,no baseline deep-link for area; tap-navigation required,False,False,False,,MISSING,no baseline d1 screen for area '보안',0.3,PROBE_PRIORITY_MEDIUM
23.Settings#685.0,Settings / 보안 - 업데이트,23.Settings,754,보안,설정 > 보안 > 보안 업데이트,2,MENU_NAVIGATION,no baseline deep-link for area; tap-navigation required,False,False,False,,MISSING,no baseline d1 screen for area '보안',0.3,PROBE_PRIORITY_MEDIUM
23.Settings#686.0,Settings / 보안 - 업데이트,23.Settings,755,보안,설정 > 보안 > Google Play 시스템 업데이트,2,MENU_NAVIGATION,no baseline deep-link for area; tap-navigation required,False,False,False,,MISSING,no baseline d1 screen for area '보안',0.3,PROBE_PRIORITY_MEDIUM
23.Settings#688.0,Settings / 보안 - 화면 잠금,23.Settings,757,보안,설정 > 보안 > 화면 잠금,2,MENU_NAVIGATION,no baseline deep-link for area; tap-navigation required,True,False,False,,MISSING,no baseline d1 screen for area '보안',0.3,PROBE_DEFER_INPUT
23.Settings#689.0,Settings / 보안 - 화면 잠금,23.Settings,758,보안,설정 > 보안 > 화면 잠금,2,MENU_NAVIGATION,no baseline deep-link for area; tap-navigation required,True,False,False,,MISSING,no baseline d1 screen for area '보안',0.3,PROBE_DEFER_INPUT
23.Settings#690.0,Settings / 보안 - 화면 잠금,23.Settings,759,보안,설정 > 보안 > 화면 잠금,2,MENU_NAVIGATION,no baseline deep-link for area; tap-navigation required,True,False,False,,MISSING,no baseline d1 screen for area '보안',0.3,PROBE_DEFER_INPUT
23.Settings#691.0,Settings / 보안 - 화면 잠금,23.Settings,760,보안,설정 > 보안 > 화면 잠금,2,MENU_NAVIGATION,no baseline deep-link for area; tap-navigation required,True,False,False,,MISSING,no baseline d1 screen for area '보안',0.3,PROBE_DEFER_INPUT
23.Settings#692.0,Settings / 보안 - 화면 잠금,23.Settings,761,보안,설정 > 보안 > 화면 잠금,2,MENU_NAVIGATION,no baseline deep-link for area; tap-navigation required,True,False,False,,MISSING,no baseline d1 screen for area '보안',0.3,PROBE_DEFER_INPUT
23.Settings#693.0,Settings / 보안 - 화면 잠금,23.Settings,762,보안,설정 > 보안 > 화면 잠금,2,MENU_NAVIGATION,no baseline deep-link for area; tap-navigation required,True,False,False,,MISSING,no baseline d1 screen for area '보안',0.3,PROBE_DEFER_INPUT
23.Settings#697.0,Settings / 보안 - 화면 잠금,23.Settings,766,보안,설정 > 보안 > 화면 잠금,2,MENU_NAVIGATION,no baseline deep-link for area; tap-navigation required,True,False,False,,MISSING,no baseline d1 screen for area '보안',0.3,PROBE_DEFER_INPUT
23.Settings#698.0,Settings / 보안 - 화면 잠금,23.Settings,767,보안,설정 > 보안 > 화면 잠금,2,MENU_NAVIGATION,no baseline deep-link for area; tap-navigation required,True,False,False,,MISSING,no baseline d1 screen for area '보안',0.3,PROBE_DEFER_INPUT
23.Settings#699.0,Settings / 보안 - 화면 잠금,23.Settings,768,보안,설정 > 보안 > 화면 잠금,2,MENU_NAVIGATION,no baseline deep-link for area; tap-navigation required,True,False,True,,MISSING,no baseline d1 screen for area '보안',0.3,PROBE_DEFER_MUTATION
23.Settings#727.0,Settings / 보안 - 얼굴 인식 잠금 해제,23.Settings,796,보안,설정 > 보안 > 얼굴 인식 잠금 해제,2,MENU_NAVIGATION,no baseline deep-link for area; tap-navigation required,True,False,True,,MISSING,no baseline d1 screen for area '보안',0.3,PROBE_DEFER_MUTATION
23.Settings#728.0,Settings / 보안 - 얼굴 인식 잠금 해제,23.Settings,797,보안,설정 > 보안 > 얼굴 인식 잠금 해제,2,MENU_NAVIGATION,no baseline deep-link for area; tap-navigation required,True,False,True,,MISSING,no baseline d1 screen for area '보안',0.3,PROBE_DEFER_MUTATION
23.Settings#729.0,Settings / 보안 - 얼굴 인식 잠금 해제,23.Settings,798,보안,설정 > 보안 > 얼굴 인식 잠금 해제,2,MENU_NAVIGATION,no baseline deep-link for area; tap-navigation required,True,False,True,,MISSING,no baseline d1 screen for area '보안',0.3,PROBE_DEFER_MUTATION
23.Settings#730.0,Settings / 보안 - 얼굴 인식 잠금 해제,23.Settings,799,보안,설정 > 보안 > 얼굴 인식 잠금 해제,2,MENU_NAVIGATION,no baseline deep-link for area; tap-navigation required,True,False,True,,MISSING,no baseline d1 screen for area '보안',0.3,PROBE_DEFER_MUTATION
23.Settings#731.0,Settings / 보안 - 얼굴 인식 잠금 해제,23.Settings,800,보안,설정 > 보안 > 얼굴 인식 잠금 해제,2,MENU_NAVIGATION,no baseline deep-link for area; tap-navigation required,True,False,True,,MISSING,no baseline d1 screen for area '보안',0.3,PROBE_DEFER_MUTATION
23.Settings#732.0,Settings / 보안 - 얼굴 인식 잠금 해제,23.Settings,801,보안,설정 > 보안 > 얼굴 인식 잠금 해제,2,MENU_NAVIGATION,no baseline deep-link for area; tap-navigation required,True,False,True,,MISSING,no baseline d1 screen for area '보안',0.3,PROBE_DEFER_MUTATION
23.Settings#733.0,Settings / 보안 - 얼굴 인식 잠금 해제,23.Settings,802,보안,설정 > 보안 > 얼굴 인식 잠금 해제,2,MENU_NAVIGATION,no baseline deep-link for area; tap-navigation required,True,False,True,,MISSING,no baseline d1 screen for area '보안',0.3,PROBE_DEFER_MUTATION
23.Settings#734.0,Settings / 보안 - 얼굴 인식 잠금 해제,23.Settings,803,보안,설정 > 보안 > 얼굴 인식 잠금 해제,2,MENU_NAVIGATION,no baseline deep-link for area; tap-navigation required,True,False,True,,MISSING,no baseline d1 screen for area '보안',0.3,PROBE_DEFER_MUTATION
23.Settings#735.0,Settings / 보안 - 얼굴 인식 잠금 해제,23.Settings,804,보안,설정 > 보안 > 얼굴 인식 잠금 해제,2,MENU_NAVIGATION,no baseline deep-link for area; tap-navigation required,True,False,True,,MISSING,no baseline d1 screen for area '보안',0.3,PROBE_DEFER_MUTATION
23.Settings#736.0,Settings / 보안 - 얼굴 인식 잠금 해제,23.Settings,805,보안,설정 > 보안 > 얼굴 인식 잠금 해제,2,MENU_NAVIGATION,no baseline deep-link for area; tap-navigation required,True,False,True,,MISSING,no baseline d1 screen for area '보안',0.3,PROBE_DEFER_MUTATION
23.Settings#737.0,Settings / 보안 - 얼굴 인식 잠금 해제,23.Settings,806,보안,설정 > 보안 > 얼굴 인식 잠금 해제,2,MENU_NAVIGATION,no baseline deep-link for area; tap-navigation required,True,False,True,,MISSING,no baseline d1 screen for area '보안',0.3,PROBE_DEFER_MUTATION
23.Settings#738.0,Settings / 보안 - 얼굴 인식 잠금 해제,23.Settings,807,보안,설정 > 보안 > 얼굴 인식 잠금 해제,2,MENU_NAVIGATION,no baseline deep-link for area; tap-navigation required,True,False,True,,MISSING,no baseline d1 screen for area '보안',0.3,PROBE_DEFER_MUTATION
23.Settings#739.0,Settings / 보안 - 얼굴 인식 잠금 해제,23.Settings,808,보안,설정 > 보안 > 얼굴 인식 잠금 해제,2,MENU_NAVIGATION,no baseline deep-link for area; tap-navigation required,True,False,True,,MISSING,no baseline d1 screen for area '보안',0.3,PROBE_DEFER_MUTATION
23.Settings#743.0,Settings / 보안 - 얼굴 인식 잠금 해제,23.Settings,812,보안,설정 > 보안 > 얼굴 인식 잠금 해제,2,MENU_NAVIGATION,no baseline deep-link for area; tap-navigation required,True,False,True,,MISSING,no baseline d1 screen for area '보안',0.3,PROBE_DEFER_MUTATION
23.Settings#744.0,Settings / 보안 - 얼굴 인식 잠금 해제,23.Settings,813,보안,설정 > 보안 > 얼굴 인식 잠금 해제,2,MENU_NAVIGATION,no baseline deep-link for area; tap-navigation required,True,False,True,,MISSING,no baseline d1 screen for area '보안',0.3,PROBE_DEFER_MUTATION
23.Settings#745.0,Settings / 보안 - 얼굴 인식 잠금 해제,23.Settings,814,보안,설정 > 보안 > 얼굴 인식 잠금 해제,2,MENU_NAVIGATION,no baseline deep-link for area; tap-navigation required,True,False,True,,MISSING,no baseline d1 screen for area '보안',0.3,PROBE_DEFER_MUTATION
23.Settings#746.0,Settings / 보안 - 얼굴 인식 잠금 해제,23.Settings,815,보안,설정 > 보안 > 얼굴 인식 잠금 해제,2,MENU_NAVIGATION,no baseline deep-link for area; tap-navigation required,True,False,True,,MISSING,no baseline d1 screen for area '보안',0.3,PROBE_DEFER_MUTATION
23.Settings#747.0,Settings / 보안 - 얼굴 인식 잠금 해제,23.Settings,816,보안,설정 > 보안 > 얼굴 인식 잠금 해제,2,MENU_NAVIGATION,no baseline deep-link for area; tap-navigation required,True,False,True,,MISSING,no baseline d1 screen for area '보안',0.3,PROBE_DEFER_MUTATION
23.Settings#749.0,Settings / 보안 - 보안을 위한 차단 설정,23.Settings,818,보안,설정 > 보안 > 보안을 위한 차단 설정 > 사용하기 Toggle On,3,MENU_NAVIGATION,no baseline deep-link for area; tap-navigation required,True,False,True,,MISSING,no baseline d1 screen for area '보안',0.3,PROBE_DEFER_MUTATION
23.Settings#750.0,Settings / 보안 - 보안을 위한 차단 설정,23.Settings,819,보안,설정 > 보안 > 보안을 위한 차단 설정 > 사용하기 Toggle Off,3,MENU_NAVIGATION,no baseline deep-link for area; tap-navigation required,True,False,True,,MISSING,no baseline d1 screen for area '보안',0.3,PROBE_DEFER_MUTATION
23.Settings#751.0,Settings / 보안 - 보안을 위한 차단 설정,23.Settings,820,보안,설정 > 보안 > 보안을 위한 차단 설정 > 개별 메뉴 On/Off,3,MENU_NAVIGATION,no baseline deep-link for area; tap-navigation required,True,False,True,,MISSING,no baseline d1 screen for area '보안',0.3,PROBE_DEFER_MUTATION
23.Settings#755.0,Settings / 보안 - 보안 및 개인정보 보호 더보기,23.Settings,824,보안,설정 > 보안 > 보안 및 개인정보 보호 더보기,2,MENU_NAVIGATION,no baseline deep-link for area; tap-navigation required,False,False,True,,MISSING,no baseline d1 screen for area '보안',0.3,PROBE_DEFER_MUTATION
23.Settings#756.0,Settings / 보안 - 보안 및 개인정보 보호 더보기,23.Settings,825,보안,설정 > 보안 > 보안 및 개인정보 보호 더보기,2,MENU_NAVIGATION,no baseline deep-link for area; tap-navigation required,False,False,True,,MISSING,no baseline d1 screen for area '보안',0.3,PROBE_DEFER_MUTATION
23.Settings#757.0,Settings / 보안 - 보안 및 개인정보 보호 더보기,23.Settings,826,보안,설정 > 보안 > 보안 및 개인정보 보호 더보기,2,MENU_NAVIGATION,no baseline deep-link for area; tap-navigation required,False,False,True,,MISSING,no baseline d1 screen for area '보안',0.3,PROBE_DEFER_MUTATION
23.Settings#758.0,Settings / 보안 - 보안 및 개인정보 보호 더보기,23.Settings,827,보안,설정 > 보안 > 보안 및 개인정보 보호 더보기,2,MENU_NAVIGATION,no baseline deep-link for area; tap-navigation required,False,False,True,,MISSING,no baseline d1 screen for area '보안',0.3,PROBE_DEFER_MUTATION
23.Settings#759.0,Settings / 보안 - 보안 및 개인정보 보호 더보기,23.Settings,828,보안,설정 > 보안 > 보안 및 개인정보 보호 더보기,2,MENU_NAVIGATION,no baseline deep-link for area; tap-navigation required,False,False,True,,MISSING,no baseline d1 screen for area '보안',0.3,PROBE_DEFER_MUTATION
23.Settings#761.0,Settings / 보안 - 보안 및 개인정보 보호 더보기,23.Settings,830,보안,설정 > 보안 > 보안 및 개인정보 보호 더보기,2,MENU_NAVIGATION,no baseline deep-link for area; tap-navigation required,True,False,True,,MISSING,no baseline d1 screen for area '보안',0.3,PROBE_DEFER_MUTATION
23.Settings#762.0,Settings / 보안 - 보안 및 개인정보 보호 더보기,23.Settings,831,보안,설정 > 보안 > 보안 및 개인정보 보호 더보기,2,MENU_NAVIGATION,no baseline deep-link for area; tap-navigation required,False,False,True,,MISSING,no baseline d1 screen for area '보안',0.3,PROBE_DEFER_MUTATION
23.Settings#763.0,Settings / 보안 - 보안 및 개인정보 보호 더보기,23.Settings,832,보안,설정 > 보안 > 보안 및 개인정보 보호 더보기,2,MENU_NAVIGATION,no baseline deep-link for area; tap-navigation required,False,False,True,,MISSING,no baseline d1 screen for area '보안',0.3,PROBE_DEFER_MUTATION
23.Settings#764.0,Settings / 보안 - 보안 및 개인정보 보호 더보기,23.Settings,833,보안,설정 > 보안 > 보안 및 개인정보 보호 더보기,2,MENU_NAVIGATION,no baseline deep-link for area; tap-navigation required,False,False,True,,MISSING,no baseline d1 screen for area '보안',0.3,PROBE_DEFER_MUTATION
23.Settings#765.0,Settings / 보안 - 보안 및 개인정보 보호 더보기,23.Settings,834,보안,설정 > 보안 > 보안 및 개인정보 보호 더보기,2,MENU_NAVIGATION,no baseline deep-link for area; tap-navigation required,False,False,True,,MISSING,no baseline d1 screen for area '보안',0.3,PROBE_DEFER_MUTATION
23.Settings#766.0,Settings / 보안 - 보안 및 개인정보 보호 더보기,23.Settings,835,보안,설정 > 보안 > 보안 및 개인정보 보호 더보기,2,MENU_NAVIGATION,no baseline deep-link for area; tap-navigation required,False,False,True,,MISSING,no baseline d1 screen for area '보안',0.3,PROBE_DEFER_MUTATION
23.Settings#767.0,Settings / 보안 - 보안 및 개인정보 보호 더보기,23.Settings,836,보안,설정 > 보안 > 보안 및 개인정보 보호 더보기,2,MENU_NAVIGATION,no baseline deep-link for area; tap-navigation required,False,False,True,,MISSING,no baseline d1 screen for area '보안',0.3,PROBE_DEFER_MUTATION
23.Settings#769.0,Settings / 보안 - 보안 및 개인정보 보호 더보기,23.Settings,838,보안,설정 > 보안 > 보안 및 개인정보 보호 더보기,2,MENU_NAVIGATION,no baseline deep-link for area; tap-navigation required,True,False,True,,MISSING,no baseline d1 screen for area '보안',0.3,PROBE_DEFER_MUTATION
23.Settings#771.0,Settings / 보안 - 보안 및 개인정보 보호 더보기,23.Settings,840,보안,설정 > 보안 > 보안 및 개인정보 보호 더보기,2,MENU_NAVIGATION,no baseline deep-link for area; tap-navigation required,False,False,True,,MISSING,no baseline d1 screen for area '보안',0.3,PROBE_DEFER_MUTATION
23.Settings#781.0,Settings / 보안 - 보안 설정 더보기,23.Settings,850,보안,설정 > 보안 > 보안설정 더보기,2,MENU_NAVIGATION,no baseline deep-link for area; tap-navigation required,False,False,False,,MISSING,no baseline d1 screen for area '보안',0.3,PROBE_PRIORITY_MEDIUM
23.Settings#784.0,Settings / 보안 - 보안 설정 더보기,23.Settings,853,보안,설정 > 보안 > 보안설정 더보기,2,MENU_NAVIGATION,no baseline deep-link for area; tap-navigation required,False,False,True,,MISSING,no baseline d1 screen for area '보안',0.3,PROBE_DEFER_MUTATION
23.Settings#785.0,Settings / 보안 - 보안 설정 더보기,23.Settings,854,보안,설정 > 보안 > 보안설정 더보기,2,MENU_NAVIGATION,no baseline deep-link for area; tap-navigation required,False,False,True,,MISSING,no baseline d1 screen for area '보안',0.3,PROBE_DEFER_MUTATION
23.Settings#786.0,Settings / 보안 - 보안 설정 더보기,23.Settings,855,보안,설정 > 보안 > 보안설정 더보기,2,MENU_NAVIGATION,no baseline deep-link for area; tap-navigation required,False,False,True,,MISSING,no baseline d1 screen for area '보안',0.3,PROBE_DEFER_MUTATION
23.Settings#787.0,Settings / 보안 - 보안 설정 더보기,23.Settings,856,보안,설정 > 보안 > 보안설정 더보기,2,MENU_NAVIGATION,no baseline deep-link for area; tap-navigation required,False,False,False,,MISSING,no baseline d1 screen for area '보안',0.3,PROBE_PRIORITY_MEDIUM
23.Settings#788.0,Settings / 보안 - 보안 설정 더보기,23.Settings,857,보안,설정 > 보안 > 보안설정 더보기,2,MENU_NAVIGATION,no baseline deep-link for area; tap-navigation required,True,False,False,,MISSING,no baseline d1 screen for area '보안',0.3,PROBE_DEFER_INPUT
23.Settings#789.0,Settings / 보안 - 보안 설정 더보기,23.Settings,858,보안,설정 > 보안 > 보안설정 더보기,2,MENU_NAVIGATION,no baseline deep-link for area; tap-navigation required,False,False,False,,MISSING,no baseline d1 screen for area '보안',0.3,PROBE_PRIORITY_MEDIUM
23.Settings#790.0,Settings / 보안 - 보안 설정 더보기,23.Settings,859,보안,설정 > 보안 > 보안설정 더보기,2,MENU_NAVIGATION,no baseline deep-link for area; tap-navigation required,False,False,False,,MISSING,no baseline d1 screen for area '보안',0.3,PROBE_PRIORITY_MEDIUM
23.Settings#791.0,Settings / 보안 - 보안 설정 더보기,23.Settings,860,보안,설정 > 보안 > 보안설정 더보기,2,MENU_NAVIGATION,no baseline deep-link for area; tap-navigation required,True,False,False,,MISSING,no baseline d1 screen for area '보안',0.3,PROBE_DEFER_INPUT
23.Settings#793.0,Settings / 개인 정보 보호,23.Settings,862,개인 정보 보호,설정 > 개인 정보 보호,1,DEEPLINK_CANDIDATE,baseline launched android.settings.PRIVACY_SETTINGS (d1 candidate; leaf unconfirmed),False,False,False,settings_d1_privacy,PARTIAL,d1 screen in baseline but reach_status=FOCUS_MISMATCH,0.4,PROBE_PRIORITY_HIGH
23.Settings#796.0,Settings / 개인 정보 보호,23.Settings,865,개인 정보 보호,설정 > 개인 정보 보호,1,DEEPLINK_CANDIDATE,baseline launched android.settings.PRIVACY_SETTINGS (d1 candidate; leaf unconfirmed),False,False,False,settings_d1_privacy,PARTIAL,d1 screen in baseline but reach_status=FOCUS_MISMATCH,0.4,PROBE_PRIORITY_HIGH
23.Settings#800.0,Settings / 개인 정보 보호,23.Settings,869,개인 정보 보호,설정 > 개인 정보 보호,1,DEEPLINK_CANDIDATE,baseline launched android.settings.PRIVACY_SETTINGS (d1 candidate; leaf unconfirmed),False,False,False,settings_d1_privacy,PARTIAL,d1 screen in baseline but reach_status=FOCUS_MISMATCH,0.4,PROBE_PRIORITY_HIGH
23.Settings#801.0,Settings / 개인 정보 보호,23.Settings,870,개인 정보 보호,설정 > 개인 정보 보호,1,DEEPLINK_CANDIDATE,baseline launched android.settings.PRIVACY_SETTINGS (d1 candidate; leaf unconfirmed),False,False,False,settings_d1_privacy,PARTIAL,d1 screen in baseline but reach_status=FOCUS_MISMATCH,0.4,PROBE_PRIORITY_HIGH
23.Settings#802.0,Settings / 개인 정보 보호,23.Settings,871,개인 정보 보호,설정 > 개인 정보 보호,1,DEEPLINK_CANDIDATE,baseline launched android.settings.PRIVACY_SETTINGS (d1 candidate; leaf unconfirmed),False,False,False,settings_d1_privacy,PARTIAL,d1 screen in baseline but reach_status=FOCUS_MISMATCH,0.4,PROBE_PRIORITY_HIGH
23.Settings#814.0,Settings / 개인 정보 보호,23.Settings,883,개인 정보 보호,설정 > 개인 정보 보호,1,DEEPLINK_CANDIDATE,baseline launched android.settings.PRIVACY_SETTINGS (d1 candidate; leaf unconfirmed),False,False,False,settings_d1_privacy,PARTIAL,d1 screen in baseline but reach_status=FOCUS_MISMATCH,0.4,PROBE_PRIORITY_HIGH
23.Settings#815.0,Settings / 개인 정보 보호,23.Settings,884,개인 정보 보호,설정 > 개인 정보 보호,1,DEEPLINK_CANDIDATE,baseline launched android.settings.PRIVACY_SETTINGS (d1 candidate; leaf unconfirmed),False,False,True,settings_d1_privacy,PARTIAL,d1 screen in baseline but reach_status=FOCUS_MISMATCH,0.4,PROBE_DEFER_MUTATION
23.Settings#816.0,Settings / 개인 정보 보호,23.Settings,885,개인 정보 보호,설정 > 개인 정보 보호,1,DEEPLINK_CANDIDATE,baseline launched android.settings.PRIVACY_SETTINGS (d1 candidate; leaf unconfirmed),False,False,True,settings_d1_privacy,PARTIAL,d1 screen in baseline but reach_status=FOCUS_MISMATCH,0.4,PROBE_DEFER_MUTATION
23.Settings#817.0,Settings / 개인 정보 보호,23.Settings,886,개인 정보 보호,설정 > 개인 정보 보호,1,DEEPLINK_CANDIDATE,baseline launched android.settings.PRIVACY_SETTINGS (d1 candidate; leaf unconfirmed),False,False,False,settings_d1_privacy,PARTIAL,d1 screen in baseline but reach_status=FOCUS_MISMATCH,0.4,PROBE_PRIORITY_HIGH
23.Settings#818.0,Settings / 개인 정보 보호,23.Settings,887,개인 정보 보호,설정 > 개인 정보 보호,1,DEEPLINK_CANDIDATE,baseline launched android.settings.PRIVACY_SETTINGS (d1 candidate; leaf unconfirmed),False,False,False,settings_d1_privacy,PARTIAL,d1 screen in baseline but reach_status=FOCUS_MISMATCH,0.4,PROBE_PRIORITY_HIGH
23.Settings#819.0,Settings / 개인 정보 보호,23.Settings,888,개인 정보 보호,설정 > 개인 정보 보호,1,DEEPLINK_CANDIDATE,baseline launched android.settings.PRIVACY_SETTINGS (d1 candidate; leaf unconfirmed),False,False,True,settings_d1_privacy,PARTIAL,d1 screen in baseline but reach_status=FOCUS_MISMATCH,0.4,PROBE_DEFER_MUTATION
23.Settings#820.0,Settings / 개인 정보 보호,23.Settings,889,개인 정보 보호,설정 > 개인 정보 보호,1,DEEPLINK_CANDIDATE,baseline launched android.settings.PRIVACY_SETTINGS (d1 candidate; leaf unconfirmed),False,False,True,settings_d1_privacy,PARTIAL,d1 screen in baseline but reach_status=FOCUS_MISMATCH,0.4,PROBE_DEFER_MUTATION
23.Settings#822.0,Settings / 위치,23.Settings,891,위치,설정 > 위치,1,DEEPLINK_CANDIDATE,baseline launched android.settings.LOCATION_SOURCE_SETTINGS (d1 candidate; leaf unconfirmed),False,False,True,settings_d1_location,TARGET_REACHED,d1 target screen reached in baseline,0.7,NO_ANCHOR_DEEPEN_NEEDED
23.Settings#823.0,Settings / 위치,23.Settings,892,위치,설정 > 위치,1,DEEPLINK_CANDIDATE,baseline launched android.settings.LOCATION_SOURCE_SETTINGS (d1 candidate; leaf unconfirmed),False,False,True,settings_d1_location,TARGET_REACHED,d1 target screen reached in baseline,0.7,NO_ANCHOR_DEEPEN_NEEDED
23.Settings#827.0,Settings / 위치,23.Settings,896,위치,설정 > 위치,1,DEEPLINK_CANDIDATE,baseline launched android.settings.LOCATION_SOURCE_SETTINGS (d1 candidate; leaf unconfirmed),False,False,False,settings_d1_location,TARGET_REACHED,d1 target screen reached in baseline,0.7,NO_ANCHOR_DEEPEN_NEEDED
23.Settings#848.0,Settings / 안전 및 긴급 상황,23.Settings,917,안전 및 긴급 상황,설정 > 안전 및 긴급 상황,1,MENU_NAVIGATION,no baseline deep-link for area; tap-navigation required,False,False,False,,MISSING,no baseline d1 screen for area '안전 및 긴급 상황',0.3,PROBE_PRIORITY_MEDIUM
23.Settings#853.0,Settings / 안전 및 긴급 상황,23.Settings,922,안전 및 긴급 상황,설정 > 안전 및 긴급 상황,1,MENU_NAVIGATION,no baseline deep-link for area; tap-navigation required,False,False,False,,MISSING,no baseline d1 screen for area '안전 및 긴급 상황',0.3,PROBE_PRIORITY_MEDIUM
23.Settings#854.0,Settings / 안전 및 긴급 상황,23.Settings,923,안전 및 긴급 상황,설정 > 안전 및 긴급 상황,1,MENU_NAVIGATION,no baseline deep-link for area; tap-navigation required,True,False,False,,MISSING,no baseline d1 screen for area '안전 및 긴급 상황',0.3,PROBE_DEFER_INPUT
23.Settings#855.0,Settings / 안전 및 긴급 상황,23.Settings,924,안전 및 긴급 상황,설정 > 안전 및 긴급 상황,1,MENU_NAVIGATION,no baseline deep-link for area; tap-navigation required,True,False,False,,MISSING,no baseline d1 screen for area '안전 및 긴급 상황',0.3,PROBE_DEFER_INPUT
23.Settings#856.0,Settings / 안전 및 긴급 상황,23.Settings,925,안전 및 긴급 상황,설정 > 안전 및 긴급 상황,1,MENU_NAVIGATION,no baseline deep-link for area; tap-navigation required,True,False,True,,MISSING,no baseline d1 screen for area '안전 및 긴급 상황',0.3,PROBE_DEFER_MUTATION
23.Settings#857.0,Settings / 안전 및 긴급 상황,23.Settings,926,안전 및 긴급 상황,설정 > 안전 및 긴급 상황,1,MENU_NAVIGATION,no baseline deep-link for area; tap-navigation required,True,False,False,,MISSING,no baseline d1 screen for area '안전 및 긴급 상황',0.3,PROBE_DEFER_INPUT
23.Settings#858.0,Settings / 안전 및 긴급 상황,23.Settings,927,안전 및 긴급 상황,설정 > 안전 및 긴급 상황,1,MENU_NAVIGATION,no baseline deep-link for area; tap-navigation required,True,False,False,,MISSING,no baseline d1 screen for area '안전 및 긴급 상황',0.3,PROBE_DEFER_INPUT
23.Settings#859.0,Settings / 안전 및 긴급 상황,23.Settings,928,안전 및 긴급 상황,설정 > 안전 및 긴급 상황,1,MENU_NAVIGATION,no baseline deep-link for area; tap-navigation required,True,False,True,,MISSING,no baseline d1 screen for area '안전 및 긴급 상황',0.3,PROBE_DEFER_MUTATION
23.Settings#860.0,Settings / 안전 및 긴급 상황,23.Settings,929,안전 및 긴급 상황,설정 > 안전 및 긴급 상황,1,MENU_NAVIGATION,no baseline deep-link for area; tap-navigation required,True,False,False,,MISSING,no baseline d1 screen for area '안전 및 긴급 상황',0.3,PROBE_DEFER_INPUT
23.Settings#861.0,Settings / 안전 및 긴급 상황,23.Settings,930,안전 및 긴급 상황,설정 > 안전 및 긴급 상황,1,MENU_NAVIGATION,no baseline deep-link for area; tap-navigation required,True,False,False,,MISSING,no baseline d1 screen for area '안전 및 긴급 상황',0.3,PROBE_DEFER_INPUT
23.Settings#862.0,Settings / 안전 및 긴급 상황,23.Settings,931,안전 및 긴급 상황,설정 > 안전 및 긴급 상황,1,MENU_NAVIGATION,no baseline deep-link for area; tap-navigation required,True,False,True,,MISSING,no baseline d1 screen for area '안전 및 긴급 상황',0.3,PROBE_DEFER_MUTATION
23.Settings#863.0,Settings / 안전 및 긴급 상황,23.Settings,932,안전 및 긴급 상황,설정 > 안전 및 긴급 상황,1,MENU_NAVIGATION,no baseline deep-link for area; tap-navigation required,True,False,False,,MISSING,no baseline d1 screen for area '안전 및 긴급 상황',0.3,PROBE_DEFER_INPUT
23.Settings#864.0,Settings / 안전 및 긴급 상황,23.Settings,933,안전 및 긴급 상황,설정 > 안전 및 긴급 상황,1,MENU_NAVIGATION,no baseline deep-link for area; tap-navigation required,True,False,False,,MISSING,no baseline d1 screen for area '안전 및 긴급 상황',0.3,PROBE_DEFER_INPUT
23.Settings#865.0,Settings / 안전 및 긴급 상황,23.Settings,934,안전 및 긴급 상황,설정 > 안전 및 긴급 상황,1,MENU_NAVIGATION,no baseline deep-link for area; tap-navigation required,True,False,True,,MISSING,no baseline d1 screen for area '안전 및 긴급 상황',0.3,PROBE_DEFER_MUTATION
23.Settings#866.0,Settings / 안전 및 긴급 상황,23.Settings,935,안전 및 긴급 상황,설정 > 안전 및 긴급 상황,1,MENU_NAVIGATION,no baseline deep-link for area; tap-navigation required,False,False,False,,MISSING,no baseline d1 screen for area '안전 및 긴급 상황',0.3,PROBE_PRIORITY_MEDIUM
23.Settings#867.0,Settings / 안전 및 긴급 상황,23.Settings,936,안전 및 긴급 상황,설정 > 안전 및 긴급 상황,1,MENU_NAVIGATION,no baseline deep-link for area; tap-navigation required,False,False,False,,MISSING,no baseline d1 screen for area '안전 및 긴급 상황',0.3,PROBE_PRIORITY_MEDIUM
23.Settings#868.0,Settings / 안전 및 긴급 상황,23.Settings,937,안전 및 긴급 상황,설정 > 안전 및 긴급 상황,1,MENU_NAVIGATION,no baseline deep-link for area; tap-navigation required,False,False,False,,MISSING,no baseline d1 screen for area '안전 및 긴급 상황',0.3,PROBE_PRIORITY_MEDIUM
23.Settings#869.0,Settings / 안전 및 긴급 상황,23.Settings,938,안전 및 긴급 상황,설정 > 안전 및 긴급 상황,1,MENU_NAVIGATION,no baseline deep-link for area; tap-navigation required,False,False,False,,MISSING,no baseline d1 screen for area '안전 및 긴급 상황',0.3,PROBE_PRIORITY_MEDIUM
23.Settings#871.0,Settings / 안전 및 긴급 상황,23.Settings,940,안전 및 긴급 상황,설정 > 안전 및 긴급 상황,1,MENU_NAVIGATION,no baseline deep-link for area; tap-navigation required,False,False,False,,MISSING,no baseline d1 screen for area '안전 및 긴급 상황',0.3,PROBE_PRIORITY_MEDIUM
23.Settings#872.0,Settings / 안전 및 긴급 상황,23.Settings,941,안전 및 긴급 상황,설정 > 안전 및 긴급 상황,1,MENU_NAVIGATION,no baseline deep-link for area; tap-navigation required,False,False,True,,MISSING,no baseline d1 screen for area '안전 및 긴급 상황',0.3,PROBE_DEFER_MUTATION
23.Settings#873.0,Settings / 안전 및 긴급 상황,23.Settings,942,안전 및 긴급 상황,설정 > 안전 및 긴급 상황,1,MENU_NAVIGATION,no baseline deep-link for area; tap-navigation required,True,False,True,,MISSING,no baseline d1 screen for area '안전 및 긴급 상황',0.3,PROBE_DEFER_MUTATION
23.Settings#875.0,Settings / 안전 및 긴급 상황,23.Settings,944,안전 및 긴급 상황,설정 > 안전 및 긴급 상황,1,MENU_NAVIGATION,no baseline deep-link for area; tap-navigation required,False,False,False,,MISSING,no baseline d1 screen for area '안전 및 긴급 상황',0.3,PROBE_PRIORITY_MEDIUM
23.Settings#876.0,Settings / 안전 및 긴급 상황,23.Settings,945,안전 및 긴급 상황,설정 > 안전 및 긴급 상황,1,MENU_NAVIGATION,no baseline deep-link for area; tap-navigation required,False,False,False,,MISSING,no baseline d1 screen for area '안전 및 긴급 상황',0.3,PROBE_PRIORITY_MEDIUM
23.Settings#888.0,Settings / 안전 및 긴급 상황,23.Settings,957,안전 및 긴급 상황,설정 > 안전 및 긴급 상황,1,MENU_NAVIGATION,no baseline deep-link for area; tap-navigation required,False,False,False,,MISSING,no baseline d1 screen for area '안전 및 긴급 상황',0.3,PROBE_PRIORITY_MEDIUM
23.Settings#889.0,Settings / 안전 및 긴급 상황,23.Settings,958,안전 및 긴급 상황,설정 > 안전 및 긴급 상황,1,MENU_NAVIGATION,no baseline deep-link for area; tap-navigation required,False,False,True,,MISSING,no baseline d1 screen for area '안전 및 긴급 상황',0.3,PROBE_DEFER_MUTATION
23.Settings#890.0,Settings / 안전 및 긴급 상황,23.Settings,959,안전 및 긴급 상황,설정 > 안전 및 긴급 상황,1,MENU_NAVIGATION,no baseline deep-link for area; tap-navigation required,False,False,True,,MISSING,no baseline d1 screen for area '안전 및 긴급 상황',0.3,PROBE_DEFER_MUTATION
23.Settings#891.0,Settings / 안전 및 긴급 상황,23.Settings,960,안전 및 긴급 상황,설정 > 안전 및 긴급 상황,1,MENU_NAVIGATION,no baseline deep-link for area; tap-navigation required,False,False,True,,MISSING,no baseline d1 screen for area '안전 및 긴급 상황',0.3,PROBE_DEFER_MUTATION
23.Settings#893.0,Settings / 안전 및 긴급 상황,23.Settings,962,안전 및 긴급 상황,설정 > 안전 및 긴급 상황,1,MENU_NAVIGATION,no baseline deep-link for area; tap-navigation required,False,False,False,,MISSING,no baseline d1 screen for area '안전 및 긴급 상황',0.3,PROBE_PRIORITY_MEDIUM
23.Settings#921.0,Settings / 디지털 웰빙 및 자녀 보호 기능,23.Settings,990,디지털 웰빙 및 자녀 보호 기능,설정 > 디지털 웰빙 및 자녀 보호 기능,1,DEEPLINK_CANDIDATE,baseline launched None (d1 candidate; leaf unconfirmed),False,False,False,settings_d1_wellbeing,PARTIAL,d1 screen in baseline but reach_status=FOCUS_MISMATCH,0.4,PROBE_PRIORITY_HIGH
23.Settings#922.0,Settings / 디지털 웰빙 및 자녀 보호 기능,23.Settings,991,디지털 웰빙 및 자녀 보호 기능,설정 > 디지털 웰빙 및 자녀 보호 기능,1,DEEPLINK_CANDIDATE,baseline launched None (d1 candidate; leaf unconfirmed),False,False,False,settings_d1_wellbeing,PARTIAL,d1 screen in baseline but reach_status=FOCUS_MISMATCH,0.4,PROBE_PRIORITY_HIGH
23.Settings#923.0,Settings / 디지털 웰빙 및 자녀 보호 기능,23.Settings,992,디지털 웰빙 및 자녀 보호 기능,설정 > 디지털 웰빙 및 자녀 보호 기능,1,DEEPLINK_CANDIDATE,baseline launched None (d1 candidate; leaf unconfirmed),False,False,False,settings_d1_wellbeing,PARTIAL,d1 screen in baseline but reach_status=FOCUS_MISMATCH,0.4,PROBE_PRIORITY_HIGH
23.Settings#924.0,Settings / 디지털 웰빙 및 자녀 보호 기능,23.Settings,993,디지털 웰빙 및 자녀 보호 기능,설정 > 디지털 웰빙 및 자녀 보호 기능,1,DEEPLINK_CANDIDATE,baseline launched None (d1 candidate; leaf unconfirmed),False,False,False,settings_d1_wellbeing,PARTIAL,d1 screen in baseline but reach_status=FOCUS_MISMATCH,0.4,PROBE_PRIORITY_HIGH
23.Settings#926.0,Settings / 디지털 웰빙 및 자녀 보호 기능,23.Settings,995,디지털 웰빙 및 자녀 보호 기능,설정 > 디지털 웰빙 및 자녀 보호 기능,1,DEEPLINK_CANDIDATE,baseline launched None (d1 candidate; leaf unconfirmed),True,False,False,settings_d1_wellbeing,PARTIAL,d1 screen in baseline but reach_status=FOCUS_MISMATCH,0.4,PROBE_DEFER_INPUT
23.Settings#927.0,Settings / 디지털 웰빙 및 자녀 보호 기능,23.Settings,996,디지털 웰빙 및 자녀 보호 기능,설정 > 디지털 웰빙 및 자녀 보호 기능,1,DEEPLINK_CANDIDATE,baseline launched None (d1 candidate; leaf unconfirmed),True,False,True,settings_d1_wellbeing,PARTIAL,d1 screen in baseline but reach_status=FOCUS_MISMATCH,0.4,PROBE_DEFER_MUTATION
23.Settings#928.0,Settings / 디지털 웰빙 및 자녀 보호 기능,23.Settings,997,디지털 웰빙 및 자녀 보호 기능,설정 > 디지털 웰빙 및 자녀 보호 기능,1,DEEPLINK_CANDIDATE,baseline launched None (d1 candidate; leaf unconfirmed),False,False,True,settings_d1_wellbeing,PARTIAL,d1 screen in baseline but reach_status=FOCUS_MISMATCH,0.4,PROBE_DEFER_MUTATION
23.Settings#929.0,Settings / 디지털 웰빙 및 자녀 보호 기능,23.Settings,998,디지털 웰빙 및 자녀 보호 기능,설정 > 디지털 웰빙 및 자녀 보호 기능,1,DEEPLINK_CANDIDATE,baseline launched None (d1 candidate; leaf unconfirmed),False,False,False,settings_d1_wellbeing,PARTIAL,d1 screen in baseline but reach_status=FOCUS_MISMATCH,0.4,PROBE_PRIORITY_HIGH
23.Settings#930.0,Settings / 디지털 웰빙 및 자녀 보호 기능,23.Settings,999,디지털 웰빙 및 자녀 보호 기능,설정 > 디지털 웰빙 및 자녀 보호 기능,1,DEEPLINK_CANDIDATE,baseline launched None (d1 candidate; leaf unconfirmed),False,False,False,settings_d1_wellbeing,PARTIAL,d1 screen in baseline but reach_status=FOCUS_MISMATCH,0.4,PROBE_PRIORITY_HIGH
23.Settings#931.0,Settings / 디지털 웰빙 및 자녀 보호 기능,23.Settings,1000,디지털 웰빙 및 자녀 보호 기능,설정 > 디지털 웰빙 및 자녀 보호 기능,1,DEEPLINK_CANDIDATE,baseline launched None (d1 candidate; leaf unconfirmed),False,False,False,settings_d1_wellbeing,PARTIAL,d1 screen in baseline but reach_status=FOCUS_MISMATCH,0.4,PROBE_PRIORITY_HIGH
23.Settings#932.0,Settings / 디지털 웰빙 및 자녀 보호 기능,23.Settings,1001,디지털 웰빙 및 자녀 보호 기능,설정 > 디지털 웰빙 및 자녀 보호 기능,1,DEEPLINK_CANDIDATE,baseline launched None (d1 candidate; leaf unconfirmed),False,False,False,settings_d1_wellbeing,PARTIAL,d1 screen in baseline but reach_status=FOCUS_MISMATCH,0.4,PROBE_PRIORITY_HIGH
23.Settings#933.0,Settings / 디지털 웰빙 및 자녀 보호 기능,23.Settings,1002,디지털 웰빙 및 자녀 보호 기능,설정 > 디지털 웰빙 및 자녀 보호 기능,1,DEEPLINK_CANDIDATE,baseline launched None (d1 candidate; leaf unconfirmed),False,False,False,settings_d1_wellbeing,PARTIAL,d1 screen in baseline but reach_status=FOCUS_MISMATCH,0.4,PROBE_PRIORITY_HIGH
23.Settings#934.0,Settings / 디지털 웰빙 및 자녀 보호 기능,23.Settings,1003,디지털 웰빙 및 자녀 보호 기능,설정 > 디지털 웰빙 및 자녀 보호 기능,1,DEEPLINK_CANDIDATE,baseline launched None (d1 candidate; leaf unconfirmed),False,False,False,settings_d1_wellbeing,PARTIAL,d1 screen in baseline but reach_status=FOCUS_MISMATCH,0.4,PROBE_PRIORITY_HIGH
23.Settings#935.0,Settings / 디지털 웰빙 및 자녀 보호 기능,23.Settings,1004,디지털 웰빙 및 자녀 보호 기능,설정 > 디지털 웰빙 및 자녀 보호 기능,1,DEEPLINK_CANDIDATE,baseline launched None (d1 candidate; leaf unconfirmed),False,False,True,settings_d1_wellbeing,PARTIAL,d1 screen in baseline but reach_status=FOCUS_MISMATCH,0.4,PROBE_DEFER_MUTATION
23.Settings#938.0,Settings / 디지털 웰빙 및 자녀 보호 기능,23.Settings,1007,디지털 웰빙 및 자녀 보호 기능,설정 > 디지털 웰빙 및 자녀 보호 기능,1,DEEPLINK_CANDIDATE,baseline launched None (d1 candidate; leaf unconfirmed),False,False,False,settings_d1_wellbeing,PARTIAL,d1 screen in baseline but reach_status=FOCUS_MISMATCH,0.4,PROBE_PRIORITY_HIGH
23.Settings#942.0,Settings / 디지털 웰빙 및 자녀 보호 기능,23.Settings,1011,디지털 웰빙 및 자녀 보호 기능,설정 > 디지털 웰빙 및 자녀 보호 기능,1,DEEPLINK_CANDIDATE,baseline launched None (d1 candidate; leaf unconfirmed),False,False,False,settings_d1_wellbeing,PARTIAL,d1 screen in baseline but reach_status=FOCUS_MISMATCH,0.4,PROBE_PRIORITY_HIGH
23.Settings#943.0,Settings / 디지털 웰빙 및 자녀 보호 기능,23.Settings,1012,디지털 웰빙 및 자녀 보호 기능,설정 > 디지털 웰빙 및 자녀 보호 기능,1,DEEPLINK_CANDIDATE,baseline launched None (d1 candidate; leaf unconfirmed),False,False,True,settings_d1_wellbeing,PARTIAL,d1 screen in baseline but reach_status=FOCUS_MISMATCH,0.4,PROBE_DEFER_MUTATION
23.Settings#944.0,Settings / 디지털 웰빙 및 자녀 보호 기능,23.Settings,1013,디지털 웰빙 및 자녀 보호 기능,설정 > 디지털 웰빙 및 자녀 보호 기능,1,DEEPLINK_CANDIDATE,baseline launched None (d1 candidate; leaf unconfirmed),False,False,False,settings_d1_wellbeing,PARTIAL,d1 screen in baseline but reach_status=FOCUS_MISMATCH,0.4,PROBE_PRIORITY_HIGH
23.Settings#945.0,Settings / 디지털 웰빙 및 자녀 보호 기능,23.Settings,1014,디지털 웰빙 및 자녀 보호 기능,설정 > 디지털 웰빙 및 자녀 보호 기능,1,DEEPLINK_CANDIDATE,baseline launched None (d1 candidate; leaf unconfirmed),False,False,True,settings_d1_wellbeing,PARTIAL,d1 screen in baseline but reach_status=FOCUS_MISMATCH,0.4,PROBE_DEFER_MUTATION
23.Settings#946.0,Settings / 디지털 웰빙 및 자녀 보호 기능,23.Settings,1015,디지털 웰빙 및 자녀 보호 기능,설정 > 디지털 웰빙 및 자녀 보호 기능,1,DEEPLINK_CANDIDATE,baseline launched None (d1 candidate; leaf unconfirmed),False,False,True,settings_d1_wellbeing,PARTIAL,d1 screen in baseline but reach_status=FOCUS_MISMATCH,0.4,PROBE_DEFER_MUTATION
23.Settings#947.0,Settings / 디지털 웰빙 및 자녀 보호 기능,23.Settings,1016,디지털 웰빙 및 자녀 보호 기능,설정 > 디지털 웰빙 및 자녀 보호 기능,1,DEEPLINK_CANDIDATE,baseline launched None (d1 candidate; leaf unconfirmed),False,False,False,settings_d1_wellbeing,PARTIAL,d1 screen in baseline but reach_status=FOCUS_MISMATCH,0.4,PROBE_PRIORITY_HIGH
23.Settings#954.0,Settings / Google,23.Settings,1023,Google,설정 > Google,1,DEEPLINK_CANDIDATE,baseline launched None (d1 candidate; leaf unconfirmed),False,False,False,settings_d1_google,TARGET_REACHED,d1 target screen reached in baseline,0.7,NO_ANCHOR_DEEPEN_NEEDED
23.Settings#955.0,Settings / Google,23.Settings,1024,Google,설정 > Google,1,DEEPLINK_CANDIDATE,baseline launched None (d1 candidate; leaf unconfirmed),False,False,False,settings_d1_google,TARGET_REACHED,d1 target screen reached in baseline,0.7,NO_ANCHOR_DEEPEN_NEEDED
23.Settings#956.0,Settings / Google,23.Settings,1025,Google,설정 > Google,1,DEEPLINK_CANDIDATE,baseline launched None (d1 candidate; leaf unconfirmed),False,False,False,settings_d1_google,TARGET_REACHED,d1 target screen reached in baseline,0.7,NO_ANCHOR_DEEPEN_NEEDED
23.Settings#957.0,Settings / Google,23.Settings,1026,Google,설정 > Google,1,DEEPLINK_CANDIDATE,baseline launched None (d1 candidate; leaf unconfirmed),False,False,False,settings_d1_google,TARGET_REACHED,d1 target screen reached in baseline,0.7,NO_ANCHOR_DEEPEN_NEEDED
23.Settings#958.0,Settings / Google,23.Settings,1027,Google,설정 > Google,1,DEEPLINK_CANDIDATE,baseline launched None (d1 candidate; leaf unconfirmed),False,False,False,settings_d1_google,TARGET_REACHED,d1 target screen reached in baseline,0.7,NO_ANCHOR_DEEPEN_NEEDED
23.Settings#962.0,Settings / Google,23.Settings,1031,Google,설정 > Google,1,DEEPLINK_CANDIDATE,baseline launched None (d1 candidate; leaf unconfirmed),False,False,False,settings_d1_google,TARGET_REACHED,d1 target screen reached in baseline,0.7,NO_ANCHOR_DEEPEN_NEEDED
23.Settings#963.0,Settings / Google,23.Settings,1032,Google,설정 > Google,1,DEEPLINK_CANDIDATE,baseline launched None (d1 candidate; leaf unconfirmed),False,False,False,settings_d1_google,TARGET_REACHED,d1 target screen reached in baseline,0.7,NO_ANCHOR_DEEPEN_NEEDED
23.Settings#965.0,Settings / Google,23.Settings,1034,Google,설정 > Google,1,DEEPLINK_CANDIDATE,baseline launched None (d1 candidate; leaf unconfirmed),False,False,False,settings_d1_google,TARGET_REACHED,d1 target screen reached in baseline,0.7,NO_ANCHOR_DEEPEN_NEEDED
23.Settings#966.0,Settings / 시스템,23.Settings,1035,시스템,설정 > 시스템 > DuraSpeed,2,MENU_NAVIGATION,no baseline deep-link for area; tap-navigation required,False,False,False,,MISSING,no baseline d1 screen for area '시스템',0.3,PROBE_PRIORITY_MEDIUM
23.Settings#968.0,Settings / 시스템,23.Settings,1037,시스템,설정 > 시스템,1,MENU_NAVIGATION,no baseline deep-link for area; tap-navigation required,False,False,False,,MISSING,no baseline d1 screen for area '시스템',0.3,PROBE_PRIORITY_MEDIUM
23.Settings#969.0,Settings / 시스템,23.Settings,1038,시스템,설정 > 시스템 > 언어 및 입력 > 언어 > English,4,MENU_NAVIGATION,no baseline deep-link for area; tap-navigation required,True,False,True,,MISSING,no baseline d1 screen for area '시스템',0.3,PROBE_DEFER_MUTATION
23.Settings#970.0,Settings / 시스템,23.Settings,1039,시스템,설정 > 시스템 > 언어 및 입력 > 앱 언어 > 임의의 앱 > English,5,MENU_NAVIGATION,no baseline deep-link for area; tap-navigation required,True,False,False,,MISSING,no baseline d1 screen for area '시스템',0.3,PROBE_DEFER_INPUT
23.Settings#974.0,Settings / 시스템,23.Settings,1043,시스템,설정 > 시스템 > 언어 및 입력 > 물리적 키보드 > 단축키,4,MENU_NAVIGATION,no baseline deep-link for area; tap-navigation required,True,False,False,,MISSING,no baseline d1 screen for area '시스템',0.3,PROBE_DEFER_INPUT
23.Settings#975.0,Settings / 시스템,23.Settings,1044,시스템,설정 > 시스템 > 언어 및 입력 > 음성입력Tap,3,MENU_NAVIGATION,no baseline deep-link for area; tap-navigation required,True,False,False,,MISSING,no baseline d1 screen for area '시스템',0.3,PROBE_DEFER_INPUT
23.Settings#976.0,Settings / 시스템,23.Settings,1045,시스템,설정 > 시스템 > 언어 및 입력 > 텍스트 음성 변환 출력,3,MENU_NAVIGATION,no baseline deep-link for area; tap-navigation required,True,False,False,,MISSING,no baseline d1 screen for area '시스템',0.3,PROBE_DEFER_INPUT
23.Settings#978.0,Settings / 시스템,23.Settings,1047,시스템,설정 > 시스템 > 키보드 > 맞춤법 검사기,3,MENU_NAVIGATION,no baseline deep-link for area; tap-navigation required,True,False,False,,MISSING,no baseline d1 screen for area '시스템',0.3,PROBE_DEFER_INPUT
23.Settings#979.0,Settings / 시스템,23.Settings,1048,시스템,설정 > 시스템 > 키보드 > 개인 사전,3,MENU_NAVIGATION,no baseline deep-link for area; tap-navigation required,True,False,False,,MISSING,no baseline d1 screen for area '시스템',0.3,PROBE_DEFER_INPUT
23.Settings#980.0,Settings / 시스템,23.Settings,1049,시스템,설정 > 시스템 > 키보드 > 포인터 속도,3,MENU_NAVIGATION,no baseline deep-link for area; tap-navigation required,True,False,False,,MISSING,no baseline d1 screen for area '시스템',0.3,PROBE_DEFER_INPUT
23.Settings#981.0,Settings / 시스템,23.Settings,1050,시스템,설정 > 시스템 > 동작,2,MENU_NAVIGATION,no baseline deep-link for area; tap-navigation required,True,False,False,,MISSING,no baseline d1 screen for area '시스템',0.3,PROBE_DEFER_INPUT
23.Settings#983.0,Settings / 시스템 - 동작,23.Settings,1052,시스템,설정 > 시스템 > 동작 > 빠르게 카메라 열기 > 빠르게 카메라 열기 Off,4,MENU_NAVIGATION,no baseline deep-link for area; tap-navigation required,False,False,True,,MISSING,no baseline d1 screen for area '시스템',0.3,PROBE_DEFER_MUTATION
23.Settings#984.0,Settings / 시스템 - 동작메뉴,23.Settings,1053,시스템,설정 > 시스템 > 동작 > 전원 버튼을 길게 > 항목 확인,4,MENU_NAVIGATION,no baseline deep-link for area; tap-navigation required,True,False,False,,MISSING,no baseline d1 screen for area '시스템',0.3,PROBE_DEFER_INPUT
23.Settings#993.0,Settings / 휴대전화 정보,23.Settings,1062,휴대전화 정보,설정 > 휴대전화 정보,1,DEEPLINK_CANDIDATE,baseline launched None (d1 candidate; leaf unconfirmed),True,False,False,settings_d1_device_info,TARGET_REACHED,d1 target screen reached in baseline,0.7,NO_ANCHOR_DEEPEN_NEEDED
23.Settings#995.0,Settings / 휴대전화 정보,23.Settings,1064,휴대전화 정보,설정 > 휴대전화 정보,1,DEEPLINK_CANDIDATE,baseline launched None (d1 candidate; leaf unconfirmed),False,False,False,settings_d1_device_info,TARGET_REACHED,d1 target screen reached in baseline,0.7,NO_ANCHOR_DEEPEN_NEEDED
23.Settings#996.0,Settings / 휴대전화 정보,23.Settings,1065,휴대전화 정보,설정 > 휴대전화 정보,1,DEEPLINK_CANDIDATE,baseline launched None (d1 candidate; leaf unconfirmed),False,False,False,settings_d1_device_info,TARGET_REACHED,d1 target screen reached in baseline,0.7,NO_ANCHOR_DEEPEN_NEEDED
23.Settings#998.0,Settings / 휴대전화 정보,23.Settings,1067,휴대전화 정보,설정 > 휴대전화 정보,1,DEEPLINK_CANDIDATE,baseline launched None (d1 candidate; leaf unconfirmed),True,False,False,settings_d1_device_info,TARGET_REACHED,d1 target screen reached in baseline,0.7,NO_ANCHOR_DEEPEN_NEEDED
23.Settings#1001.0,Settings / 휴대전화 정보,23.Settings,1070,휴대전화 정보,설정 > 휴대전화 정보,1,DEEPLINK_CANDIDATE,baseline launched None (d1 candidate; leaf unconfirmed),False,False,False,settings_d1_device_info,TARGET_REACHED,d1 target screen reached in baseline,0.7,NO_ANCHOR_DEEPEN_NEEDED
23.Settings#1002.0,Settings / 휴대전화 정보,23.Settings,1071,휴대전화 정보,설정 > 휴대전화 정보,1,DEEPLINK_CANDIDATE,baseline launched None (d1 candidate; leaf unconfirmed),False,False,False,settings_d1_device_info,TARGET_REACHED,d1 target screen reached in baseline,0.7,NO_ANCHOR_DEEPEN_NEEDED
23.Settings#1004.0,Settings / 휴대전화 정보,23.Settings,1073,휴대전화 정보,설정 > 휴대전화 정보,1,DEEPLINK_CANDIDATE,baseline launched None (d1 candidate; leaf unconfirmed),False,False,False,settings_d1_device_info,TARGET_REACHED,d1 target screen reached in baseline,0.7,NO_ANCHOR_DEEPEN_NEEDED
23.Settings#1005.0,Settings / 휴대전화 정보,23.Settings,1074,휴대전화 정보,설정 > 휴대전화 정보,1,DEEPLINK_CANDIDATE,baseline launched None (d1 candidate; leaf unconfirmed),True,False,False,settings_d1_device_info,TARGET_REACHED,d1 target screen reached in baseline,0.7,NO_ANCHOR_DEEPEN_NEEDED
23.Settings#1006.0,Settings / 휴대전화 정보,23.Settings,1075,휴대전화 정보,설정 > 휴대전화 정보,1,DEEPLINK_CANDIDATE,baseline launched None (d1 candidate; leaf unconfirmed),False,False,False,settings_d1_device_info,TARGET_REACHED,d1 target screen reached in baseline,0.7,NO_ANCHOR_DEEPEN_NEEDED
23.Settings#1007.0,Settings / 휴대전화 정보,23.Settings,1076,휴대전화 정보,설정 > 휴대전화 정보,1,DEEPLINK_CANDIDATE,baseline launched None (d1 candidate; leaf unconfirmed),False,False,False,settings_d1_device_info,TARGET_REACHED,d1 target screen reached in baseline,0.7,NO_ANCHOR_DEEPEN_NEEDED
23.Settings#1011.0,Settings / 휴대전화 정보,23.Settings,1080,휴대전화 정보,설정 > 휴대전화 정보,1,DEEPLINK_CANDIDATE,baseline launched None (d1 candidate; leaf unconfirmed),False,False,False,settings_d1_device_info,TARGET_REACHED,d1 target screen reached in baseline,0.7,NO_ANCHOR_DEEPEN_NEEDED
23.Settings#1012.0,Settings / 휴대전화 정보,23.Settings,1081,휴대전화 정보,설정 > 휴대전화 정보,1,DEEPLINK_CANDIDATE,baseline launched None (d1 candidate; leaf unconfirmed),False,False,False,settings_d1_device_info,TARGET_REACHED,d1 target screen reached in baseline,0.7,NO_ANCHOR_DEEPEN_NEEDED
23.Settings#1017.0,Settings / 잠금화면,23.Settings,1086,잠금화면,잠금화면 > 화면 하단에 shortcut 확인,2,MENU_NAVIGATION,no baseline deep-link for area; tap-navigation required,False,False,False,,MISSING,no baseline d1 screen for area '잠금화면',0.3,PROBE_PRIORITY_MEDIUM
23.Settings#1022.0,Settings / 배터리,23.Settings,1091,일반 충전기 연결,일반 충전기 연결 > 충전중 문구 확인,2,MENU_NAVIGATION,no baseline deep-link for area; tap-navigation required,False,False,False,,MISSING,no baseline d1 screen for area '일반 충전기 연결',0.3,PROBE_PRIORITY_MEDIUM
23.Settings#1023.0,Settings / 배터리,23.Settings,1092,배터리,설정 > 배터리 > 배터리 상태 바 하단 문구,2,MENU_NAVIGATION,no baseline deep-link for area; tap-navigation required,False,False,False,,MISSING,no baseline d1 screen for area '배터리',0.3,PROBE_PRIORITY_MEDIUM
23.Settings#1031.0,Settings / 테마 및 배경회면 - 가로모드,23.Settings,1100,테마 및 배경화면,설정 > 테마 및 배경화면,1,MENU_NAVIGATION,no baseline deep-link for area; tap-navigation required,False,False,True,,MISSING,no baseline d1 screen for area '테마 및 배경화면',0.3,PROBE_DEFER_MUTATION
23.Settings#1033.0,Settings / 시스템 > 여러 사용자,23.Settings,1102,시스템,설정 > 시스템 > 여러 사용자 > 여러 사용자 허용 On,3,MENU_NAVIGATION,no baseline deep-link for area; tap-navigation required,False,False,True,,MISSING,no baseline d1 screen for area '시스템',0.3,PROBE_DEFER_MUTATION
