sheet,tc_id,functionality,procedure,expected,csv_safety_prev,classification,reason,judge_method
24.Launcher,52.0,홈 화면,1. Home 키 입력하여 홈화면 이동 후 화면구성 확인,"1. 홈 화면 상단 시계 위젯이 배치되어있고, 날씨 위젯, 갤러리,라디오,설정,전화,메시지,카메라 순서로 배치되어 있음",INPUT_REQUIRED,EXCLUDE_CANDIDATE_UNREVIEWED,cue: 홈/설정 영속 mutation; 데이터 이동/복사 = mutation (구제 필터 통과 못함 — mutation 결과 서술 포함),cue_auto
24.Launcher,53.0,홈 화면,1. 홈화면에서 좌방향 스와이프 2. 화면 이동 확인,1. 단축 다이얼 설정 화면으로 전환된다,INPUT_REQUIRED,KEEP,직독: 관찰 전용 진입/노출 — mutation·input·외부효과 0,human_confirmed
24.Launcher,54.0,홈 화면,1. 홈화면에서 우방향스와이프 2. 화면 이동 확인,1. 간편 설정 화면으로 화면 전환된다,INPUT_REQUIRED,KEEP,직독: 관찰 전용 진입/노출 — mutation·input·외부효과 0,human_confirmed
24.Launcher,55.0,홈 화면,1. 홈화면에서 좌방향 스와이프 반복 2. 화면 이동 확인,1. Photo Frame 화면까지 이동 후 유지된다,INPUT_REQUIRED,KEEP,직독: 관찰 전용 진입/노출 — mutation·input·외부효과 0,human_confirmed
24.Launcher,56.0,홈 화면,1. 홈화면에서 상뱡향 스와이프,1. 앱서랍으로 이동된다.,INPUT_REQUIRED,EXCLUDE_CANDIDATE_UNREVIEWED,cue: 데이터 이동/복사 = mutation (구제 필터 통과 못함 — mutation 결과 서술 포함),cue_auto
24.Launcher,57.0,홈 화면,1. 홈화면에서 하방향 스와이프,1. 퀵 패널 화면 노출된다,INPUT_REQUIRED,KEEP,직독: 관찰 전용 진입/노출 — mutation·input·외부효과 0,human_confirmed
24.Launcher,58.0,홈 화면,1. 홈 화면 위젯과 변경/이동/삭제 시도,1. 홈 화면 시작페이지의 위젯은 변경/이동/삭제 불가능함,INPUT_REQUIRED,REVIEW_QUEUE,직독: fixture/editor·compose 진입/transient input/verifier 재설계/assert 분리 필요 (상세 분류는 재설계 트랙),human_confirmed
24.Launcher,59.0,홈 화면,1. 홈화면에서 시간 영역 Tap 한다,1. 시계앱 화면으로 전환된다,INPUT_REQUIRED,KEEP,직독: 관찰 전용 진입/노출 — mutation·input·외부효과 0,human_confirmed
24.Launcher,60.0,홈 화면,1. 홈화면에서 날씨위젯 영역 Tap 한다,1. 날씨 정보 업데이트 진행된다,INPUT_REQUIRED,EXCLUDE_CANDIDATE_UNREVIEWED,cue: 시스템/외부 mutation; 홈/설정 영속 mutation (구제 필터 통과 못함 — mutation 결과 서술 포함),cue_auto
24.Launcher,63.0,단축 다이얼,1. 단축다이얼 페이지 확인,1. 6개의 추가 가능한 아이콘 영역과 우측상단 '편집' 버튼 노출됨,NAVIGATION_ONLY,KEEP,직독: 관찰 전용 진입/노출 — mutation·input·외부효과 0,human_confirmed
24.Launcher,64.0,단축 다이얼,단축다이얼 추가 아이콘 Tap,새로운 단축 다이얼 등록 팝업 발생함 - 새 연락처 등록 - 기존 연락처에서 고르기,NAVIGATION_ONLY,EXCLUDE_CANDIDATE_UNREVIEWED,cue: 등록 = mutation (구제 필터 통과 못함 — mutation 결과 서술 포함),cue_auto
24.Launcher,65.0,단축 다이얼,단축다이얼 추가 아이콘 Tap > 팝업 창에서 새 연락처 등록,새 연락처 만들기창으로 이동되며 연락처 저장시 단축 다이얼 추가 아이콘에 새 연락처 등록된다.,NAVIGATION_ONLY,EXCLUDE_CANDIDATE_UNREVIEWED,cue: 저장 = mutation; 등록 = mutation; 데이터 이동/복사 = mutation (구제 필터 통과 못함 — mutation 결과 서술 포함),cue_auto
24.Launcher,66.0,단축 다이얼,1. 단축다이얼 추가 아이콘 Tap > 팝업 창에서 기존 연락처 고르기 Tap 2. 연락처 목록에서 임의의 연락처 선택,1. 연락처 목록창으로 이동된다 2. 선택한 연락처가 단축다이얼에 등록된다,NAVIGATION_ONLY,EXCLUDE_CANDIDATE_UNREVIEWED,cue: 등록 = mutation; 데이터 이동/복사 = mutation (구제 필터 통과 못함 — mutation 결과 서술 포함),cue_auto
24.Launcher,67.0,단축 다이얼,1. 연락처가 등록된 단축다이얼 Tap,1. 해당 연락처 정보창 팝업 된다 2. 전화 아이콘 노출된다,NAVIGATION_ONLY,REVIEW_QUEUE,직독: fixture/editor·compose 진입/transient input/verifier 재설계/assert 분리 필요 (상세 분류는 재설계 트랙),human_confirmed
24.Launcher,69.0,단축 다이얼,1. 화면 상단 '편집' 메뉴 Tap,"1. 전화 > 설정 > 단축 다이얼과 동일한 화면 노출된다. 2. 해당 페이지에서 단축다이얼 등록, 등록된 단축다이얼 삭제 동작 가능하다.",NAVIGATION_ONLY,REVIEW_QUEUE,직독: fixture/editor·compose 진입/transient input/verifier 재설계/assert 분리 필요 (상세 분류는 재설계 트랙),human_confirmed
24.Launcher,70.0,단축다이얼,1. 단축 다이얼 > 편집 Tap > '-' Tap > 단축 다이얼을 삭제하시겠습니까? 팝업 확인 Tap,1. 단축 다이얼의 편집창 번호 리스트에서 해당 연락처가 삭제되야 한다. 2. 단축 다이얼 화면 연락처 리스트에서 해당 연락처가 삭제 되야한다.,NAVIGATION_ONLY,EXCLUDE_CANDIDATE_UNREVIEWED,cue: 삭제 = mutation (구제 필터 통과 못함 — mutation 결과 서술 포함),cue_auto
24.Launcher,75.0,단축다이얼,1. 단축 다이얼 > 기존 연락처에서 고르기 > 연락처 선택 > 단축 다이얼 연락처 등록 > 등록된 단축 다이얼 연락처 Tap > 더보기 > 삭제 > 해당 단축 다이얼 연락처가 리스트에 사라졌는지 확인,1. 삭제된 휴대전화의 연락처가 단축다이얼 번호 리스트에서 사라지는지 확인 2. 연락처가 없습니다. 토스트 팝업 노출되지 않는지 확인,NAVIGATION_ONLY,EXCLUDE_CANDIDATE_UNREVIEWED,cue: 삭제 = mutation; 등록 = mutation (구제 필터 통과 못함 — mutation 결과 서술 포함),cue_auto
24.Launcher,76.0,홈화면,홈 화면 > 화면 중앙에서부터 아래서 위로 스와이프,모든 앱 화면 열린다.,INPUT_REQUIRED,KEEP,직독: 관찰 전용 진입/노출 — mutation·input·외부효과 0,human_confirmed
24.Launcher,77.0,홈화면,홈 화면 > 상단 인디케이터바를 아래로 스와이프,퀵 패널 창이 열린다.,INPUT_REQUIRED,KEEP,직독: 관찰 전용 진입/노출 — mutation·input·외부효과 0,human_confirmed
24.Launcher,78.0,홈화면,홈 화면 > 배치된 앱 Long Tap,앱 Long Tap시 하위 메뉴 팝업창 발생한다. - 다른 앱으로 변경 - 홈 화면에서 삭제 - 바로가기(즐겨찾기) 버튼에 등록,NAVIGATION_ONLY,EXCLUDE_CANDIDATE_UNREVIEWED,cue: 삭제 = mutation; 등록 = mutation; 변경 = mutation (구제 필터 통과 못함 — mutation 결과 서술 포함),cue_auto
24.Launcher,79.0,홈화면,홈 화면 > 배치된 앱 Long Tap > 다른앱으로 변경,"1. 앱 서랍으로 이동되며 상단 ""홈 화면에 추가할 앱을 선택해 주세요."" 문구 노출된다. 2. 앱 선택시 기존 배치된 앱 위치가 선택한 앱으로 변경된다.",NAVIGATION_ONLY,EXCLUDE_CANDIDATE_UNREVIEWED,cue: 변경 = mutation; 홈/설정 영속 mutation; 데이터 이동/복사 = mutation (구제 필터 통과 못함 — mutation 결과 서술 포함),cue_auto
24.Launcher,80.0,홈화면,홈 화면 > 배치된 앱 Long Tap > 홈 화면에서 삭제,"해당 앱 홈 화면에서 삭제되며, 해당 위치는 추가 아이콘으로 노출된다.",NAVIGATION_ONLY,EXCLUDE_CANDIDATE_UNREVIEWED,cue: 삭제 = mutation (구제 필터 통과 못함 — mutation 결과 서술 포함),cue_auto
24.Launcher,81.0,홈화면,홈 화면 > 배치된 앱 Long Tap > 즐겨찾기 버튼에 등록,즐겨찾기 추가 팝업발생한다. '취소' 버튼 선택시 팝업 종료되고 이전화면 노출된다,NAVIGATION_ONLY,EXCLUDE_CANDIDATE_UNREVIEWED,cue: 등록 = mutation; 홈/설정 영속 mutation (구제 필터 통과 못함 — mutation 결과 서술 포함),cue_auto
24.Launcher,82.0,홈화면,홈 화면 > 배치된 앱 Long Tap > 즐겨찾기 버튼에 등록,"즐겨찾기 추가 팝업발생한다. '확인' 버튼 선택시 즐겨찾기 등록되었다는 토스트 노출된다. - ""즐겨찾기 버튼에 등록하였습니다.""",NAVIGATION_ONLY,EXCLUDE_CANDIDATE_UNREVIEWED,cue: 등록 = mutation; 홈/설정 영속 mutation (구제 필터 통과 못함 — mutation 결과 서술 포함),cue_auto
24.Launcher,83.0,홈화면,Hardkey '☆' 입력,바로가기(즐겨찾기) 등록된 앱 실행된다.,INPUT_REQUIRED,EXCLUDE_CANDIDATE_UNREVIEWED,cue: 등록 = mutation (구제 필터 통과 못함 — mutation 결과 서술 포함),cue_auto
24.Launcher,84.0,홈화면,Hardkey '☆' 길게 입력,바로가기(즐겨찾기) 설정 화면으로 전환된다,INPUT_REQUIRED,REVIEW_QUEUE,cue: input 포함 — 재설계/표본 검토,cue_auto
24.Launcher,85.0,홈화면,"홈 화면 > 앱 배치 영역에 빈 공간 ""+""","1. 앱 서랍으로 이동되며 상단 ""홈 화면에 추가할 앱을 선택해 주세요."" 문구 노출된다. 2. 원하는 앱 선택시 해당 앱이 홈 화면에 배치된다.",NAVIGATION_ONLY,REVIEW_QUEUE,직독: fixture/editor·compose 진입/transient input/verifier 재설계/assert 분리 필요 (상세 분류는 재설계 트랙),human_confirmed
24.Launcher,88.0,간편 설정 화면,1. 좌측으로 스와이프해서 우측페이지(간편설정)로 이동 2. 화면 체크,"1. 상단부터 사용 데이터, 나의 휴대폰 상태 , 만보기, 돋보기 , 의료정보 , 손전등, 모든 앱, 모두 닫기, 모드 전환이 순서대로 노출된다.",INPUT_REQUIRED,KEEP,직독: 관찰 전용 진입/노출 — mutation·input·외부효과 0,human_confirmed
24.Launcher,91.0,간편 설정 화면,홈 화면 > 간편 설정 화면 > 나의 휴대폰 확인,"1. 소리모드, 글자크기, 화면 밝기가 노출된다. 2, 설정한 모드가 동기화 되는지 확인",INPUT_REQUIRED,REVIEW_QUEUE,직독: fixture/editor·compose 진입/transient input/verifier 재설계/assert 분리 필요 (상세 분류는 재설계 트랙),human_confirmed
24.Launcher,92.0,간편 설정 화면,홈 화면 > 간편 설정 화면 > 나의 휴대폰 상태 Tap,쉬운 설정 Page로 이동된다.,NAVIGATION_ONLY,EXCLUDE_CANDIDATE_UNREVIEWED,cue: 데이터 이동/복사 = mutation (구제 필터 통과 못함 — mutation 결과 서술 포함),cue_auto
24.Launcher,93.0,간편 설정 화면,홈 화면 > 간편 설정 화면 > 만보기 Tap,만보기 App 실행된다.,NAVIGATION_ONLY,KEEP,직독: 관찰 전용 진입/노출 — mutation·input·외부효과 0,human_confirmed
24.Launcher,94.0,간편 설정 화면,홈 화면 > 간편 설정 화면 > 돋보기 Tap,돋보기 App 실행된다.,NAVIGATION_ONLY,KEEP,직독: 관찰 전용 진입/노출 — mutation·input·외부효과 0,human_confirmed
24.Launcher,95.0,간편 설정 화면,홈 화면 > 간편 설정 화면 > 의료정보 Tap,의료정보 Page로 이동된다.,NAVIGATION_ONLY,EXCLUDE_CANDIDATE_UNREVIEWED,cue: 데이터 이동/복사 = mutation (구제 필터 통과 못함 — mutation 결과 서술 포함),cue_auto
24.Launcher,96.0,간편 설정 화면,홈 화면 > 간편 설정 화면 > 손전등 Tap,손전등이 on/off 된다.,NAVIGATION_ONLY,EXCLUDE,직독: mutation·외부효과·환경제어가 검증 주제 — observe 분리 불가,human_confirmed
24.Launcher,97.0,간편 설정 화면,1. 홈 화면 > 간편 설정 화면 > 모든 앱 보기 Tap,1. 앱 서랍 진입된다.,NAVIGATION_ONLY,KEEP,직독: 관찰 전용 진입/노출 — mutation·input·외부효과 0,human_confirmed
24.Launcher,98.0,간편 설정 화면,1. 홈 화면 > 간편 설정 화면 > 모두 닫기 Tap,"1. 실행 중인 모든앱이 종료된다. 2. ""모든 앱을 닫았습니다."" 토스트 발생한다.",NAVIGATION_ONLY,EXCLUDE,직독: mutation·외부효과·환경제어가 검증 주제 — observe 분리 불가,human_confirmed
24.Launcher,99.0,간편 설정 화면,1. 홈 화면 > 간편 설정 화면 > 모드 전환 Tap,1. 모드 전환 팝업 발생된다 2. 하기 라디오 선택 버튼 노출 된다 - 일반모드 - 간편모드(Seleted) - 취소/확인 버튼 노출된다,NAVIGATION_ONLY,REVIEW_QUEUE,직독: fixture/editor·compose 진입/transient input/verifier 재설계/assert 분리 필요 (상세 분류는 재설계 트랙),human_confirmed
24.Launcher,100.0,간편 설정 화면,1. 홈 화면 > 간편 설정 화면 > 모드 전환 Tap 2. 취소 버튼 Tap,1. 팝업이 종료되고 이전화면 노출된다,NAVIGATION_ONLY,REVIEW_QUEUE,직독: fixture/editor·compose 진입/transient input/verifier 재설계/assert 분리 필요 (상세 분류는 재설계 트랙),human_confirmed
24.Launcher,101.0,간편 설정 화면,1. 홈 화면 > 간편 설정 화면 > 모드 전환 Tap 2. 일반 모드 선택 후 확인버튼 Tap,1. 간편 모드에서 일반 모드로 화면 변경 된다,NAVIGATION_ONLY,EXCLUDE_CANDIDATE_UNREVIEWED,cue: 변경 = mutation (구제 필터 통과 못함 — mutation 결과 서술 포함),cue_auto
24.Launcher,102.0,간편 설정 화면,1. 홈 화면 > 간편 설정 화면 > 모드 전환 Tap 2. 일반 모드 선택 후 확인버튼 Tap 3. 일반 모드 홈화면에서 모드 전환 Tap > 간편 모드 선택 후 확인버튼 Tap,1. 일반 모드에서 간편 모드로 화면 변경 된다,NAVIGATION_ONLY,EXCLUDE_CANDIDATE_UNREVIEWED,cue: 변경 = mutation (구제 필터 통과 못함 — mutation 결과 서술 포함),cue_auto
24.Launcher,103.0,간편 설정 화면,1. 앱서랍 리스트에서 '모드 전환' Tap,1. 모드 전환 팝업 발생된다 2. 하기 라디오 선택 버튼 노출 된다 - 일반모드 - 간편모드(Seleted) - 취소/확인 버튼 노출된다,NAVIGATION_ONLY,REVIEW_QUEUE,직독: fixture/editor·compose 진입/transient input/verifier 재설계/assert 분리 필요 (상세 분류는 재설계 트랙),human_confirmed
24.Launcher,104.0,간편 설정 화면,1. 앱서랍 리스트에서 '모드 전환' Tap 2. 취소 버튼 Tap,1. 팝업 사라지고 앱서랍 화면 전환 된다,NAVIGATION_ONLY,REVIEW_QUEUE,직독: fixture/editor·compose 진입/transient input/verifier 재설계/assert 분리 필요 (상세 분류는 재설계 트랙),human_confirmed
24.Launcher,105.0,간편 설정 화면,1. 앱서랍 리스트에서 '모드 전환' Tap 2. 일반 모드 선택 후 확인 버튼 Tap,1. 일반 모드 홈화면으로 전환된다,NAVIGATION_ONLY,EXCLUDE,직독: mutation·외부효과·환경제어가 검증 주제 — observe 분리 불가,human_confirmed
24.Launcher,107.0,간편 설정 화면,홈 화면 > 간편 설정 화면 > 모든 앱 > 임의의 앱 Long Tap > 홈 화면에 추가,홈화면 빈 앱 공간에 앱 추가된다.,NAVIGATION_ONLY,EXCLUDE_CANDIDATE_UNREVIEWED,cue: 홈/설정 영속 mutation (구제 필터 통과 못함 — mutation 결과 서술 포함),cue_auto
24.Launcher,108.0,간편 설정 화면,홈 화면 > 간편 설정 화면 > 모든 앱 > 임의의 앱 Long Tap > 홈 화면에 추가,빈공간이 없다는 토스트 발생한다. - 홈 화면에 빈공간이 없습니다.(KOR) - There is no empty space on home screen.(ENG),NAVIGATION_ONLY,REVIEW_QUEUE,"표본검사: negative 토스트(빈공간 없음) — 추가 실패=무변이, pre 홈 가득참 전제 모호",human_confirmed
24.Launcher,109.0,간편 설정 화면,홈 화면 > 간편 설정 화면 > 모든 앱 > Third home에 이미 배치된 앱 Long Tap > 홈 화면에 추가,이미 등록된 앱이라는 토스트 발생한다. - 이 앱은 이미 홈 화면에 등록되어 있습니다.(KOR) - It already exists on home screen.(ENG),NAVIGATION_ONLY,REVIEW_QUEUE,"표본검사: negative 토스트(이미 등록) — 무변이, 전제 확인 필요",human_confirmed
24.Launcher,111.0,간편 설정 화면,홈 화면 > 간편 설정 화면 > 모든 앱 > 임의의 앱 Long Tap > 바로가기 버튼에 등록,즐겨찾기 추가 팝업발생한다. '확인' 버튼 선택시 바로가기 버튼에 등록되었다는 토스트 노출된다.,NAVIGATION_ONLY,EXCLUDE_CANDIDATE_UNREVIEWED,cue: 등록 = mutation; 홈/설정 영속 mutation (구제 필터 통과 못함 — mutation 결과 서술 포함),cue_auto
24.Launcher,112.0,포토 슬라이드 쇼,홈 화면 > 가장 우측 포토 슬라이드 쇼 페이지로 이동,1. 홈 화면에 액자모양으로 포토 슬라이드 쇼 화면이 노출된다. 2. 포토 슬라이드 쇼 화면 가운데 '사진 추가하기' 문구 노출된다.,INPUT_REQUIRED,KEEP,직독: 관찰 전용 진입/노출 — mutation·input·외부효과 0,human_confirmed
24.Launcher,113.0,포토 슬라이드 쇼,홈 화면 > 포토 슬라이드 쇼 페이지 > 사진 추가하기 Tap,"1. 포토 슬라이드 쇼 팝업 노출된다. 2. 상단부터 가장 최근사진으로 갤러리 사진 노출된다. (사진만 가능, 동영상 노출 안됨) 3. 사진은 10개까지 선택 가능하며 각각 8초 동안 표시됩니다. 팝업창 발생된다 4. 팝업창에 다시보기 체크 박스 및 취소/확인 버튼 노출된다. (체크박스 Default : Uncheck)",INPUT_REQUIRED,REVIEW_QUEUE,직독: fixture/editor·compose 진입/transient input/verifier 재설계/assert 분리 필요 (상세 분류는 재설계 트랙),human_confirmed
24.Launcher,114.0,포토 슬라이드 쇼,1. 홈 화면 > 포토 슬라이드 쇼 페이지 > 사진 추가하기 Tap 2. 팝업창에서 취소 버튼 Tap,1. 팝업 사라지고 포토 슬라이드 쇼 화면 노출된다,INPUT_REQUIRED,REVIEW_QUEUE,직독: fixture/editor·compose 진입/transient input/verifier 재설계/assert 분리 필요 (상세 분류는 재설계 트랙),human_confirmed
24.Launcher,115.0,포토 슬라이드 쇼,1. 홈 화면 > 포토 슬라이드 쇼 페이지 > 사진 추가하기 Tap 2. 팝업창에서 다시 보지 않기 체크 박스에 체크 후 확인 버튼 Tap,1. 사진첩 화면 노출되고 저장된 사진 Preview 화면 리스트업 된다,INPUT_REQUIRED,EXCLUDE_CANDIDATE_UNREVIEWED,cue: 저장 = mutation (구제 필터 통과 못함 — mutation 결과 서술 포함),cue_auto
24.Launcher,116.0,포토 슬라이드 쇼,1. 홈 화면 > 포토 슬라이드 쇼 페이지 > 사진 추가하기 Tap 2. 팝업창에서 다시 보지 않기 체크 박스에 체크 후 확인 버튼 Tap 3. 사진첩 이미지 1개 Tap,1. 사진첩 상단 저장 버튼 활성화 된다 2. 사진첩 상단 선택 이미지 개수 노출된다,INPUT_REQUIRED,EXCLUDE_CANDIDATE_UNREVIEWED,cue: 저장 = mutation; 상태 토글 = mutation (구제 필터 통과 못함 — mutation 결과 서술 포함),cue_auto
24.Launcher,117.0,포토 슬라이드 쇼,1. 홈 화면 > 포토 슬라이드 쇼 페이지 > 사진 추가하기 Tap 2. 팝업창에서 다시 보지 않기 체크 박스에 체크 후 확인 버튼 Tap 3. 사진첩 이미지 1개 Tap 4. 저장 버튼 Tap,1. 선택한 사진으로 포토 슬라이드 쇼 적용 된다,INPUT_REQUIRED,EXCLUDE_CANDIDATE_UNREVIEWED,cue: 저장 = mutation (구제 필터 통과 못함 — mutation 결과 서술 포함),cue_auto
24.Launcher,118.0,포토 슬라이드 쇼,1. 홈 화면 > 포토 슬라이드 쇼 페이지 > 사진 추가하기 Tap 2. 팝업창에서 다시 보지 않기 체크 박스에 체크 후 확인 버튼 Tap 3. 사진첩 이미지 10개 Tap 4. 저장 버튼 Tap,1. 선택한 사진으로 포토 슬라이드 쇼 적용 된다 2. 8초 간격으로 선택한 10개 사진 표시된다 3. 10번째 사진 노출이 완료되면 1번째 사진으로 재 표시 된다,INPUT_REQUIRED,EXCLUDE_CANDIDATE_UNREVIEWED,cue: 저장 = mutation (구제 필터 통과 못함 — mutation 결과 서술 포함),cue_auto
24.Launcher,119.0,포토 슬라이드 쇼,1. 홈 화면 > 포토 슬라이드 쇼 페이지 > 사진 추가하기 Tap 2. 팝업창에서 다시 보지 않기 체크 박스에 체크 후 확인 버튼 Tap 3. 사진첩 이미지 11개 Tap,"1. 10개까지 선택되고 하단 ""사진 선택은 10개까지 가능합니다."" 토스트 팝업 노출된다",INPUT_REQUIRED,REVIEW_QUEUE,cue: pre fixture 전제,cue_auto
24.Launcher,120.0,포토 슬라이드 쇼,1. 홈 화면 > 포토 슬라이드 쇼 페이지 > 사진 추가하기 Tap,1. 포토 슬라이드 쇼 안내 팝업 발생 안된다. 2. 사진첩 화면 노출되고 저장된 사진 Preview 화면 리스트업 된다,INPUT_REQUIRED,REVIEW_QUEUE,직독: fixture/editor·compose 진입/transient input/verifier 재설계/assert 분리 필요 (상세 분류는 재설계 트랙),human_confirmed
24.Launcher,121.0,포토 슬라이드 쇼,홈 화면 > 포토 슬라이드 쇼페이지 > 편집,"1. 사진 선택화면으로 전환된다 2. 상단부터 가장 최근사진으로 갤러리 사진 노출된다. (사진만 가능, 동영상 노출 안됨) (최대 10개까지 가능, 8초간 노출)",INPUT_REQUIRED,REVIEW_QUEUE,cue: pre fixture 전제,cue_auto
24.Launcher,122.0,포토 슬라이드 쇼,홈 화면 > 포토 슬라이드 쇼 페이지 > 화면 대기,1. 첫 번째 사진부터 노출되며 10번째 사진까지 8초마다 사진 변경된다.,INPUT_REQUIRED,REVIEW_QUEUE,표본검사: 슬라이드쇼 자동 전환 관찰 — fixture(사진 등록)+시간 의존,human_confirmed
24.Launcher,123.0,앱서랍,1. 홈 화면 > 앱추가 버튼 Tap,1. 앱 서랍으로 진입된다 2. 앱 리스트 노출 된다,NAVIGATION_ONLY,REVIEW_QUEUE,cue: pre fixture 전제,cue_auto
24.Launcher,125.0,앱서랍,1. 홈 화면 > 앱추가 버튼 Tap 2. 앱서랍에서 임의의 앱 Tap 3. 홈화면에 추가 Tap,1. 선택한 앱이 홈화면에 등록된다,NAVIGATION_ONLY,EXCLUDE_CANDIDATE_UNREVIEWED,cue: 등록 = mutation (구제 필터 통과 못함 — mutation 결과 서술 포함),cue_auto
24.Launcher,127.0,앱서랍,1. 앱서랍 진입 후 임의의 앱 길게 Tap 2. 홈 화면에 추가 Tap,"1. 화면 하단에 ""홈 화면에 빈공간이 없습니다"" 토스트 팝업 노출 된다",INPUT_REQUIRED,REVIEW_QUEUE,직독: fixture/editor·compose 진입/transient input/verifier 재설계/assert 분리 필요 (상세 분류는 재설계 트랙),human_confirmed
24.Launcher,128.0,앱서랍,1. 앱서랍 진입 후 시계앱 길게 Tap 2. 홈 화면에 추가 Tap,"1. 화면 하단에 ""이 앱은 이미 홈 화면에 등록되어 있습니다."" 토스트 팝업 노출 된다",INPUT_REQUIRED,REVIEW_QUEUE,직독: fixture/editor·compose 진입/transient input/verifier 재설계/assert 분리 필요 (상세 분류는 재설계 트랙),human_confirmed
24.Launcher,133.0,앱서랍,1. 앱서랍 진입 후 임의의 앱 길게 Tap 2. 즐겨찾기 버튼에 등록 Tap,1. 즐겨찾기 등록 여부 팝업창 노출된다 2. 취소/확인 버튼 노출된다,INPUT_REQUIRED,KEEP,"즐겨찾기 팝업 노출 observe — 확인 금지, 취소 이탈 cleanup",human_confirmed
24.Launcher,134.0,앱서랍,1. 앱서랍 진입 후 임의의 앱 길게 Tap 2. 즐겨찾기 버튼에 등록 Tap 3. 취소 버튼 Tap,1. 팝업창 사라지고 이전 화면 노출된다,INPUT_REQUIRED,KEEP,팝업 취소 경로 명시 — no-save,human_confirmed
24.Launcher,135.0,앱서랍,1. 앱서랍 진입 후 임의의 앱 길게 Tap 2. 즐겨찾기 버튼에 등록 Tap 3. 확인 버튼 Tap,"1. 선택한 앱이 즐겨찾기 버튼에 등록된다 2. 앱서랍 하단에 ""즐겨찾기 버튼에 [Appname]을(를) 등록하였습니다."" 토스트 팝업창 발생된다",INPUT_REQUIRED,EXCLUDE_CANDIDATE_UNREVIEWED,cue: 등록 = mutation (구제 필터 통과 못함 — mutation 결과 서술 포함),cue_auto
24.Launcher,169.0,홈화면 확인,1. 홈화면 첫 번째 페이지 확인 2. 홈화면에서 오르쪽에서 왼쪽으로 스와이프하여 다음 페이지로 이동,"1. 좌측 상단부터 우측 하단까지 12개 앱 등록 가능 해야함 2. 두번째 페이지의 경우도 동일하게 12개 앱 등록 가능 해야함 3. 앱 다운로드 시 첫번째 페이지부터 생성되며, 첫번째 페이지가 가득찬 경우 두번째 페이지 상단부터 생성 되어야 함",INPUT_REQUIRED,EXCLUDE_CANDIDATE_UNREVIEWED,cue: 등록 = mutation; 시스템/외부 mutation; 데이터 이동/복사 = mutation (구제 필터 통과 못함 — mutation 결과 서술 포함),cue_auto
24.Launcher,171.0,홈화면 확인,1. 홈화면에서 오르쪽에서 왼쪽으로 스와이프하여 다음 페이지로 이동 2. 두번째 페이지에서 오른쪽에서 왼쪽으로 스와이프 하여 다음 페이지 이동,1. 2페이지에서 스와이프 동작 처리 안됨 (해당 페이지 유지됨),INPUT_REQUIRED,EXCLUDE_CANDIDATE_UNREVIEWED,cue: 데이터 이동/복사 = mutation (구제 필터 통과 못함 — mutation 결과 서술 포함),cue_auto
24.Launcher,181.0,홈 설정,홈 화면 길게 누르기 > 홈 설정 > 구글 디스커버 On,홈 화면 가장 좌측 페이지에 구글 디스커버 스크린 생성됨.,INPUT_REQUIRED,EXCLUDE,직독: mutation·외부효과·환경제어가 검증 주제 — observe 분리 불가,human_confirmed
24.Launcher,182.0,홈화면 UI,음성녹음중 / 카메라 사용중,오른쪽 상단에 녹색 점 표시됨 (앱 종료후에는 점 표시되면 안됨),READ_ONLY,EXCLUDE_CANDIDATE_UNREVIEWED,cue: 미디어 캡처 = 영속 mutation (구제 필터 통과 못함 — mutation 결과 서술 포함),cue_auto
24.Launcher,183.0,홈화면 UI,1. 잠금화면 상단 인디케이터 바 확인 2. 홈화면 > 퀵셋팅 화면> 상단 인디테이터바 확인,1. 사업자 표시 'SKT'로 표시되어야 함 2. 사업자 표시 'U+'로 표시되어야 함 3. 사엽자 표시 KT로 표시되어야 함,READ_ONLY,REVIEW_QUEUE,직독: fixture/editor·compose 진입/transient input/verifier 재설계/assert 분리 필요 (상세 분류는 재설계 트랙),human_confirmed
24.Launcher,184.0,홈화면 UI,1. 홈화면 1st page 확인 2. 홈화면 2nd page 확인,"1. 1st page - Google Search widget (4x1) , Gmail , 갤러리 , Play 스토어 , 모드 전환 , 홈화면 최하단 : 전화 , 메시지 , Chrome , 카메라 위치 확인 2. 2nd page - Google , SKT folder 생성 및 앱 확인",READ_ONLY,KEEP,carrier(SKT) blocking pre — 홈 page 구성 observe,human_confirmed
24.Launcher,185.0,홈화면 UI,1. 홈화면 1st page 확인 2. 홈화면 2nd page 확인,"1. 1st page - Google Search widget (4x1) , Gmail , 갤러리 , Play 스토어 , 모드 전환 , 홈화면 최하단 : 전화 , 메시지 , Chrome , 카메라 위치 확인 2. 2nd page - Google folder 및 당신의 U+ (고객센터) 앱 확인",READ_ONLY,KEEP,carrier(LGU+) blocking pre — 홈 page 구성 observe,human_confirmed
24.Launcher,186.0,홈화면,홈화면 / 앱화면에서 집중모드로 선택한 앱 확인,집중모드로 선택한 앱이 회색으로 표시되어야 함,NAVIGATION_ONLY,REVIEW_QUEUE,직독: fixture/editor·compose 진입/transient input/verifier 재설계/assert 분리 필요 (상세 분류는 재설계 트랙),human_confirmed
24.Launcher,187.0,홈화면,홈화면 > 길게 누르기 > 배경화면 및 스타일 > 배경화면 변경 > 배경화면을 밝은 색으로 변경 > status bar와 앱아이콘 확인,status bar와 앱 아이콘의 이름이 식별 가능해야 함,INPUT_REQUIRED,EXCLUDE_CANDIDATE_UNREVIEWED,cue: 변경 = mutation; 홈/설정 영속 mutation (구제 필터 통과 못함 — mutation 결과 서술 포함),cue_auto
24.Launcher,188.0,배경화면 및 스타일,1. 홈화면 길게 누르기 > 배경화면 및 스타일,"SKT 1. 기본, ZEM(default) 노출되며 각 적용시 기본 앱 아이콘이 변경됨 KT 1. 기본, 시나모롤(default) 노출되며 각 적용시 기본 앱 아이콘이 변경됨",READ_ONLY,REVIEW_QUEUE,직독: fixture/editor·compose 진입/transient input/verifier 재설계/assert 분리 필요 (상세 분류는 재설계 트랙),human_confirmed
24.Launcher,190.0,홈화면,"1. 홈화면 > 6번째 페이지 이동 > 임의의 앱 롱탭 > 홈에서삭제 or 상단 삭제 UI 로 이동 하여 앱 삭제 및 페이지 삭제 > 5번째 , 4 번째 , 3번째 페이지 및 앱 삭제 > 페이지 갯수 흰색 점 아이콘 확인",1. 페이지 하단 흰색 점 아이콘이 오른쪽으로 이동되지 않는다.,NAVIGATION_ONLY,EXCLUDE_CANDIDATE_UNREVIEWED,cue: 삭제 = mutation; 데이터 이동/복사 = mutation (구제 필터 통과 못함 — mutation 결과 서술 포함),cue_auto
24.Launcher,193.0,홈화면,1. 앱서랍에서 임의의 앱을 중복으로 5개 이상을 홈화면 앱폴더에 추가 > 홈화면 > 앱 폴더 확인,1. 홈화면 앱폴더 앱 미리보기 이미지가 일부만 표시 되거나 앱폴더가 사라지지 않아야 한다. 2. 홈화면 추가가 가능해야 한다.,READ_ONLY,EXCLUDE,직독: mutation·외부효과·환경제어가 검증 주제 — observe 분리 불가,human_confirmed
24.Launcher,196.0,최근 실행한 앱,"설정 > 앱 > 최근 설정한 앱 > 전화, 메세지, 카메라, 연락처, 설정, 음성 녹음, 계산기, 시계, FM라디오,앱 확인",시나모롤 테마가 적용되어 있어야 함 (참고 : 설정 > 앱 > 기본앱에서는 구글앱화면이므로 시나모롤테마를 적용할 수 없음),INPUT_REQUIRED,EXCLUDE_CANDIDATE_UNREVIEWED,cue: 미디어 캡처 = 영속 mutation (구제 필터 통과 못함 — mutation 결과 서술 포함),cue_auto
24.Launcher,197.0,앱화면,1. 홈화면 > 아래에서 위로 스와이프 > 앱아이콘 이름의 글씨 위치확인(영문 / 한글) 2. 홈화면 > 아래에서 위로 스와이프 > 앱폴더 > 앱폴더내 앱아이콘 이름의 글씨 위치확인 (영문 / 한글),1. 영문/한글 상관없이 앱아이콘의 이름의 폰트 위치가 같아야 한다. 2. 앱 이름이 전체적으로 표시되어야 한다.,INPUT_REQUIRED,REVIEW_QUEUE,직독: fixture/editor·compose 진입/transient input/verifier 재설계/assert 분리 필요 (상세 분류는 재설계 트랙),human_confirmed
24.Launcher,198.0,앱화면,1. 홈화면 > 아래에서 위로 스와이프 > 앱화면,검색창과 앱화면의 앱이 겹쳐서 표시되지 않아야 한다.,INPUT_REQUIRED,REVIEW_QUEUE,직독: fixture/editor·compose 진입/transient input/verifier 재설계/assert 분리 필요 (상세 분류는 재설계 트랙),human_confirmed
24.Launcher,200.0,앱 화면,1. 홈화면 > 아래에서 위로 스와이프 > 앱화면 확인 2. 홈화면 > 아래에서 위로 스와이프 > 앱화면 확인 > 상단 status bar확인 3. 홈화면 > 아래에서 위로 스와이프 > 앱화면 > 앱 아이콘을 길게 터치 > 앱 메뉴확인,1. 절전모드에 따른 앱화면이 전환되는지 확인 2. status bar 확인이 가능한지 확인 3. 앱 메뉴 및 좌측 아이콘이 정상적으로 표시되는지 확인,INPUT_REQUIRED,REVIEW_QUEUE,직독: fixture/editor·compose 진입/transient input/verifier 재설계/assert 분리 필요 (상세 분류는 재설계 트랙),human_confirmed
24.Launcher,201.0,앱 메뉴,1. 홈화면에서 앱(ex시계)을 길게 터치 > 앱과 관련된 메뉴와 아이콘 확인,1. 앱과 관련된 메뉴와 메뉴앞쪽의 아이콘이 정확히 표시되는지 확인,INPUT_REQUIRED,KEEP,"long-press 메뉴 observe — 항목 탭 금지, BACK 이탈 cleanup",human_confirmed
24.Launcher,202.0,앱 메뉴,"1. 홈화면에서 앱(ex시계)을 길게 터치 > 앱과 관련된 메뉴에서 ""=""버튼을 길게 눌러 바로가기 만들기 2. 홈화면에서 앱(ex시계)을 길게 터치 > 앱과 관련된 메뉴에서 ""=""버튼을 짧게 누르기","1. 해당 메뉴의 바로가기가 만들어지는지 확인 2. ""바로가기를 만들려면 길게 누르세요"" 토스트팝업이 표시되는지 확인",INPUT_REQUIRED,EXCLUDE,직독: mutation·외부효과·환경제어가 검증 주제 — observe 분리 불가,human_confirmed
24.Launcher,203.0,앱 서랍,임의의 앱(휴대폰)에서 알림 받기 > 홈 화면에서 알림수 확인 > 앱 서랍 확인,알림 발생 시 앱서람의 앱에서도 알림수가 표시되어야 한다.,INPUT_REQUIRED,REVIEW_QUEUE,직독: fixture/editor·compose 진입/transient input/verifier 재설계/assert 분리 필요 (상세 분류는 재설계 트랙),human_confirmed
24.Launcher,204.0,앱 서랍,1. 홈화면 > 아래에서 위로 스와이프 > 앱화면 확인,앱 이름이 잘려서 표시되지 않는지 확인 앱 이름이 사전에 설정한대로 표시되는지 확인,INPUT_REQUIRED,REVIEW_QUEUE,직독: fixture/editor·compose 진입/transient input/verifier 재설계/assert 분리 필요 (상세 분류는 재설계 트랙),human_confirmed
24.Launcher,205.0,앱 서랍,홈 화면 > 앱 서랍 > 임의의 앱 롱 탭하여 이동,앱 서랍에 앱 순서 변경이 불가능하다.,NAVIGATION_ONLY,EXCLUDE_CANDIDATE_UNREVIEWED,cue: 변경 = mutation; 데이터 이동/복사 = mutation (구제 필터 통과 못함 — mutation 결과 서술 포함),cue_auto
24.Launcher,207.0,앱 추가,1. 홈에서 위로 스와이프 > 임의의 앱 하나를 길게 누르고 위쪽으로 드래그 2. 홈화면에서 손가락을 뗀다.,"1. 홈화면으로 이동, 앱을 추가할 위치를 미리보기 할 수 있으며, 상단에 취소 버튼이 표시됨 2. 해당 위치에 선택한 앱이 추가된다.",INPUT_REQUIRED,EXCLUDE_CANDIDATE_UNREVIEWED,cue: 데이터 이동/복사 = mutation (구제 필터 통과 못함 — mutation 결과 서술 포함),cue_auto
24.Launcher,208.0,앱 이동,1. 홈화면 > 아래에서 위로 스와이프 > 앱화면 > 앱을 길게 눌러 위치 이동,1. 원하는 위치로 이동이 가능해야 함 2. 아이콘 배치 작업 영역과 겹치지 않도록 상단에 'x 취소' 버튼이 표시되어야 함 3. 페이지 표시기에 점 두 개가 정상적으로 표시되어야 함,INPUT_REQUIRED,EXCLUDE_CANDIDATE_UNREVIEWED,cue: 데이터 이동/복사 = mutation (구제 필터 통과 못함 — mutation 결과 서술 포함),cue_auto
24.Launcher,209.0,앱 / 폴더,홈화면 > 앱을 길게 눌러 다른 앱위에 겹쳐 폴더 생성 > 폴더 확인,1. 폴더 이름과 폴더내 앱 이름의 표기에 이상이 없는지 확인 - 폴더이름 : 이름없는 폴더,INPUT_REQUIRED,EXCLUDE,직독: mutation·외부효과·환경제어가 검증 주제 — observe 분리 불가,human_confirmed
24.Launcher,210.0,앱 / 폴더,홈화면 > 앱을 길게 눌러 다른 앱위에 겹쳐 폴더 생성 > 폴더 확인,두 앱의 알림 뱃지를 더한 수가 폴더 알림 뱃지로 노출되어야 함,INPUT_REQUIRED,REVIEW_QUEUE,cue: pre fixture 전제,cue_auto
24.Launcher,211.0,앱 / 폴더,홈화면 > 앱을 길게 눌러 다른 앱위에 겹쳐 폴더 생성 > 폴더 내 앱 계속 집어넣음,폴더는 한페이지당 3x3의 크기로 2페이지까지 가능함. (폴더 내 최대 앱 갯수 : 18개),INPUT_REQUIRED,EXCLUDE,직독: mutation·외부효과·환경제어가 검증 주제 — observe 분리 불가,human_confirmed
24.Launcher,212.0,앱 / 폴더,홈 화면 > 폴더 진입 > 폴더 내 임의의 앱 Long Tap,홈 화면에 있는 앱 Long Tap시와 동일하게 노출된다.,NAVIGATION_ONLY,REVIEW_QUEUE,직독: fixture/editor·compose 진입/transient input/verifier 재설계/assert 분리 필요 (상세 분류는 재설계 트랙),human_confirmed
24.Launcher,213.0,앱 / 폴더,홈화면 > 앱을 길게 눌러 다른 앱위에 겹쳐 폴더 생성 > 폴더명 입력,"1. 폴더 이름이 긴 경우(한글 12자 이상/영문 24자 이상) 홈/앱 서랍에서 가운데 정렬하여 최대 2줄까지 표시된다. 2. 폴더명이 너무 길 경우 끝에 두 줄로 축약(""..."")되어 표시된다.",INPUT_REQUIRED,REVIEW_QUEUE,cue: input 포함 — 재설계/표본 검토,cue_auto
24.Launcher,214.0,앱 / 폴더,홈화면 > 앱을 길게 눌러 다른 앱위에 겹쳐 폴더 생성 > 폴더명 최대 글자까지 입력,"폴더 이름이 영문 24자, 한글 24자를 초과하면 더 이상 입력이 불가능하고 토스트 팝업이 노출된다. [KOR] 더 이상 입력할 수 없습니다. [ENG] The folder name is too long",INPUT_REQUIRED,REVIEW_QUEUE,cue: input 포함 — 재설계/표본 검토,cue_auto
24.Launcher,215.0,앱 / 폴더,홈화면 > 폴더 길게 누르기 > 홈에서 삭제,"1. '홈에서 삭제' 항목이 노출되며 선택시 홈에서 삭제된다. 2. 삭제된 후 하단 토스트 노출된다. - ""폴더를 삭제하였습니다.""",INPUT_REQUIRED,EXCLUDE_CANDIDATE_UNREVIEWED,cue: 삭제 = mutation (구제 필터 통과 못함 — mutation 결과 서술 포함),cue_auto
24.Launcher,216.0,배경화면 및 스타일,1. 홈화면 길게 누르기 > 배경화면 및 스타일 > 배경화면 변경 > 내 사진 > 임의의 사진 선택 > 확인 > 홈 화면 선택 > 홈 화면 확인 2. 홈화면 길게 누르기 > 배경화면 및 스타일 > 배경화면 변경 > 내 사진 > 임의의 사진 선택 > 확인 > 잠금 화면 선택 > 잠금 화면 확인 3. . 홈화면 길게 누르기 > 배경화면 및 스타일 > 배경화면 변경 > 내 사진 > 임의의 사진 선택 > 확인 > 홈 화면 및 잠금 화면 선택 > 홈 화면 및 잠금 화면 확인 > screen off / on,1. 홈화면이 설정한 이미지로 변경되며 토스트 팝업이 노출된다. [KOR] 배경화면 설정이 완료 되었습니다. [ENG] Wallpaper set successfully 2. 잠금화면이 설정한 이미지로 변경됨 3. 홈 화면 및 잠금 화면이 설정한 이미지로 변경되어 있어야 하며 screen off / on후에도 변경된 사진이 유지되어야 함,INPUT_REQUIRED,EXCLUDE_CANDIDATE_UNREVIEWED,cue: 변경 = mutation; 홈/설정 영속 mutation (구제 필터 통과 못함 — mutation 결과 서술 포함),cue_auto
24.Launcher,217.0,배경화면 및 스타일,홈 > 앱 서랍 > 네비게이션바에서 홈버튼을 눌러 홈 화면으로 돌아가서 확인,홈화면의 배경화면이 정상적으로 표시되는지 확인,NAVIGATION_ONLY,EXCLUDE_CANDIDATE_UNREVIEWED,cue: 홈/설정 영속 mutation (구제 필터 통과 못함 — mutation 결과 서술 포함),cue_auto
24.Launcher,218.0,위젯 추가,1. 홈에서 위로 스와이프 > 임의의 앱 하나를 길게 누른다. 2. 앱 정보 선택 3. 위젯 선택 후 길게 터치,"1. 앱 정보, 위젯 메뉴가 표시 (앱에 따라 위젯이 미표시되거나 다른 메뉴가 표시되는 경우 있음) 2. 해당 앱 정보 화면으로 이동 3. 홈화면에 해당 위젯이 추가 가능하고, 원하는 위치에서 손가락을 떼면 위젯이 추가됨",INPUT_REQUIRED,EXCLUDE_CANDIDATE_UNREVIEWED,cue: 홈/설정 영속 mutation; 데이터 이동/복사 = mutation (구제 필터 통과 못함 — mutation 결과 서술 포함),cue_auto
24.Launcher,219.0,앱/위젯 삭제,1. 홈 화면의 앱/위젯을 길게 눌러 '홈에서 삭제' 선택,"1. 앱/위젯이 삭제되고, 하단에 '항목 삭제됨' 토스트 발생",INPUT_REQUIRED,EXCLUDE_CANDIDATE_UNREVIEWED,cue: 삭제 = mutation; 홈/설정 영속 mutation (구제 필터 통과 못함 — mutation 결과 서술 포함),cue_auto
24.Launcher,220.0,홈화면 UI,구글검색바 위젯 > 길게 눌러서 홈화면에서 삭제,구글 검색바 위젯 홈화면에서 삭제 가능해야함,INPUT_REQUIRED,EXCLUDE_CANDIDATE_UNREVIEWED,cue: 삭제 = mutation; 홈/설정 영속 mutation (구제 필터 통과 못함 — mutation 결과 서술 포함),cue_auto
24.Launcher,221.0,위젯 삭제,홈 화면 > 긴 탭 구글 위젯 > 홈 화면에서 삭제,"레이아웃 경계 표시 켜기 및 홈 화면에서 Google 위젯 삭제 시, MIVE 홈 런처가 강제종료되지 않아야 함",NAVIGATION_ONLY,EXCLUDE_CANDIDATE_UNREVIEWED,cue: 삭제 = mutation; 상태 토글 = mutation; 홈/설정 영속 mutation (구제 필터 통과 못함 — mutation 결과 서술 포함),cue_auto
24.Launcher,222.0,위젯 추가,1. 홈화면 > 홈화면 길게 누름 > 위젯 > 위젯 추가화면에서 검색,검색이 가능하도록 키보드 화면이 생성되어야하며 검색시 해당 위젯이 표시되어야 함,INPUT_REQUIRED,REVIEW_QUEUE,직독: fixture/editor·compose 진입/transient input/verifier 재설계/assert 분리 필요 (상세 분류는 재설계 트랙),human_confirmed
24.Launcher,223.0,홈화면,홈화면 > 앱서랍 > 앱 검색 > 초성검색 (ㄱ or ㄴ or ㄷ...),1. 초성이 들어간 모든 앱이 검색되어야 한다. 2. 검색한 글자가 앱 이름에 하이라이트 처리가 되야한다.,INPUT_REQUIRED,REVIEW_QUEUE,cue: input 포함 — 재설계/표본 검토,cue_auto
24.Launcher,172.0,앱 서랍,앱 서랍 > 아이콘을 폴더로 드래그 > 열린 폴더 화면 놓기,폴더가 열린 상태에서 앱아이콘을 이동시킬 경우 앱 아이콘이 추가로 생성되지 않는지 확인,INPUT_REQUIRED,EXCLUDE_CANDIDATE_UNREVIEWED,cue: 데이터 이동/복사 = mutation (구제 필터 통과 못함 — mutation 결과 서술 포함),cue_auto
24.Launcher,189.0,배경화면 및 스타일,1. 홈화면 길게 누르기 > 배경화면 및 스타일 > 앱 그리드 4x5 선택 2. 홈화면 길게 누르기 > 배경화면 및 스타일 > 앱 그리드 5x5 선택,"1. 앱이 4x5으로 정렬, 표시됨 2. 앱이 5x5으로 정렬, 표시됨",INPUT_REQUIRED,EXCLUDE_CANDIDATE_UNREVIEWED,cue: 홈/설정 영속 mutation (구제 필터 통과 못함 — mutation 결과 서술 포함),cue_auto
13.Status bar,1.0,,Status bar 시간 확인,Status bar에 현재시간이 정확히 표시되어야 한다.,READ_ONLY,KEEP,시간 표시 observe — 시스템 시간 3-way 대조 가능,human_confirmed
13.Status bar,6.0,,Status bar 알람 아이콘 확인,알람 아이콘이 생성된다.,READ_ONLY,REVIEW_QUEUE,cue: pre fixture 전제,cue_auto
13.Status bar,7.0,,Status bar 방해금지모드 아이콘 확인,방해금지모드 아이콘이 생성된다.,READ_ONLY,REVIEW_QUEUE,직독: fixture/editor·compose 진입/transient input/verifier 재설계/assert 분리 필요 (상세 분류는 재설계 트랙),human_confirmed
13.Status bar,8.0,,Status bar Sound 아이콘 확인,Sound 아이콘 없이 설정된다.,READ_ONLY,REVIEW_QUEUE,cue: pre fixture 전제,cue_auto
13.Status bar,9.0,,Status bar Vibrate 아이콘 확인,Vibrate 아이콘이 생성된다.,READ_ONLY,REVIEW_QUEUE,cue: pre fixture 전제,cue_auto
13.Status bar,10.0,,Status bar Mute 아이콘 확인,Mute아이콘이 생성된다.,READ_ONLY,REVIEW_QUEUE,cue: pre fixture 전제,cue_auto
13.Status bar,12.0,,Status bar HD Voice아이콘 확인,HD Voice 아이콘이 생성된다.,READ_ONLY,REVIEW_QUEUE,직독: fixture/editor·compose 진입/transient input/verifier 재설계/assert 분리 필요 (상세 분류는 재설계 트랙),human_confirmed
13.Status bar,13.0,,Status bar Data 아이콘 확인,LTE+ 아이콘이 생성된다.,READ_ONLY,REVIEW_QUEUE,직독: fixture/editor·compose 진입/transient input/verifier 재설계/assert 분리 필요 (상세 분류는 재설계 트랙),human_confirmed
13.Status bar,14.0,,Status bar Data 아이콘 확인,LTE 아이콘이 생성된다.,READ_ONLY,REVIEW_QUEUE,직독: fixture/editor·compose 진입/transient input/verifier 재설계/assert 분리 필요 (상세 분류는 재설계 트랙),human_confirmed
13.Status bar,15.0,,Status bar Data 아이콘 확인,3G 아이콘이 생성된다.,READ_ONLY,REVIEW_QUEUE,직독: fixture/editor·compose 진입/transient input/verifier 재설계/assert 분리 필요 (상세 분류는 재설계 트랙),human_confirmed
13.Status bar,16.0,,Status bar 각 종 환경에 따른 신호세기 아이콘 확인,정해진 신호세기에 따라 신호 강도아이콘이 변해야 한다.,READ_ONLY,EXCLUDE,직독: mutation·외부효과·환경제어가 검증 주제 — observe 분리 불가,human_confirmed
13.Status bar,17.0,,Status bar Battery 아이콘 확인,배터리 양에 따라 배터리 아이콘이 표시되어야 한다.,READ_ONLY,EXCLUDE,직독: mutation·외부효과·환경제어가 검증 주제 — observe 분리 불가,human_confirmed
13.Status bar,18.0,,아이콘 확인,아이콘이 글머리로 표시되는지 확인 (이미지 NO.1참고),READ_ONLY,REVIEW_QUEUE,직독: fixture/editor·compose 진입/transient input/verifier 재설계/assert 분리 필요 (상세 분류는 재설계 트랙),human_confirmed
13.Status bar,19.0,,아이콘 노출 갯수 확인,"화면 중앙을 중심으로 좌측은 좌->우 3개까지 표시, 화면 중앙을 중심으로 우측은 우->좌 5개까지 표시되는지 확인",READ_ONLY,REVIEW_QUEUE,직독: fixture/editor·compose 진입/transient input/verifier 재설계/assert 분리 필요 (상세 분류는 재설계 트랙),human_confirmed
13.Status bar,20.0,통신사 SKT,Status bar 홈화면 통신사 아이콘 확인,Status bar 좌측 SKT 아이콘이 표시된다.,READ_ONLY,KEEP,carrier SIM blocking pre — status bar 아이콘 observe (해당 SIM 장착 시 유효),human_confirmed
13.Status bar,21.0,통신사 SKT,Status bar 잠금화면 통신사 아이콘 확인,Status bar 좌측 SK Telecom 아이콘이 표시된다.,READ_ONLY,KEEP,carrier SIM blocking pre — status bar 아이콘 observe (해당 SIM 장착 시 유효),human_confirmed
13.Status bar,22.0,통신사 SKT,홈화면 > 퀵패널 > Status bar 통신사 아이콘 확인,Status bar 우측 SKT 아이콘이 표시된다.,READ_ONLY,KEEP,carrier SIM blocking pre — status bar 아이콘 observe (해당 SIM 장착 시 유효),human_confirmed
13.Status bar,23.0,통신사 LG U+,Status bar 홈화면 통신사 아이콘 확인,Status bar 좌측 U+ 아이콘이 표시된다.,READ_ONLY,KEEP,carrier SIM blocking pre — status bar 아이콘 observe (해당 SIM 장착 시 유효),human_confirmed
13.Status bar,24.0,통신사 LG U+,Status bar 잠금화면 통신사 아이콘 확인,Status bar 좌측 LG U+ 아이콘이 표시된다.,READ_ONLY,KEEP,carrier SIM blocking pre — status bar 아이콘 observe (해당 SIM 장착 시 유효),human_confirmed
13.Status bar,25.0,통신사 LG U+,홈화면 > 퀵패널 > Status bar 통신사 아이콘 확인,Status bar 우측 U+ 아이콘이 표시된다.,READ_ONLY,KEEP,carrier SIM blocking pre — status bar 아이콘 observe (해당 SIM 장착 시 유효),human_confirmed
13.Status bar,26.0,통신사 KT,Status bar 홈화면 통신사 아이콘 확인,Status bar 좌측 KT 아이콘이 표시된다.,READ_ONLY,KEEP,carrier SIM blocking pre — status bar 아이콘 observe (해당 SIM 장착 시 유효),human_confirmed
13.Status bar,27.0,통신사 KT,Status bar 잠금화면 통신사 아이콘 확인,Status bar 좌측 KT 아이콘이 표시된다.,READ_ONLY,KEEP,carrier SIM blocking pre — status bar 아이콘 observe (해당 SIM 장착 시 유효),human_confirmed
13.Status bar,28.0,통신사 KT,홈화면 > 퀵패널 > Status bar 통신사 아이콘 확인,Status bar 우측 KT 아이콘이 표시된다.,READ_ONLY,KEEP,carrier SIM blocking pre — status bar 아이콘 observe (해당 SIM 장착 시 유효),human_confirmed
13.Status bar,29.0,,음성 Call 통화중 > 통화 녹음 Tap > Status bar 통화녹음 아이콘 확인,Status bar 통화녹음 아이콘이 표시된다.,NAVIGATION_ONLY,EXCLUDE_CANDIDATE_UNREVIEWED,cue: send/call 외부효과; 미디어 캡처 = 영속 mutation (구제 필터 통과 못함 — mutation 결과 서술 포함),cue_auto
13.Status bar,30.0,,Status bar 이어폰 아이콘확인,Status bar 이어폰 아이콘이 표시된다.,READ_ONLY,REVIEW_QUEUE,직독: fixture/editor·compose 진입/transient input/verifier 재설계/assert 분리 필요 (상세 분류는 재설계 트랙),human_confirmed
13.Status bar,31.0,,Status bar Battery 아이콘 확인,Status bar 배터리 아이콘이 빨간색으로 표시된다.,READ_ONLY,EXCLUDE,직독: mutation·외부효과·환경제어가 검증 주제 — observe 분리 불가,human_confirmed
13.Status bar,32.0,,Status bar Touch Screen Lock 아이콘 확인,Status bar Touch Screen Lock 아이콘이 표시된다.,READ_ONLY,REVIEW_QUEUE,cue: pre fixture 전제,cue_auto
30.Voice Recorder,25.0,앱 실행,Voice Recorder 앱 선택,"1. Voice Recorder 앱 실행 된다. 2. App Title ""음성 녹음"" 노출된다 3. 녹음 파일 목록 버튼이 노출된다 4. 실행 화면의 시간은 00:00으로 노출된다 5. 녹음버튼이 노출된다",NAVIGATION_ONLY,KEEP,직독: 관찰 전용 진입/노출 — mutation·input·외부효과 0,human_confirmed
30.Voice Recorder,26.0,녹음 시작,Voice Recorder > 녹음 버튼 Tap,1. Pause 버튼과 Stop 버튼이 표시된다 2. '녹음 중' 문구가 표시된다 3. 녹음 시간이 카운트 된다 4. 녹음 파일명이 표시된다 5. 음성 입력이 있을 경우 그래프화 된다,INPUT_REQUIRED,EXCLUDE_CANDIDATE_UNREVIEWED,cue: 미디어 캡처 = 영속 mutation (구제 필터 통과 못함 — mutation 결과 서술 포함),cue_auto
30.Voice Recorder,27.0,녹음 후 방치,Voice Recorder > 녹음 버튼 Tap > 녹음 > Screen Off됨 > Screen On 후 녹음 확인,녹음 중지 버튼을 누를 때까지 녹음이 종료되지 않는다.,NAVIGATION_ONLY,EXCLUDE_CANDIDATE_UNREVIEWED,cue: 미디어 캡처 = 영속 mutation (구제 필터 통과 못함 — mutation 결과 서술 포함),cue_auto
30.Voice Recorder,30.0,녹음 일시정지,1. Voice Recorder > 녹음 버튼 Tap 2. 일시 정지 버튼 Tap,1. 일시 정지 버튼이 녹음 시작 버튼으로 변경된다 2. '녹음 중' 문구가 '일시정지' 문구로 변경 표시된다 3. 녹음 시간이 카운트가 중지 된다 4. 녹음 파일명이 표시된다 5. 음성 입력 그래프가 중지 된다,INPUT_REQUIRED,EXCLUDE_CANDIDATE_UNREVIEWED,cue: 미디어 캡처 = 영속 mutation; 변경 = mutation (구제 필터 통과 못함 — mutation 결과 서술 포함),cue_auto
30.Voice Recorder,32.0,녹음 재시작,1. Voice Recorder > 녹음 버튼 Tap 2. 일시 정지 버튼 Tap 3. 녹음 버튼 Tap,1. 녹음이 이어서 진행 된다,NAVIGATION_ONLY,EXCLUDE_CANDIDATE_UNREVIEWED,cue: 미디어 캡처 = 영속 mutation (구제 필터 통과 못함 — mutation 결과 서술 포함),cue_auto
30.Voice Recorder,33.0,녹음 저장,녹음 진행 중 정지 버튼 Tap,"1. 녹음 파일 저장 팝업 노출된다 1-1. ""녹음 파일 저장 중 "" 1-2. "" 녹음 파일이 저장되었습니다. "" 2. 파일명이 자동 생성 노출된다 (형식 명칭 : 음성_yymm_hhmmss.m4a) 3. 취소/확인 버튼 노출된다",NAVIGATION_ONLY,EXCLUDE_CANDIDATE_UNREVIEWED,cue: 미디어 캡처 = 영속 mutation; 저장 = mutation (구제 필터 통과 못함 — mutation 결과 서술 포함),cue_auto
30.Voice Recorder,34.0,녹음 저장 - 취소,1. 녹음 진행 중 정지 버튼 Tap 2. 취소 버튼 선택,1. 녹음파일 저장이 취소된다 2. 녹음파일 목록에 추가되지 않는다,NAVIGATION_ONLY,EXCLUDE_CANDIDATE_UNREVIEWED,cue: 미디어 캡처 = 영속 mutation; 저장 = mutation (구제 필터 통과 못함 — mutation 결과 서술 포함),cue_auto
30.Voice Recorder,35.0,녹음 저장 - 저장,1. 녹음 진행 중 정지 버튼 Tap 2. 저장 버튼 선택,1. 입력된 이름으로 해당 녹음파일 저장된다 2. 녹음파일 목록에 추가 된다 2-1. '녹음파일이 저장되었습니다. 1시간이상 녹음할 수 없습니다. ' 팝업창 노출,INPUT_REQUIRED,EXCLUDE_CANDIDATE_UNREVIEWED,cue: 미디어 캡처 = 영속 mutation; 저장 = mutation (구제 필터 통과 못함 — mutation 결과 서술 포함),cue_auto
30.Voice Recorder,36.0,녹음 저장 - 중복이름,[정지] 탭 > 이미 저장되어있는 음성녹음 파일과 동일한 이름으로 변경 >확인 버튼이 비활성화 되는지 확인,"1. 이름 인풋박스 하단에 안내 문구가 한글로 노출된다. "" 같은 이름의 파일이 이미 있습니다. "" 2. [확인] 버튼이 비활성화된다.",INPUT_REQUIRED,EXCLUDE_CANDIDATE_UNREVIEWED,cue: 미디어 캡처 = 영속 mutation; 저장 = mutation; 상태 토글 = mutation (구제 필터 통과 못함 — mutation 결과 서술 포함),cue_auto
30.Voice Recorder,37.0,녹음 저장 - 공백,1. 녹음 진행 중 정지 버튼 Tap 2. 저장 버튼 선택 3. 파일명 아무것도 입력하지 않고 확인 버튼 선택,"1. 녹음 저장 Input박스 하단에 안내 문구 노출된다. "" 파일명을 입력해 주세요. "" 2. [확인] 버튼이 비활성화된다.",INPUT_REQUIRED,EXCLUDE_CANDIDATE_UNREVIEWED,cue: 미디어 캡처 = 영속 mutation; 저장 = mutation; 상태 토글 = mutation (구제 필터 통과 못함 — mutation 결과 서술 포함),cue_auto
30.Voice Recorder,38.0,녹음 저장 - 최대 글자 수,"1. 녹음 진행 중 정지 버튼 Tap 2. 저장 버튼 선택 3. 파일명 최대 글자 수 초과하여 입력 - 한글, 영문, 숫자, 특수문자 포함하여 최대 40자 이상 입력","1. 녹음 저장 Input박스 하단에 안내 문구 노출된다. "" 더 이상 입력할 수 없습니다. "" 2. [확인] 버튼이 비활성화된다.",INPUT_REQUIRED,EXCLUDE_CANDIDATE_UNREVIEWED,cue: 미디어 캡처 = 영속 mutation; 저장 = mutation; 상태 토글 = mutation (구제 필터 통과 못함 — mutation 결과 서술 포함),cue_auto
30.Voice Recorder,39.0,녹음 저장 - 특수 문자,"1. 녹음 진행 중 정지 버튼 Tap 2. 저장 버튼 선택 3. 파일명에 특수 문자 입력( /, “, :, *, ? )","1. 녹음 저장 Input박스 하단에 안내 문구 노출된다. "" /, “, :, *, ? 는 입력할 수 없습니다. "" 2. [확인] 버튼이 비활성화된다.",INPUT_REQUIRED,EXCLUDE_CANDIDATE_UNREVIEWED,cue: 미디어 캡처 = 영속 mutation; 저장 = mutation; 상태 토글 = mutation (구제 필터 통과 못함 — mutation 결과 서술 포함),cue_auto
30.Voice Recorder,40.0,녹음 파일 이름 변경,1. 라디오 앱 Tap > 파일 목록 Tap > 녹음된 음성 파일 Tap > 이름변경 아이콘 Tap > 새로운 이름 Input > 확인 Tap,1. input 박스에 입력한 새로운 이름으로 파일 이름이 변경되며 토스트메세지가 노출된다. 1-1. ' 변경되었습니다. ',INPUT_REQUIRED,EXCLUDE_CANDIDATE_UNREVIEWED,cue: 미디어 캡처 = 영속 mutation; 변경 = mutation (구제 필터 통과 못함 — mutation 결과 서술 포함),cue_auto
30.Voice Recorder,41.0,녹음 파일 이름 변경,1. 라디오 앱 Tap > 파일 목록 Tap > 녹음된 음성 파일 Tap > 이름변경 아이콘 Tap > 새로운 이름 Input > 취소 Tap,"1. Input 박스에 입력한 새로운 이름이 아닌, 기존의 이름으로 여전히 파일 이름이 노출된다.",INPUT_REQUIRED,REVIEW_QUEUE,직독: fixture/editor·compose 진입/transient input/verifier 재설계/assert 분리 필요 (상세 분류는 재설계 트랙),human_confirmed
30.Voice Recorder,44.0,녹음 파일 재생,Voice Recorder > 녹음 파일 선택 > 재생,녹음 파일 0초부터 재생된다.,NAVIGATION_ONLY,EXCLUDE_CANDIDATE_UNREVIEWED,cue: 미디어 캡처 = 영속 mutation (구제 필터 통과 못함 — mutation 결과 서술 포함),cue_auto
30.Voice Recorder,45.0,녹음 파일 재생,Voice Recorder > 녹음 파일 선택 > 파일 재생바 랜덤 위치 선택 > 재생,재생바 선택한 위치의 시간부터 재생된다.,NAVIGATION_ONLY,EXCLUDE_CANDIDATE_UNREVIEWED,cue: 미디어 캡처 = 영속 mutation (구제 필터 통과 못함 — mutation 결과 서술 포함),cue_auto
30.Voice Recorder,46.0,녹음 파일 재생창,Voice Recorder > 녹음 파일 선택 > 파일 재생창 Drag down,녹음 파일 재생 창이 닫히고 뒤에있던 녹음 파일 목록 노출된다.,INPUT_REQUIRED,REVIEW_QUEUE,직독: fixture/editor·compose 진입/transient input/verifier 재설계/assert 분리 필요 (상세 분류는 재설계 트랙),human_confirmed
30.Voice Recorder,47.0,녹음 파일 편집 - UI,녹음 파일 목록 화면 진입 > 임의의 list 탭 > 화면 우하단의 [편집 아이콘] Tap >녹음 파일 편집 UI가 MMI 정의와 동일한지 확인,"음성/녹음 파일 선택 시, 출력되는 녹음 파일 편집 UI는 아래와 같습니다. ================================= [X] 녹음 파일 편집 저장 //저장 불가능 = 회색, 가능 = 파란색 {파일명}.{확장자명} YYYY-MM-DD HH:MM:SS //파일 생성 시각 [확대된 음파 그래프] [음파 그래프 시간] // 1초 단위로 구간이 표시됨 HH:MM:SS // 파일의 재생중인 구간 카운트 [선택 남김] ( ▷) [선택 삭제] [음파 그래프 편집 구간]",NAVIGATION_ONLY,REVIEW_QUEUE,표본검사: 편집 UI 노출 observe(저장 0) — fixture+editor 진입 no-save 설계,human_confirmed
30.Voice Recorder,48.0,녹음 파일 편집 - 재생,"1. ( ▷ )을 Tap > 음성녹음이 재생되는지 확인 2. ( ▷ )을 Tap > 재생 버튼 상단에 재생 카운트 값이 출력되는지 확인 3. ( ▷ )을 Tap > 현재 재생중인 구간이 보라색 선으로 표시되는지 확인(확대된 음파 그래프, 음파 그래프 편집 구간)",1. 선택한 음성녹음 파일의 현재 구간이 재생됩니다. 2. 파일 재생 카운트 값이 재생 버튼 상단에 출력됩니다. 3. 현재 재생 구간 표시선은 확대된 음파그래프와 음파 그래프 편집구간에 실시간으로 반영되고 보라색으로 아래와 같이 출력됩니다. ========= ▼ ㅣ ㅣ ㅣ ▲,NAVIGATION_ONLY,EXCLUDE_CANDIDATE_UNREVIEWED,cue: 미디어 캡처 = 영속 mutation (구제 필터 통과 못함 — mutation 결과 서술 포함),cue_auto
30.Voice Recorder,49.0,녹음 파일 편집 - 일시정지,"1. ( II )을 Tap > 음성녹음이 일시정지되는지 확인 2. ( II )을 Tap > 일시정지 버튼 상단에 재생 카운트 값이 출력되는지 확인 3. ( II )을 Tap > 현재 정지중인 구간이 보라색 선으로 표시되는지 확인(확대된 음파 그래프, 음파 그래프 편집 구간)",1. 선택한 음성녹음 파일의 재생이 멈춥니다. 2. 파일 재생 카운트 값이 일시정지 버튼 상단에 출력됩니다. 3. 현재 재생 구간 표시선은 확대된 음파그래프와 음파 그래프 편집구간에서 정지되고 보라색으로 아래와 같이 출력됩니다. ========= ▼ ㅣ ㅣ ㅣ ▲,NAVIGATION_ONLY,EXCLUDE_CANDIDATE_UNREVIEWED,cue: 미디어 캡처 = 영속 mutation (구제 필터 통과 못함 — mutation 결과 서술 포함),cue_auto
30.Voice Recorder,50.0,녹음 파일 편집 - 편집 구간 선택,1. 확대된 음파그래프에서 편집할 영역 설정이 가능한지 확인 2. 음파 그래프 편집 구간에서 편집할 영역 설정,1. 확대된 음파 그래프에서는 하늘색 실선(2개) 구간을 조정하여 편집할 영역 선택이 가능합니다. 2. 음파 그래프 편집구간에서 조정 UI를 사용하여 편집할 영역 선택이 가능합니다. ============== [< >] // 음파그래프 편집구간 조정 UI ● ● // 확대된 음파 그래프 조정 UI ㅣ ㅣ ㅣ ㅣ ㅣ ㅣ ● ● 3. 최소 편집구간 영역 선택은 2그리드여야한다. 2그리드 보다 좁아질 수 없음,NAVIGATION_ONLY,REVIEW_QUEUE,cue: pre fixture 전제,cue_auto
30.Voice Recorder,51.0,녹음 파일 편집 - 편집 구간 선택,"확대된 음파 그래프/ 음파 그래프 편집 구간에서 조정 UI 사용시, 좁은 구간으로 설정할 때 조정 UI가 서로 겹치지 않는지 확인",파란 막대 그래프 사이의 거리가 그리드 2칸 이내로 줄어들지 않음,NAVIGATION_ONLY,REVIEW_QUEUE,cue: pre fixture 전제,cue_auto
30.Voice Recorder,52.0,녹음 파일 편집 - 구간 편집 적용,1. (선택 남김)을 Tap > 선택한 구간만 남고 나머지 구간은 삭제되는지 확인 2. (선택 삭제)을 Tap > 선택한 구간삭제되고 나머지 구간이 자동으로 이어지는지 확인,"1. (선택 남김)을 Tap할 경우, 선택한 구간만 남습니다. 2. (선택 삭제)를 Tap할 경우, 선택한 구간만 삭제되고 나머지 구간이 자동으로 연결됩니다.",NAVIGATION_ONLY,EXCLUDE_CANDIDATE_UNREVIEWED,cue: 삭제 = mutation (구제 필터 통과 못함 — mutation 결과 서술 포함),cue_auto
30.Voice Recorder,53.0,녹음 파일 편집 - 구간 편집 불가,"1. 음파 그래프 편집 구간이 전체로 설정(녹음 파일 편집 화면 진입 디폴트값)된 경우, (선택 남김)과 (선택 삭제) 버튼이 비활성화 되었는지 확인","음파 그래프 편집 구간이 전체로 설정된 경우, (선택 남김)과 (선택 삭제) 버튼이 비활성화 처리됩니다.",INPUT_REQUIRED,EXCLUDE_CANDIDATE_UNREVIEWED,cue: 미디어 캡처 = 영속 mutation; 삭제 = mutation; 상태 토글 = mutation (구제 필터 통과 못함 — mutation 결과 서술 포함),cue_auto
30.Voice Recorder,54.0,녹음 파일 편집 - 저장 불가,녹음 파일 편집을 진행하지 않고 [저장]을 Tap 시도 > 저장이 불가능한지 확인,녹음 파일에 대한 편집 내역이 없을 경우 [저장]이 비활성 처리됩니다.,INPUT_REQUIRED,EXCLUDE_CANDIDATE_UNREVIEWED,cue: 미디어 캡처 = 영속 mutation; 저장 = mutation (구제 필터 통과 못함 — mutation 결과 서술 포함),cue_auto
30.Voice Recorder,55.0,녹음 파일 편집 - 저장 취소,1. 임의의 구간에 대해 선택 남김/선택 삭제 적용 > 녹음 파일 편집 화면 좌상단의 [X]를 터치 > 변경 내역이 저장되지 않는지 확인 2. 임의의 구간에 대해 선택 남김/선택 삭제 적용 > 화면 하단의 네비게이션 바를 상단으로 스와이프 > 음성 녹음 앱 종료 > 음성 녹음 앱 재진입 > 음성 파일 목록에서 해당 파일의 녹음 길이에 변경이 없는지 확인,"1. [X]를 터치하여 녹음 파일 편집 화면을 벗어날 경우(녹음 파일 목록 화면으로 회귀), 변경 내역이 저장되지 않습니다. 2. 녹음 파일 편집 중에 음성녹음 앱을 종료하여 재진입할 경우, 변경내역이 저장되지 않습니다.",INPUT_REQUIRED,EXCLUDE_CANDIDATE_UNREVIEWED,cue: 미디어 캡처 = 영속 mutation; 삭제 = mutation; 저장 = mutation (구제 필터 통과 못함 — mutation 결과 서술 포함),cue_auto
30.Voice Recorder,56.0,녹음 파일 편집 - 저장,임의의 구간에 대해 선택 남김/선택 삭제 적용 > 녹음 파일 편집 화면 우상단의 [저장]를 터치,"1. ""새 파일로 저장"", ""원본 파일 대체"" 항목 노출됨. 2. 녹음 파일 목록 화면 확인 시, 해당 녹음의 길이가 변경되어 출력됨. 3. 해당 녹음을 재생할 경우, 변경된 녹음의 길이와 같이 재생됨.",NAVIGATION_ONLY,EXCLUDE_CANDIDATE_UNREVIEWED,cue: 미디어 캡처 = 영속 mutation; 삭제 = mutation; 저장 = mutation (구제 필터 통과 못함 — mutation 결과 서술 포함),cue_auto
30.Voice Recorder,57.0,녹음 파일 편집 - 새 파일로 저장,남김/선택 삭제 적용 > 저장 > 새 파일로 저장,1. 녹음 파일명 변경 팝업 발생한다. 2. 파일명 변경전까지 [확인] 버튼 비활성화 되어있다. 3. 파일명 변경 후 [확인]시 녹음 파일 저장되고 토스트 노출된다. - 녹음 파일 저장 중 > 녹음 파일이 저장되었습니다.,INPUT_REQUIRED,EXCLUDE_CANDIDATE_UNREVIEWED,cue: 미디어 캡처 = 영속 mutation; 삭제 = mutation; 저장 = mutation (구제 필터 통과 못함 — mutation 결과 서술 포함),cue_auto
30.Voice Recorder,58.0,메뉴,1. 화면 상단 우측의 메뉴 버튼 Tap,하기 메뉴 노출된다 1. File Type 2. Storage Iocation,INPUT_REQUIRED,KEEP,직독: 관찰 전용 진입/노출 — mutation·input·외부효과 0,human_confirmed
30.Voice Recorder,59.0,메뉴 - File Type - AAC,1. 화면 상단 우측의 메뉴 버튼 Tap 2. File Type Tap 3. AAC 선택 후 녹음 진행 및 저장 확인,1. 녹음 파일이 m4a로 생성/저장된다 2. m4a녹음 파일 재생된다,INPUT_REQUIRED,EXCLUDE_CANDIDATE_UNREVIEWED,cue: 미디어 캡처 = 영속 mutation; 저장 = mutation (구제 필터 통과 못함 — mutation 결과 서술 포함),cue_auto
30.Voice Recorder,60.0,녹음 파일 list,1. Voice Recorder > 녹음 파일 목록 버튼 Tap,1. 저장된 음성 녹음 파일 목록이 표시된다. 2. 모든 녹음/ 음성녹음(default) / 통화녹음 파일/ 라디오녹음 파일 순으로 목록을 변경할 수 있다 3. 저장된 파일명 규칙은? 4. 파일 생성된 YYYY-MM-DD hh:mm:ss 표시된다 5. 녹음 시간이 표시된다,NAVIGATION_ONLY,REVIEW_QUEUE,직독: fixture/editor·compose 진입/transient input/verifier 재설계/assert 분리 필요 (상세 분류는 재설계 트랙),human_confirmed
30.Voice Recorder,61.0,녹음 list,1. Voice Recorder > 화면 우상단의 메뉴 버튼 Tap 2. 녹음 파일 목록 화면 좌상단의 [<-]을 Tap,1. 앱 메인 화면으로 전환된다,NAVIGATION_ONLY,KEEP,직독: 관찰 전용 진입/노출 — mutation·input·외부효과 0,human_confirmed
30.Voice Recorder,62.0,음성 녹음 list,1. Voice Recorder > 녹음 파일 목록 버튼 Tap 2. 음성 녹음 list 선택,1. 음성 녹음된 list가 노출 및 플레이 버튼을 누르면 재생됨. (자동 재생이 기획과 동일한지 추후 MMI UPdate되면 확인 필요),NAVIGATION_ONLY,REVIEW_QUEUE,직독: fixture/editor·compose 진입/transient input/verifier 재설계/assert 분리 필요 (상세 분류는 재설계 트랙),human_confirmed
30.Voice Recorder,63.0,음성 녹음 list,1. Voice Recorder > 녹음 파일 목록 버튼 Tap 2. 음성 녹음 list 선택,1. 저장된 녹음이 없습니다 노출된다,NAVIGATION_ONLY,KEEP,빈 목록 문구 observe — pre 녹음 없음(blocking) 암묵 → 명시 기록,human_confirmed
30.Voice Recorder,64.0,통화 녹음 list,1. Voice Recorder > 녹음 파일 목록 버튼 Tap 2. 통화 녹음 list 선택,1. 통화 녹음된 list가 노출된다,NAVIGATION_ONLY,REVIEW_QUEUE,직독: fixture/editor·compose 진입/transient input/verifier 재설계/assert 분리 필요 (상세 분류는 재설계 트랙),human_confirmed
30.Voice Recorder,65.0,통화 녹음 list,1. Voice Recorder > 녹음 파일 목록 버튼 Tap 2. 통화 녹음 list 선택,1. 목록이 없다는 문구 노출된다,NAVIGATION_ONLY,KEEP,빈 통화 녹음 목록 문구 observe — 동일,human_confirmed
30.Voice Recorder,66.0,녹음 파일 삭제 List,1. Voice Recorder > 녹음 파일 목록 버튼 선택 2. 녹음 파일 목록에서 임의의 목록을 Long Tap 한다,"1. 파일 생성 시각이 YYYY-MM-DD hh:mm:ss 로 표시된다 2. 녹음 시간이 mm:ss로 표시된다 3. [더보기] 버튼 선택 시 [전체 선택] , [전체 선택해제] list가 노출됩니다. 4. 녹음 파일 삭제 list UI는 아래와 같습니다. ================================= [x] {N}개 선택됨 [휴지통 아이콘] [더보기] ------------------------------------------------------ [체크박스] {녹음 파일명} {YYYY-MM-DD hh:mm:ss} {mm:ss}",INPUT_REQUIRED,REVIEW_QUEUE,직독: fixture/editor·compose 진입/transient input/verifier 재설계/assert 분리 필요 (상세 분류는 재설계 트랙),human_confirmed
30.Voice Recorder,67.0,녹음 파일 삭제,1. Voice Recorder > 녹음 파일 목록 버튼 선택 2. 녹음 파일 목록에서 임의의 목록을 Long Tap 한다 3. 선택된 녹음 파일 확인 후 [휴지통] Tap 후 삭제 팝업 출력 확인,"1. 선택된 녹음 파일이 삭제된다. 2. 하단에 토스트 발생한다. - ""삭제되었습니다.""",NAVIGATION_ONLY,EXCLUDE_CANDIDATE_UNREVIEWED,cue: 미디어 캡처 = 영속 mutation; 삭제 = mutation (구제 필터 통과 못함 — mutation 결과 서술 포함),cue_auto
30.Voice Recorder,68.0,녹음 파일 삭제 - 삭제,1. Voice Recorder > 녹음 파일 목록 버튼 선택 2. 녹음 파일 목록에서 임의의 목록을 Long Tap 한다 3. 선택된 녹음 파일 확인 후 삭제 버튼 Tap 한다 4. 팝업창에서 삭제 버튼 선택한다,1. 녹음 파일 목록창으로 이동되며 선택된 녹음 파일 삭제되어있다.,NAVIGATION_ONLY,EXCLUDE_CANDIDATE_UNREVIEWED,cue: 미디어 캡처 = 영속 mutation; 삭제 = mutation; 데이터 이동/복사 = mutation (구제 필터 통과 못함 — mutation 결과 서술 포함),cue_auto
30.Voice Recorder,69.0,녹음 파일 다중 삭제 하기,1. Voice Recorder > 녹음 파일 목록 버튼 선택 2. 녹음 파일 목록에서 임의의 목록을 Long Tap 한다 3. 선택된 녹음 파일 확인 및 그외 녹음 파일 체크 후 삭제 버튼 Tap 한다 4. 팝업창에서 삭제 버튼 선택한다,1. 녹음 파일 목록창으로 이동되며 선택된 녹음 파일 삭제되어있다.,INPUT_REQUIRED,EXCLUDE_CANDIDATE_UNREVIEWED,cue: 미디어 캡처 = 영속 mutation; 삭제 = mutation; 데이터 이동/복사 = mutation (구제 필터 통과 못함 — mutation 결과 서술 포함),cue_auto
30.Voice Recorder,70.0,녹음 파일 모두 삭제 하기,1. Voice Recorder > 녹음 파일 목록 버튼 선택 2. 녹음 파일 목록에서 임의의 목록을 Long Tap 한다 3. 선택된 녹음 파일 및 그외 녹음 파일을 모두 체크 후 삭제 버튼 Tap 한다 4. 팝업창에서 삭제 버튼 선택한다,"1. 선택된 모든 녹음 파일들이 삭제된다. 2. 하단에 토스트 발생한다. - ""삭제되었습니다.""",INPUT_REQUIRED,EXCLUDE_CANDIDATE_UNREVIEWED,cue: 미디어 캡처 = 영속 mutation; 삭제 = mutation (구제 필터 통과 못함 — mutation 결과 서술 포함),cue_auto
30.Voice Recorder,71.0,녹음 파일 삭제 - 취소,1. Voice Recorder > 녹음 파일 목록 버튼 선택 2. 녹음 파일 목록에서 임의의 목록을 Long Tap 한다 3. 선택된 녹음 파일 확인 후 삭제 버튼 Tap 한다 4. 팝업창에서 취소 버튼 선택한다,1. 녹음 파일 삭제가 취소된다 2. 녹음 파일 선택된 상태 화면 유지된다,NAVIGATION_ONLY,EXCLUDE_CANDIDATE_UNREVIEWED,cue: 미디어 캡처 = 영속 mutation; 삭제 = mutation (구제 필터 통과 못함 — mutation 결과 서술 포함),cue_auto
30.Voice Recorder,72.0,녹음 파일 - 공유,1. Voice Recorder > 녹음 파일 목록 버튼 선택 2. 녹음 파일 목록에서 임의의 목록을 Long Tap 한다 3. 선택된 녹음 파일 확인 및 그외 녹음 파일 체크 후 공유 버튼 Tap 한다. 4. 공유 화면 확인,1. 선택한 녹음 파일 공유 화면 확인,INPUT_REQUIRED,EXCLUDE_CANDIDATE_UNREVIEWED,cue: 미디어 캡처 = 영속 mutation; 공유 = 외부 효과 (구제 필터 통과 못함 — mutation 결과 서술 포함),cue_auto
30.Voice Recorder,73.0,녹음 파일 - 메뉴,1. Voice Recorder > 녹음 파일 목록 버튼 선택 2. 녹음 파일 목록에서 임의의 목록을 Tap 한다 3. 화면 하단 메뉴 버튼 Tap,하기 메뉴(아이콘) 노출된다 1. Edit 2. Share,NAVIGATION_ONLY,REVIEW_QUEUE,직독: fixture/editor·compose 진입/transient input/verifier 재설계/assert 분리 필요 (상세 분류는 재설계 트랙),human_confirmed
30.Voice Recorder,74.0,녹음 파일 - 메뉴 - Edit,1. Voice Recorder > 녹음 파일 목록 버튼 선택 2. 녹음 파일 목록에서 임의의 목록을 Tap 한다 3. 팝업 상단 좌측 파일명 수정 버튼 Tap,1. 파일명 수정 팝업창이 노출된다 2. 취소 / 저장 버튼이 노출된다 3. 화면 하단 Soft-key Pad 노출된다,NAVIGATION_ONLY,REVIEW_QUEUE,직독: fixture/editor·compose 진입/transient input/verifier 재설계/assert 분리 필요 (상세 분류는 재설계 트랙),human_confirmed
30.Voice Recorder,75.0,녹음 파일 - 메뉴 - Edit - 취소,1. Voice Recorder > 녹음 파일 목록 버튼 선택 2. 녹음 파일 목록에서 임의의 목록을 Tap 한다 3. 팝업 하단 좌측 파일명 수정 버튼 Tap 4. 취소 Tap,1. 팝업창 닫히고 이전 화면으로 전환된다,NAVIGATION_ONLY,REVIEW_QUEUE,직독: fixture/editor·compose 진입/transient input/verifier 재설계/assert 분리 필요 (상세 분류는 재설계 트랙),human_confirmed
30.Voice Recorder,76.0,녹음 파일 - 메뉴 - Edit - 한글 저장,1. Voice Recorder > 녹음 파일 목록 버튼 선택 2. 녹음 파일 목록에서 임의의 목록을 Tap 한다 3. 하단 좌측 파일명 수정 버튼 Tap 4. 이름 한글로 변경 후 확인 버튼 Tap,1. 변경된 한글 파일명으로 저장된다 2. 이전 목록화면으로 전환된다,NAVIGATION_ONLY,EXCLUDE_CANDIDATE_UNREVIEWED,cue: 미디어 캡처 = 영속 mutation; 저장 = mutation; 변경 = mutation (구제 필터 통과 못함 — mutation 결과 서술 포함),cue_auto
30.Voice Recorder,77.0,녹음 파일 - 메뉴 - Edit - 영문 저장,1. Voice Recorder > 녹음 파일 목록 버튼 선택 2. 녹음 파일 목록에서 임의의 목록을 Long Tap 한다 3. 하단 좌측 파일명 수정 버튼 Tap 4. 이름 영어로 변경 후 확인 버튼 Tap,1. 변경된 영문 파일명으로 저장된다 2. 이전 목록화면으로 전환된다,NAVIGATION_ONLY,EXCLUDE_CANDIDATE_UNREVIEWED,cue: 미디어 캡처 = 영속 mutation; 저장 = mutation; 변경 = mutation (구제 필터 통과 못함 — mutation 결과 서술 포함),cue_auto
30.Voice Recorder,78.0,녹음 파일 - 메뉴 - Edit - 숫자 저장,1. Voice Recorder > 녹음 파일 목록 버튼 선택 2. 녹음 파일 목록에서 임의의 목록을 Long Tap 한다 3. 하단 좌측 파일명 수정 버튼 Tap 4. 이름 숫자로 변경 후 확인 버튼 Tap,1. 변경된 숫자 파일명으로 저장된다 2. 이전 목록화면으로 전환된다,NAVIGATION_ONLY,EXCLUDE_CANDIDATE_UNREVIEWED,cue: 미디어 캡처 = 영속 mutation; 저장 = mutation; 변경 = mutation (구제 필터 통과 못함 — mutation 결과 서술 포함),cue_auto
30.Voice Recorder,79.0,녹음 파일 - 메뉴 - Edit - 기호 저장,1. Voice Recorder > 녹음 파일 목록 버튼 선택 2. 녹음 파일 목록에서 임의의 목록을 Long Tap 한다 3. 하단 좌측 파일명 수정 버튼 Tap 4. 이름 기호로 변경 후 확인 버튼 Tap,1. 변경된 기호 파일명으로 저장된다 2. 이전 목록화면으로 전환된다,NAVIGATION_ONLY,EXCLUDE_CANDIDATE_UNREVIEWED,cue: 미디어 캡처 = 영속 mutation; 저장 = mutation; 변경 = mutation (구제 필터 통과 못함 — mutation 결과 서술 포함),cue_auto
28.Camera,1.0,카메라,1. 카메라 2. 카메라 > 사진 촬영,1. 좌측 하단 썸네일이 노출되지 않는다. 2. 사진 촬영 후 좌측 하단에 썸네일 노출된다.,READ_ONLY,EXCLUDE_CANDIDATE_UNREVIEWED,cue: 미디어 캡처 = 영속 mutation (구제 필터 통과 못함 — mutation 결과 서술 포함),cue_auto
28.Camera,2.0,카메라,카메라> 하단 인물 사진 모드,"1. 카메라앱 실행 시 Default는 사진 모드 2. 상단: 플래시 / 타이머 / 메뉴 얼굴을 인식 시켜 주세요. (토스트 팝업 노출) / 강도 1-10 촬영 버튼 / 사진 갤러리 / 인물 사진, 사진 / 카메라 전환",NAVIGATION_ONLY,KEEP,인물 모드 진입 구성 observe — transient,human_confirmed
28.Camera,3.0,카메라 설정,카메라 > 설정,설정 메뉴 : 사진크기 / 동영상 화질 / 동영상 마이크 / 화면 깜빡임 방지 기능 / 셀카 보이는대로 저장 / 위치저장이 보여져야 함,NAVIGATION_ONLY,EXCLUDE_CANDIDATE_UNREVIEWED,cue: 저장 = mutation (구제 필터 통과 못함 — mutation 결과 서술 포함),cue_auto
28.Camera,5.0,카메라 메뉴,카메라 > 메뉴 탭,"상단: 화면 비율 / 설정 / 메뉴 닫기 촬영 버튼 / 사진 갤러리 / 인물 사진, 사진 / 카메라 전환",NAVIGATION_ONLY,EXCLUDE_CANDIDATE_UNREVIEWED,cue: 미디어 캡처 = 영속 mutation (구제 필터 통과 못함 — mutation 결과 서술 포함),cue_auto
28.Camera,6.0,카메라 모드 전환,1. 카메라 > 사진 모드> 동영상 모드 > 슬로모션 모드 전환 2. 슬로모션 모드 > 동영상 모드 > 사진 모드 > 인물사진 모드 전환 3. 인물 사진 모드 > 슬로모션 모드 4. 슬로모션 모드 > 인물사진 모드 전환,카메라의 각 모드 전환에 문제가 없음,INPUT_REQUIRED,KEEP,모드 전환 transient(설정유지 default Off) — 모드 라벨 observe,human_confirmed
28.Camera,8.0,카메라 설정,카메라 > 설정 > 위치 저장 Toggle ON / OFF,위치 저장 On/off가 가능하며 옵션에 따라 위치 저장 설정이 변경된다.,INPUT_REQUIRED,EXCLUDE_CANDIDATE_UNREVIEWED,cue: 저장 = mutation; 변경 = mutation (구제 필터 통과 못함 — mutation 결과 서술 포함),cue_auto
28.Camera,10.0,카메라 촬영 비율,1. 카메라 > 메뉴 > 촬영 비율 > (여러 번) 탭,16:9/ 4:3/ 4:3(50MP)/ 1:1/ 16:9/ Full 순서로 루프하며 선택한 변경사항이 적용됨,NAVIGATION_ONLY,EXCLUDE_CANDIDATE_UNREVIEWED,cue: 미디어 캡처 = 영속 mutation; 변경 = mutation (구제 필터 통과 못함 — mutation 결과 서술 포함),cue_auto
28.Camera,11.0,뷰티 모드,카메라 > 메뉴 > 뷰티모드 > 켜짐,"뷰티 기능 메뉴가 열림 (기본값으로 피부 부드럽게가 선택되고, 하단에 효과 강도를 1-10까지조절할 수 있는 막대바 표시)",INPUT_REQUIRED,EXCLUDE,직독: mutation·외부효과·환경제어가 검증 주제 — observe 분리 불가,human_confirmed
28.Camera,13.0,뷰티 모드 - 턱 갸름하게,카메라 > 메뉴 > 뷰티모드 > 턱 갸름하게 탭,"뷰티 기능 메뉴에서 턱 갸름하게가 활성화되고, 하단에 효과 강도를 1-10까지조절할 수 있는 막대바 표시",INPUT_REQUIRED,EXCLUDE_CANDIDATE_UNREVIEWED,cue: 상태 토글 = mutation (구제 필터 통과 못함 — mutation 결과 서술 포함),cue_auto
28.Camera,14.0,뷰티 모드 - 눈 크게,카메라 > 메뉴 > 뷰티모드 > 눈 크게 탭,"뷰티 기능 메뉴에서 눈 크게가 활성화되고, 하단에 효과 강도를 1-10까지조절할 수 있는 막대바 표시",INPUT_REQUIRED,EXCLUDE_CANDIDATE_UNREVIEWED,cue: 상태 토글 = mutation (구제 필터 통과 못함 — mutation 결과 서술 포함),cue_auto
28.Camera,15.0,뷰티 모드 설정 유지,1. 카메라 > 메뉴 > 뷰티모드 > 뷰티모드 각 기능마다 임의의 값 설정 2. 카메라 앱 종료 > 카메라 > 메뉴 > 뷰티모드 > 뷰티모드 기능 설정 값 확인 3. 기기 재시작 > 카메라 > 메뉴 > 뷰티모드 > 뷰티모드 기능 설정 값 확인,카메라 앱을 종료하거나 기기를 재시작 해도 기존에 설정한 뷰티모드 기능의 값이 유지됨,READ_ONLY,EXCLUDE,직독: mutation·외부효과·환경제어가 검증 주제 — observe 분리 불가,human_confirmed
28.Camera,16.0,뷰티 모드 메뉴 숨김,1. 카메라 > 메뉴 > 뷰티모드 > 켜짐 > 뷰티모드 터치,뷰티 기능 메뉴와 하단의 막대바 사라짐,READ_ONLY,EXCLUDE,직독: mutation·외부효과·환경제어가 검증 주제 — observe 분리 불가,human_confirmed
28.Camera,17.0,인물사진 모드,1. 카메라 > 인물사진 모드 > 피사체의 얼굴이 사각형 프레임 안에 있지 않음 2. 카메라 > 인물사진 모드 > 피사체의 얼굴이 사각형 프레임 안에 너무 가까이 있음 3. 카메라 > 인물사진 모드 > 피사체의 얼굴이 사각형 프레임 안에 있음,1. '얼굴을 인식 시켜 주세요.' 토스트 출력 2. '뒤로 조금 물러서 주세요.' 토스트 출력 3. 사각형 프레임이 노란색으로 바뀌며 '준비 되었습니다.' 토스트 출력 (노란색),READ_ONLY,EXCLUDE,직독: mutation·외부효과·환경제어가 검증 주제 — observe 분리 불가,human_confirmed
28.Camera,18.0,인물사진 모드,1. 카메라 > 인물사진 모드 > 4:3 2. 카메라 > 인물사진 모드 > 1:1 3. 카메라 > 인물사진 모드 > 16:9 4. 카메라 > 인물사진 모드 > Full,1. 화면비가 4:3으로 적용 (기본값) 2. 화면비가 1:1로 적용 3. 화면비가 16:9로 적용 4. 화면비가 Full 적용,READ_ONLY,EXCLUDE,직독: mutation·외부효과·환경제어가 검증 주제 — observe 분리 불가,human_confirmed
28.Camera,23.0,사진 미리보기,카메라 > 미리보기 이미지 선택,미리보기 이미지가 확대되어 보임,NAVIGATION_ONLY,REVIEW_QUEUE,직독: fixture/editor·compose 진입/transient input/verifier 재설계/assert 분리 필요 (상세 분류는 재설계 트랙),human_confirmed
28.Camera,24.0,카메라 촬영,후면 카메라 상태에서 촬영 버튼(하얀색 동그라미) 탭,"사진이 촬영되고, 사진이 미리보기에 보여짐",NAVIGATION_ONLY,EXCLUDE_CANDIDATE_UNREVIEWED,cue: 미디어 캡처 = 영속 mutation (구제 필터 통과 못함 — mutation 결과 서술 포함),cue_auto
28.Camera,25.0,후면 카메라 - 가로모드,카메라 > 휴대폰 가로로 들어올림,"1. 카메라 상단 메뉴, 썸네일, 화면 전환 버튼 아이콘이 방향에 맞게 회전한다. 2. 동영상 촬영시 촬영 시간이 방향에 맞게 회전한다.",NAVIGATION_ONLY,EXCLUDE_CANDIDATE_UNREVIEWED,cue: 미디어 캡처 = 영속 mutation (구제 필터 통과 못함 — mutation 결과 서술 포함),cue_auto
28.Camera,26.0,전면 - 후면 카메라 전환,1. 후면 카메라 상태에서(기본값) 카메라 전환버튼 선택 2. 전면 카메라 상태에서 카메라 전환버튼 선택,1. 전면 카메라로 전환됨 2. 후면 카메라로 전환됨,NAVIGATION_ONLY,REVIEW_QUEUE,직독: fixture/editor·compose 진입/transient input/verifier 재설계/assert 분리 필요 (상세 분류는 재설계 트랙),human_confirmed
28.Camera,27.0,전면 카메라,카메라 > 카메라 전환 > 카메라 UI 표시 확인,"상단: 설정 / 타이머 촬영 버튼 / 사진 preview / 사진, 동영상 / 카메라 전환",NAVIGATION_ONLY,EXCLUDE_CANDIDATE_UNREVIEWED,cue: 미디어 캡처 = 영속 mutation (구제 필터 통과 못함 — mutation 결과 서술 포함),cue_auto
28.Camera,28.0,플래시 OFF - 사진 촬영,1. 카메라 > 플래시 OFF 2. 어두운곳 사진 촬영 3. 밝은곳 사진 촬영,플래시 OFF 아이콘이 표시된다. 1. 플래시가 동작하지 않는다. 2. 플래시가 동작하지 않는다.,READ_ONLY,EXCLUDE_CANDIDATE_UNREVIEWED,cue: 미디어 캡처 = 영속 mutation (구제 필터 통과 못함 — mutation 결과 서술 포함),cue_auto
28.Camera,29.0,플래시 Auto - 사진 촬영,1. 카메라 > 플래시 Auto 2. 어두운곳 사진 촬영 3. 밝은곳 사진 촬영,1. 플래시 Auto 아이콘이 표시된다. 2. 플래시가 동작한다. 3. 플래시가 동작하지 않는다.,READ_ONLY,EXCLUDE_CANDIDATE_UNREVIEWED,cue: 미디어 캡처 = 영속 mutation (구제 필터 통과 못함 — mutation 결과 서술 포함),cue_auto
28.Camera,30.0,플래시 ON - 사진 촬영,1. 카메라 > 플래시 아이콘 ON 2. 어두운곳 사진 촬영 3. 밝은곳 사진 촬영,1. 플래시 ON 아이콘이 표시됨 2. 촬영 시 플래시가 동작한다. 3. 촬영 시 플래시가 동작한다.,READ_ONLY,EXCLUDE_CANDIDATE_UNREVIEWED,cue: 미디어 캡처 = 영속 mutation (구제 필터 통과 못함 — mutation 결과 서술 포함),cue_auto
28.Camera,31.0,촬영 타이머,1. 카메라 > 타이머 off 설정 > 촬영 2. 카메라 > 타이머 3초 설정 > 촬영 3. 카메라 > 타이머 5초 설정 > 촬영 4. 카메라 > 타이머 10초 설정 > 촬영,1. 타이머 없이 사진 촬영 2. 화면에 설정한 타이머가 오른쪽 상단에 표시되며 카운트다운 후(3초) 사진 촬영 3. 화면에 설정한 타이머가 오른쪽 상단에 표시되며 카운트다운 후(5초) 사진 촬영 4. 화면에 설정한 타이머가 오른쪽 상단에 표시되며 카운트다운 후(10초) 사진 촬영,READ_ONLY,EXCLUDE_CANDIDATE_UNREVIEWED,cue: 미디어 캡처 = 영속 mutation (구제 필터 통과 못함 — mutation 결과 서술 포함),cue_auto
28.Camera,35.0,빠른 동영상 촬영,1. 카메라 > 촬영 버튼 길게 누르기 2. 길게 눌렀던 버튼을 떼기,1. 빠른 동영상 촬영이 시작됨 2. 빠른 동영상 촬영이 중지됨,NAVIGATION_ONLY,EXCLUDE_CANDIDATE_UNREVIEWED,cue: 미디어 캡처 = 영속 mutation (구제 필터 통과 못함 — mutation 결과 서술 포함),cue_auto
28.Camera,36.0,빠른 동영상 촬영,1. 카메라 > 촬영 버튼 길게 누르기 > 오른쪽 잠금 아이콘 쪽으로 스와이프 후 손가락 뗌 2. 녹화 버튼 / 화면 캡쳐 버튼 탭,"1. 동영상 촬영이 계속되며 녹화 버튼과 화면 캡쳐 버튼 표시 2. 녹화 버튼을 탭하면 촬영이 중지되고, 캡쳐 버튼을 누르면 녹화 중인 화면이 캡쳐됨",NAVIGATION_ONLY,EXCLUDE_CANDIDATE_UNREVIEWED,cue: 미디어 캡처 = 영속 mutation (구제 필터 통과 못함 — mutation 결과 서술 포함),cue_auto
28.Camera,37.0,빠른 동영상 촬영 - Long Tab,1. 카메라 > 촬영 버튼 길게 누르기 > 오른쪽 잠금 아이콘 쪽으로 스와이프 후 손가락 뗌 2. 카메라 아이콘 Long Tab,동영상 촬영중에는 연속촬영이 지원되지 않습니다' 토스트 출력됨,NAVIGATION_ONLY,EXCLUDE_CANDIDATE_UNREVIEWED,cue: 미디어 캡처 = 영속 mutation (구제 필터 통과 못함 — mutation 결과 서술 포함),cue_auto
28.Camera,38.0,동영상 화면,카메라 > 동영상,상단: 설정 / 플래쉬 하단: 갤러리 / 빨간 녹화버튼 / 화면 배율 / 카메라 전환,NAVIGATION_ONLY,KEEP,표본검사 직독: 동영상 탭 화면 구성 observe — 녹화버튼 라벨 cue 오발 (촬영 0),human_confirmed
28.Camera,39.0,동영상 화면,카메라 > 화질 설정 버튼 > 고화질 / 일반 화질 / VGA / CIF,동영상 화질이 설정한 옵션에 따라 촬영되어야 함,NAVIGATION_ONLY,EXCLUDE_CANDIDATE_UNREVIEWED,cue: 미디어 캡처 = 영속 mutation (구제 필터 통과 못함 — mutation 결과 서술 포함),cue_auto
28.Camera,40.0,동영상 메뉴 설정 변경,1. 동영상 > 마이크 2. 동영상 > 피부 부드럽게 3. 동영상 > 메뉴 > 동영상 화질,"1. 마이크 On/ 마이크 Off 2.. 1부터 10까지 조절 가능 3. 동영상 화질: FHD 30 / HD 30 각각 선택 가능하고, 선택하면 적용된 내용이 화면에 표시",READ_ONLY,EXCLUDE,직독: mutation·외부효과·환경제어가 검증 주제 — observe 분리 불가,human_confirmed
28.Camera,41.0,플래시 Auto - 동영상 촬영,1. 카메라 > 플래시 Auto 2. 어두운곳 동영상 촬영 3. 밝은곳 동영상 촬영,1. 플래시 Auto 아이콘이 표시된다. 2. 플래시가 동작한다. 3. 플래시가 동작하지 않는다.,READ_ONLY,EXCLUDE_CANDIDATE_UNREVIEWED,cue: 미디어 캡처 = 영속 mutation (구제 필터 통과 못함 — mutation 결과 서술 포함),cue_auto
28.Camera,42.0,동영상 촬영 시 소리 녹음,1. 동영상 > 마이크 On > 동영상 촬영 > 정지 후 저장된 영상 확인 2. 동영상 > 마이크 Off > 동영상 촬영 > 정지 후 저장된 영상 확인,1. 영상과 소리가 녹화됨 2. 소리없이 영상만 녹화됨,READ_ONLY,EXCLUDE_CANDIDATE_UNREVIEWED,cue: 미디어 캡처 = 영속 mutation; 저장 = mutation (구제 필터 통과 못함 — mutation 결과 서술 포함),cue_auto
28.Camera,43.0,설정 - 동영상 크기,카메라 > 동영상 > 메뉴 > 영상 크기,"HD 30 / FHD 30 영상 크기 선택이 가능하고, 촬영 시 선택한 영상 크기가 적용됨",READ_ONLY,EXCLUDE_CANDIDATE_UNREVIEWED,cue: 미디어 캡처 = 영속 mutation (구제 필터 통과 못함 — mutation 결과 서술 포함),cue_auto
28.Camera,44.0,동영상 화면,카메라 > 동영상 >동영상 메뉴 UI 표시 확인,1. 상단: 플래시/ 마이크/ 피부 부드럽게/ 메뉴 2. 하단: 미리보기/ 사진/동영상/ 슬로모션/ 카메라 전환 3. 녹화버튼(빨간색),NAVIGATION_ONLY,EXCLUDE_CANDIDATE_UNREVIEWED,cue: 미디어 캡처 = 영속 mutation (구제 필터 통과 못함 — mutation 결과 서술 포함),cue_auto
28.Camera,45.0,슬로우 모션 촬영,카메라 > 슬로우모션 > 촬영,슬로우모션 모드의 촬영이 시작되며 상단에 촬영 시간이 표시됨,NAVIGATION_ONLY,EXCLUDE_CANDIDATE_UNREVIEWED,cue: 미디어 캡처 = 영속 mutation (구제 필터 통과 못함 — mutation 결과 서술 포함),cue_auto
28.Camera,46.0,슬로우 모션 - 설정,카메라 > 슬로우모션 > 메뉴 선택,"설정 아이콘 표시되며, 선택 시 카메라 설정 화면으로 이동",NAVIGATION_ONLY,EXCLUDE_CANDIDATE_UNREVIEWED,cue: 데이터 이동/복사 = mutation (구제 필터 통과 못함 — mutation 결과 서술 포함),cue_auto
28.Camera,49.0,후면 카메라 - 가로모드,카메라 > 휴대폰 가로로 들어올림,"1. 카메라 상단 메뉴, 썸네일, 화면 전환 버튼 아이콘이 방향에 맞게 회전한다. 2. 동영상 촬영시 촬영 시간이 방향에 맞게 회전한다.",NAVIGATION_ONLY,EXCLUDE_CANDIDATE_UNREVIEWED,cue: 미디어 캡처 = 영속 mutation (구제 필터 통과 못함 — mutation 결과 서술 포함),cue_auto
28.Camera,50.0,동영상 화면,카메라 > 동영상,상단: 설정 하단: 갤러리 / 빨간 녹화버튼 / 카메라 전환,NAVIGATION_ONLY,EXCLUDE_CANDIDATE_UNREVIEWED,cue: 미디어 캡처 = 영속 mutation (구제 필터 통과 못함 — mutation 결과 서술 포함),cue_auto
28.Camera,51.0,동영상 화면,카메라 > 화질 설정 버튼 > 일반 화질 / VGA / CIF / QVGA 선택,동영상 화질이 설정한 옵션에 따라 촬영되어야 함,NAVIGATION_ONLY,EXCLUDE_CANDIDATE_UNREVIEWED,cue: 미디어 캡처 = 영속 mutation (구제 필터 통과 못함 — mutation 결과 서술 포함),cue_auto
28.Camera,52.0,카메라 설정,카메라 > 메뉴 > 카메라 설정,QR 코드 스캔 On/Off 수직 / 수평 안내선 On/Off 위치 태그 On/Off 화면 깜박거림 방지 촬영버튼 설정 카메라 설정 유지 On/Off 연속 촬영 On/Off 셀카 보이는대로 저장 On/Off,NAVIGATION_ONLY,EXCLUDE_CANDIDATE_UNREVIEWED,cue: 미디어 캡처 = 영속 mutation; 저장 = mutation; 상태 토글 = mutation (구제 필터 통과 못함 — mutation 결과 서술 포함),cue_auto
28.Camera,53.0,카메라 설정 - QR 코드 스캔 On,1. 카메라 > 메뉴 > 카메라 설정 > QR 코드 스캔 On 1. 카메라 > 메뉴 > 카메라 설정 > QR 코드 스캔 Off,1. 사진 모드 상단에 QR 코드 스캔 버튼이 표시됨 2. 사진 모드 상단에 QR코드 스캔 버튼 미표시됨,NAVIGATION_ONLY,EXCLUDE,직독: mutation·외부효과·환경제어가 검증 주제 — observe 분리 불가,human_confirmed
28.Camera,54.0,QR 코드 스캔,1. Wi-Fi 네트워크 QR 코드 스캔 2. 사진 모드 상단에 QR 코드 스캔 아이콘 탭 >Wi-Fi 네트워크 QR 코드 스캔,"1. 연결 팝업이 발생하고, 다음으로 이동을 누르면 네트워크에 연결되고, 취소 버튼을 누르면 연결되지 않음 2. QR 코드 스캔 잠금 기능이 활성화되며, QR 코드 인식 안 됨",NAVIGATION_ONLY,EXCLUDE_CANDIDATE_UNREVIEWED,cue: 상태 토글 = mutation; 데이터 이동/복사 = mutation (구제 필터 통과 못함 — mutation 결과 서술 포함),cue_auto
28.Camera,55.0,카메라 설정 - 수직 / 수평 안내선,1. 카메라 > 메뉴 > 카메라 설정 > 수직 / 수평 안내선 On 2. 카메라 > 메뉴 > 카메라 설정 > 수직 / 수평 안내선 Off,1. 수직/수평 안내선이 인물사진/사진/동영상/슬로 모션 프리뷰 화면에 표시됨 2. 수직/수평 안내선이 인물사진/사진/동영상/슬로 모션 프리뷰 화면에 표시되지 않음,NAVIGATION_ONLY,EXCLUDE,직독: mutation·외부효과·환경제어가 검증 주제 — observe 분리 불가,human_confirmed
28.Camera,59.0,카메라 설정 - 화면 깜빡거림 방지,카메라 > 메뉴 > 카메라 설정 > 화면 깜빡거림 방지,"자동(기본값) / 꺼짐 / 50Hz / 60Hz 각각 선택 가능하고, 선택한 사항이 적용됨",NAVIGATION_ONLY,EXCLUDE,직독: mutation·외부효과·환경제어가 검증 주제 — observe 분리 불가,human_confirmed
28.Camera,60.0,카메라 설정 - 촬영버튼 설정,1. 카메라 > 메뉴 > 카메라 설정 > 촬영버튼 설정 > 음량 버튼 누르기,"1. 사진 및 동영상 촬영 화면 확대/축소 시스템 음량 조절 각각 선택이 가능하고, 선택한 사항이 카메라 앱에서 음량 버튼 누르기 동작으로 적용됨",NAVIGATION_ONLY,EXCLUDE_CANDIDATE_UNREVIEWED,cue: 미디어 캡처 = 영속 mutation (구제 필터 통과 못함 — mutation 결과 서술 포함),cue_auto
28.Camera,69.0,카메라 - Pinch In (축소),카메라 > 프리뷰 화면 > Pinch In,프리뷰 화면이 축소되어 광각 효과가 적용된다. (최소 1.0x 배율),READ_ONLY,REVIEW_QUEUE,직독: fixture/editor·compose 진입/transient input/verifier 재설계/assert 분리 필요 (상세 분류는 재설계 트랙),human_confirmed
28.Camera,70.0,동영상 정보확인,카메라 > 동영상 촬영 > 좌측하단 미리보기 > 더보기 > 정보 > 세부정보,"촬영한 동영상의 파일경로, 날짜, 동영상 제목, 화질 및 해상도, 파일크기 등 세부정보가 표시됨",READ_ONLY,EXCLUDE_CANDIDATE_UNREVIEWED,cue: 미디어 캡처 = 영속 mutation (구제 필터 통과 못함 — mutation 결과 서술 포함),cue_auto
28.Camera,71.0,동영상 촬영,카메라 > 동영상 녹화하기 > 촬영완료,촬영한 동영상 정상적으로 저장되었는지 확인한다.,READ_ONLY,EXCLUDE_CANDIDATE_UNREVIEWED,cue: 미디어 캡처 = 영속 mutation; 저장 = mutation (구제 필터 통과 못함 — mutation 결과 서술 포함),cue_auto
28.Camera,72.0,동영상 - 설정 - 마이크 ON,카메라 > 설정 아이콘 > 마이크 토글 ON > 동영상 촬영,동영상이 촬영되고 저장된 동영상에 마이크 사운드가 녹음된다.,READ_ONLY,EXCLUDE_CANDIDATE_UNREVIEWED,cue: 미디어 캡처 = 영속 mutation; 저장 = mutation; 상태 토글 = mutation (구제 필터 통과 못함 — mutation 결과 서술 포함),cue_auto
28.Camera,73.0,동영상 - 설정 - 마이크 OFF,카메라 > 설정 아이콘 > 마이크 토글 OFF > 동영상 촬영,동영상이 촬영되고 저장된 동영상에 마이크 사운드가 녹음되지 않는다.,NAVIGATION_ONLY,EXCLUDE_CANDIDATE_UNREVIEWED,cue: 미디어 캡처 = 영속 mutation; 저장 = mutation; 상태 토글 = mutation (구제 필터 통과 못함 — mutation 결과 서술 포함),cue_auto
28.Camera,74.0,설정 - 떨림 방지 기능,카메라 > 설정 아이콘 > 떨림 방지 기능 > 사진/동영상 촬영,"화면 깜박 거림 방지 기능 설정 값은 자동, 꺼짐, 50Hz, 60Hz가 있고, 설정 값에 따라 사진 및 동영상이 촬영된다. (Default: 자동)",READ_ONLY,EXCLUDE_CANDIDATE_UNREVIEWED,cue: 미디어 캡처 = 영속 mutation (구제 필터 통과 못함 — mutation 결과 서술 포함),cue_auto
28.Camera,75.0,동영상 미리보기 - 이전키,카메라 > 동영상 녹화하기 > 이전키,카메라 프리뷰화면으로 이동되는지 확인한다.,NAVIGATION_ONLY,EXCLUDE_CANDIDATE_UNREVIEWED,cue: 미디어 캡처 = 영속 mutation; 데이터 이동/복사 = mutation (구제 필터 통과 못함 — mutation 결과 서술 포함),cue_auto
28.Camera,77.0,동영상 미리보기 - 삭제,카메라 > 동영상 녹화하기 > 촬영완료 > 촬영한 동영상 탭 > 삭제,정상적으로 삭제되어야 한다.,NAVIGATION_ONLY,EXCLUDE_CANDIDATE_UNREVIEWED,cue: 미디어 캡처 = 영속 mutation; 삭제 = mutation (구제 필터 통과 못함 — mutation 결과 서술 포함),cue_auto
28.Camera,78.0,플래시 OFF - 사진 촬영,1. 카메라 > 플래시 OFF 2. 어두운곳 사진 촬영 3. 밝은곳 사진 촬영,플래시 OFF 아이콘이 표시된다. 1. 플래시가 동작하지 않는다. 2. 플래시가 동작하지 않는다.,NAVIGATION_ONLY,EXCLUDE_CANDIDATE_UNREVIEWED,cue: 미디어 캡처 = 영속 mutation (구제 필터 통과 못함 — mutation 결과 서술 포함),cue_auto
28.Camera,79.0,동영상 촬영 - 메시지,메시지 > 파일 첨부 > 동영상 촬영,1. 카메라 앱에 진입되며 동영상 탭에 이동되어있다. 2. 동영상 촬영시 상단 촬영시간 하단에 실시간 동영상 파일 크기 노출된다.,NAVIGATION_ONLY,EXCLUDE_CANDIDATE_UNREVIEWED,cue: 미디어 캡처 = 영속 mutation; 데이터 이동/복사 = mutation (구제 필터 통과 못함 — mutation 결과 서술 포함),cue_auto
28.Camera,89.0,카메라 - 알람,카메라 > 알람이 동작함,알람음 발생하고 상단에 인디케이터바 알람 확인,READ_ONLY,EXCLUDE,직독: mutation·외부효과·환경제어가 검증 주제 — observe 분리 불가,human_confirmed
28.Camera,90.0,카메라 - 캘린더 알림,카메라 > 캘린더 알림 발생,캘린더 알림음 발생하고 상단에 인디케이터바 캘린더 알림 확인,READ_ONLY,EXCLUDE,직독: mutation·외부효과·환경제어가 검증 주제 — observe 분리 불가,human_confirmed
28.Camera,95.0,전면 카메라/사진 - Home 버튼,전면 카메라 > 사진 > Home으로 나가기 > 카메라 실행,전면 카메라 사진 프리뷰 화면,NAVIGATION_ONLY,REVIEW_QUEUE,직독: fixture/editor·compose 진입/transient input/verifier 재설계/assert 분리 필요 (상세 분류는 재설계 트랙),human_confirmed
28.Camera,96.0,전면 카메라/동영상 - Home 버튼,전면 카메라 > 동영상 > Home으로 나가기 > 카메라 실행,전면 카메라 동영상 프리뷰 화면,NAVIGATION_ONLY,REVIEW_QUEUE,직독: fixture/editor·compose 진입/transient input/verifier 재설계/assert 분리 필요 (상세 분류는 재설계 트랙),human_confirmed
28.Camera,97.0,후면 카메라/사진 - Home 버튼,후면 카메라 > 사진 > Home으로 나가기 > 카메라 실행,후면 카메라 사진 프리뷰 화면,NAVIGATION_ONLY,KEEP,후면/사진 default + Home 재진입 — 모드 라벨+foreground verifier,human_confirmed
28.Camera,98.0,후면 카메라/동영상 - Home 버튼,후면 카메라 > 동영상 > Home으로 나가기 > 카메라 실행,후면 카메라 동영상 프리뷰 화면,NAVIGATION_ONLY,REVIEW_QUEUE,직독: fixture/editor·compose 진입/transient input/verifier 재설계/assert 분리 필요 (상세 분류는 재설계 트랙),human_confirmed
28.Camera,101.0,빠르게 카메라 열기,설정 > 시스템 > 동작 > 빠르게 카메라 열기 On 전원 버튼(물리키) 더블 클릭,카메라 실행되어야 함,NAVIGATION_ONLY,EXCLUDE,직독: mutation·외부효과·환경제어가 검증 주제 — observe 분리 불가,human_confirmed
28.Camera,102.0,전면 카메라 - 사진,1. 카메라 > 사진 촬영 > 갤러리 > 사진 > 더보기 아이콘 Tap >정보 Tap,1. 해당 사진이 좌우반전 없이 노출되는지 확인 2. 갤러리 사진 정보의 '위치 보기' 메뉴가 노출되는지 확인,NAVIGATION_ONLY,EXCLUDE_CANDIDATE_UNREVIEWED,cue: 미디어 캡처 = 영속 mutation (구제 필터 통과 못함 — mutation 결과 서술 포함),cue_auto
28.Camera,103.0,전면 카메라 - 사진,카메라 > 사진 촬영 > 갤러리 > 사진 > 더보기 아이콘 Tap > 정보 Tap > '위치보기' 메뉴 Tap,Google 지도 App 실행되며 사진 촬영한 장소의 위치가 노출되어야 한다.,NAVIGATION_ONLY,EXCLUDE_CANDIDATE_UNREVIEWED,cue: 미디어 캡처 = 영속 mutation (구제 필터 통과 못함 — mutation 결과 서술 포함),cue_auto
28.Camera,104.0,전면 카메라 - 사진,1.카메라 > 사진 촬영 > 갤러리 > 사진 > 더보기 아이콘 Tap > 정보 Tap,1. 해당 사진이 좌우반전 없이 노출되는지 확인 2. 갤러리 사진 정보의 '위치 보기' 메뉴가 노출되지 않는지 확인,NAVIGATION_ONLY,EXCLUDE_CANDIDATE_UNREVIEWED,cue: 미디어 캡처 = 영속 mutation (구제 필터 통과 못함 — mutation 결과 서술 포함),cue_auto
28.Camera,105.0,전면 카메라 - 사진,1. 카메라 > 사진 촬영 > 갤러리 > 사진 > 더보기 아이콘 Tap >정보 Tap,1. 해당 사진이 좌우반전 되는지 확인 2. 갤러리 사진 정보의 '위치 보기' 메뉴가 노출되는지 확인,NAVIGATION_ONLY,EXCLUDE_CANDIDATE_UNREVIEWED,cue: 미디어 캡처 = 영속 mutation (구제 필터 통과 못함 — mutation 결과 서술 포함),cue_auto
28.Camera,106.0,전면 카메라 - 사진,카메라 > 사진 촬영 > 갤러리 > 사진 > 더보기 아이콘 Tap > 정보 Tap > '위치보기' 메뉴 Tap,Google 지도 App 실행되며 사진 촬영한 장소의 위치가 노출되어야 한다.,NAVIGATION_ONLY,EXCLUDE_CANDIDATE_UNREVIEWED,cue: 미디어 캡처 = 영속 mutation (구제 필터 통과 못함 — mutation 결과 서술 포함),cue_auto
28.Camera,107.0,전면 카메라 - 사진,1.카메라 > 사진 촬영 > 갤러리 > 사진 > 더보기 아이콘 Tap > 정보 Tap,1. 해당 사진이 좌우반전 되는지 확인 2. 갤러리 사진 정보의 '위치 보기' 메뉴가 노출되지 않는지 확인,NAVIGATION_ONLY,EXCLUDE_CANDIDATE_UNREVIEWED,cue: 미디어 캡처 = 영속 mutation (구제 필터 통과 못함 — mutation 결과 서술 포함),cue_auto
28.Camera,108.0,전면 카메라 - 동영상,1. 카메라 > 동영상 촬영 > 갤러리 > 동영상 > 더보기 아이콘 Tap >정보 Tap,1. 해당 동영상이 좌우반전 없이 노출되는지 확인 2. 갤러리 동영상 정보의 '위치 보기' 메뉴가 노출되는지 확인,NAVIGATION_ONLY,EXCLUDE_CANDIDATE_UNREVIEWED,cue: 미디어 캡처 = 영속 mutation (구제 필터 통과 못함 — mutation 결과 서술 포함),cue_auto
28.Camera,109.0,전면 카메라 - 동영상 - photo shooting,1. 카메라 > 동영상 촬영 > photo shooting버튼 Tap > 갤러리 > 사진 > 더보기 아이콘 Tap >정보 Tap,"1. 동영상 촬영중, photo shooting 버튼을 누른 순간의 사진이 좌우 반전 없이 노출 되는지 확인 2. 갤러리 사진 정보의 '위치 보기' 메뉴가 노출되는지 확인",NAVIGATION_ONLY,EXCLUDE_CANDIDATE_UNREVIEWED,cue: 미디어 캡처 = 영속 mutation (구제 필터 통과 못함 — mutation 결과 서술 포함),cue_auto
28.Camera,110.0,전면 카메라 - 동영상,1. 카메라 > 동영상 촬영 > 갤러리 > 동영상> 더보기 아이콘 Tap > 정보 Tap > '위치보기' 메뉴 Tap,Google 지도 App 실행되며 사진 촬영한 장소의 위치가 노출되어야 한다.,NAVIGATION_ONLY,EXCLUDE_CANDIDATE_UNREVIEWED,cue: 미디어 캡처 = 영속 mutation (구제 필터 통과 못함 — mutation 결과 서술 포함),cue_auto
28.Camera,111.0,전면 카메라 - 동영상 - photo shooting,1. 카메라 > 동영상 촬영 > photo shooting버튼 Tap > 갤러리 > 사진 > 더보기 아이콘 Tap >정보 Tap > '위치보기' 메뉴 Tap,Google 지도 App 실행되며 사진 촬영한 장소의 위치가 노출되어야 한다.,NAVIGATION_ONLY,EXCLUDE_CANDIDATE_UNREVIEWED,cue: 미디어 캡처 = 영속 mutation (구제 필터 통과 못함 — mutation 결과 서술 포함),cue_auto
28.Camera,112.0,전면 카메라 - 동영상,1.카메라 > 동영상 촬영 > 갤러리 > 동영상 > 더보기 아이콘 Tap > 정보 Tap,1. 해당 동영상이 좌우반전 없이 노출되는지 확인 2. 갤러리 사진 정보의 '위치 보기' 메뉴가 노출되지 않는지 확인,NAVIGATION_ONLY,EXCLUDE_CANDIDATE_UNREVIEWED,cue: 미디어 캡처 = 영속 mutation (구제 필터 통과 못함 — mutation 결과 서술 포함),cue_auto
28.Camera,113.0,화면 분할 - 연속 촬영,1. 카메라 > 설정 > 연속 촬영 On 2. 현재 실행중인 창 > 카메라 앱 아이콘 롱 탭 > 화면 분할 > 화면 분할 사용할 임의의 앱 선택 3. 사진 탭에서 촬영버튼 왼쪽으로 드래그,화면 분할 상태에서 연속 촬영 기능 동작한다.,NAVIGATION_ONLY,EXCLUDE_CANDIDATE_UNREVIEWED,cue: 미디어 캡처 = 영속 mutation (구제 필터 통과 못함 — mutation 결과 서술 포함),cue_auto
28.Camera,114.0,화면 분할 - 셔터 롱탭해 동영상 촬영,1. 현재 실행중인 창 > 카메라 앱 아이콘 롱 탭 > 화면 분할 > 화면 분할 사용할 임의의 앱 선택 2. 셔터 롱 탭해 동영상 촬영,화면 분할 상태에서 동영상 촬영된다.,NAVIGATION_ONLY,EXCLUDE_CANDIDATE_UNREVIEWED,cue: 미디어 캡처 = 영속 mutation (구제 필터 통과 못함 — mutation 결과 서술 포함),cue_auto
28.Camera,115.0,화면 분할 - 촬영한 사진 및 동영상,1. 현재 실행중인 창 > 카메라 앱 아이콘 롱 탭 > 화면 분할 > 화면 분할 사용할 임의의 앱 선택 2. 사진 및 동영상 촬영 3. 좌측 하단 썸네일로 사진 및 동영상 확인,"화면 분할 상태에서 사진 및 동영상 저장되고, 해당 파일 삭제 및 공유 가능하다.",NAVIGATION_ONLY,EXCLUDE_CANDIDATE_UNREVIEWED,cue: 미디어 캡처 = 영속 mutation; 삭제 = mutation; 저장 = mutation (구제 필터 통과 못함 — mutation 결과 서술 포함),cue_auto
28.Camera,116.0,화면 분할 - 카메라 위치,1. 현재 실행중인 창 > 임의의 앱 아이콘 롱 탭 > 화면 분할 > 카메라 앱 선택,1. 카메라가 화면 분할 하단 화면으로 실행된다. 2. 화면 분할 상단에 위치했을 때와 동일하게 동작한다.,NAVIGATION_ONLY,REVIEW_QUEUE,직독: fixture/editor·compose 진입/transient input/verifier 재설계/assert 분리 필요 (상세 분류는 재설계 트랙),human_confirmed
28.Camera,117.0,전면 카메라 - 동영상 - photo shooting,1. 카메라 > 동영상 촬영 > photo shooting버튼 Tap > 갤러리 > 사진 > 더보기 아이콘 Tap >정보 Tap > '위치보기' 메뉴 Tap,Google 지도 App 실행되며 사진 촬영한 장소의 위치가 노출되어야 한다.,NAVIGATION_ONLY,EXCLUDE_CANDIDATE_UNREVIEWED,cue: 미디어 캡처 = 영속 mutation (구제 필터 통과 못함 — mutation 결과 서술 포함),cue_auto
28.Camera,118.0,전면 카메라 - 동영상,1. 카메라 > 동영상 촬영 > 갤러리 > 동영상 > 더보기 아이콘 Tap >정보 Tap,1. 해당 동영상이 좌우반전 되는지 확인 2. 갤러리 동영상 정보의 '위치 보기' 메뉴가 노출되지 않는지 확인,NAVIGATION_ONLY,EXCLUDE_CANDIDATE_UNREVIEWED,cue: 미디어 캡처 = 영속 mutation (구제 필터 통과 못함 — mutation 결과 서술 포함),cue_auto
28.Camera,119.0,전면 카메라 - 동영상 - photo shooting,1. 카메라 > 동영상 촬영 > photo shooting버튼 Tap > 갤러리 > 사진 > 더보기 아이콘 Tap >정보 Tap,"1. 동영상 촬영중, photo shooting 버튼을 누른 순간의 사진이 좌우 반전 되는지 확인 2. 갤러리 동영상 정보의 '위치 보기' 메뉴가 노출되지 않는지 확인",NAVIGATION_ONLY,EXCLUDE_CANDIDATE_UNREVIEWED,cue: 미디어 캡처 = 영속 mutation (구제 필터 통과 못함 — mutation 결과 서술 포함),cue_auto
28.Camera,120.0,후면 카메라 - 사진,카메라 > 사진 촬영 > 갤러리 > 사진 > 더보기 아이콘 Tap > 정보 Tap,1. 갤러리 사진 정보의 '위치 보기' 메뉴가 노출되는지 확인.,NAVIGATION_ONLY,EXCLUDE_CANDIDATE_UNREVIEWED,cue: 미디어 캡처 = 영속 mutation (구제 필터 통과 못함 — mutation 결과 서술 포함),cue_auto
28.Camera,121.0,후면 카메라 - 사진,카메라 > 사진 촬영 > 갤러리 > 사진 > 더보기 아이콘 Tap > 정보 Tap > '위치보기' 메뉴 Tap,Google 지도 App 실행되며 사진 촬영한 장소의 위치가 노출되어야 한다.,NAVIGATION_ONLY,EXCLUDE_CANDIDATE_UNREVIEWED,cue: 미디어 캡처 = 영속 mutation (구제 필터 통과 못함 — mutation 결과 서술 포함),cue_auto
28.Camera,122.0,후면 카메라 - 사진,카메라 > 사진 촬영 > 갤러리 > 사진 > 더보기 아이콘 Tap > 정보 Tap,갤러리 사진 정보의 '위치 보기' 메뉴가 노출되지 않는지 확인,NAVIGATION_ONLY,EXCLUDE_CANDIDATE_UNREVIEWED,cue: 미디어 캡처 = 영속 mutation (구제 필터 통과 못함 — mutation 결과 서술 포함),cue_auto
28.Camera,123.0,후면 카메라 - 동영상,카메라 > 사진 촬영 > 갤러리 > 사진 > 더보기 아이콘 Tap > 정보 Tap,1. 갤러리 사진 정보의 '위치 보기' 메뉴가 노출되는지 확인.,NAVIGATION_ONLY,EXCLUDE_CANDIDATE_UNREVIEWED,cue: 미디어 캡처 = 영속 mutation (구제 필터 통과 못함 — mutation 결과 서술 포함),cue_auto
28.Camera,124.0,후면 카메라 - 동영상,카메라 > 사진 촬영 > 갤러리 > 사진 > 더보기 아이콘 Tap > 정보 Tap > '위치보기' 메뉴 Tap,Google 지도 App 실행되며 사진 촬영한 장소의 위치가 노출되어야 한다.,NAVIGATION_ONLY,EXCLUDE_CANDIDATE_UNREVIEWED,cue: 미디어 캡처 = 영속 mutation (구제 필터 통과 못함 — mutation 결과 서술 포함),cue_auto
28.Camera,125.0,후면 카메라 - 동영상,카메라 > 사진 촬영 > 갤러리 > 사진 > 더보기 아이콘 Tap > 정보 Tap,갤러리 사진 정보의 '위치 보기' 메뉴가 노출되지 않는지 확인,NAVIGATION_ONLY,EXCLUDE_CANDIDATE_UNREVIEWED,cue: 미디어 캡처 = 영속 mutation (구제 필터 통과 못함 — mutation 결과 서술 포함),cue_auto
28.Camera,12.0,뷰티 모드 - 피부 밝기,카메라 > 메뉴 > 뷰티모드 > 피부밝기 탭,"뷰티 기능 메뉴에서 피부밝기가 활성화되고, 하단에 효과 강도를 1-10까지조절할 수 있는 막대바 표시",INPUT_REQUIRED,EXCLUDE_CANDIDATE_UNREVIEWED,cue: 상태 토글 = mutation (구제 필터 통과 못함 — mutation 결과 서술 포함),cue_auto
28.Camera,20.0,인물사진 모드,카메라 > 인물사진 모드 > 촬영버튼 Long Tab,인물사진 모드에서는 동영상 촬영과 연속촬영이 지원되지 않습니다.' 토스트 출력,NAVIGATION_ONLY,EXCLUDE_CANDIDATE_UNREVIEWED,cue: 미디어 캡처 = 영속 mutation (구제 필터 통과 못함 — mutation 결과 서술 포함),cue_auto
28.Camera,33.0,연사 모드,1. 카메라 > 촬영 버튼 길게 누른 후 왼쪽으로 스와이프 2. 연사모드에서 촬영 버튼 길게 누름 > 손가락을 뗌,"1. 연사 모드로 변경됨 2. 길게 누르면 연속으로 촬영되고, 손가락을 떼면 촬영 중지됨. 연사모드 중에 찍은 사진의 갯수가 하단에 숫자로 표시됨 3. 100개 까지 촬영 가능함",INPUT_REQUIRED,EXCLUDE_CANDIDATE_UNREVIEWED,cue: 미디어 캡처 = 영속 mutation; 변경 = mutation (구제 필터 통과 못함 — mutation 결과 서술 포함),cue_auto
28.Camera,34.0,빠른 줌,"1. 카메라 > 촬영 버튼 위의 줌 토글버튼 탭 2. 촬영 버튼 위의 줌 토글버튼(1x, 2x) 길게 누르기",1. 0.6x/ 1x/ 2x로 빠른 줌이 가능함 2. 1x~8x까지 상세 배율을 조정할 수 있음,INPUT_REQUIRED,EXCLUDE_CANDIDATE_UNREVIEWED,cue: 미디어 캡처 = 영속 mutation; 상태 토글 = mutation (구제 필터 통과 못함 — mutation 결과 서술 포함),cue_auto
28.Camera,47.0,동영상 플래시 기능,1. 동영상 > 플래시 On 2. 플래시 On 상태에서 동영상 촬영,1. 플래시가 켜짐 2. 플래시가 켜진 상태에서 동영상 촬영됨,READ_ONLY,EXCLUDE_CANDIDATE_UNREVIEWED,cue: 미디어 캡처 = 영속 mutation (구제 필터 통과 못함 — mutation 결과 서술 포함),cue_auto
28.Camera,57.0,수평 안내선,갤러리 > 수직 / 수평 안내선 On 상태에서 촬영한 이미지와 동영상 확인,수직/수평 안내선이 저장된 이미지나 영상에 표시되지 않음,READ_ONLY,EXCLUDE_CANDIDATE_UNREVIEWED,cue: 미디어 캡처 = 영속 mutation; 저장 = mutation (구제 필터 통과 못함 — mutation 결과 서술 포함),cue_auto
28.Camera,58.0,카메라 설정 - 위치 태그,1. 카메라 > 메뉴 > 카메라 설정 > 위치 저장 2. 사진 및 동영상 촬영 후 갤러리 > 사진 상세보기에서 위치 표시 확인,,NAVIGATION_ONLY,EXCLUDE_CANDIDATE_UNREVIEWED,cue: 미디어 캡처 = 영속 mutation; 저장 = mutation (구제 필터 통과 못함 — mutation 결과 서술 포함),cue_auto
28.Camera,61.0,카메라 설정 - 촬영버튼 설정,1. 카메라 > 메뉴 > 카메라 설정 > 촬영버튼 설정 > 플로팅 촬영 버튼 On,On/Off 가능하며 On으로 설정 시 플로팅 촬영 버튼이 활성화되어 인물사진/ 사진/ 모드에서 플로팅 촬영 가능함,INPUT_REQUIRED,EXCLUDE_CANDIDATE_UNREVIEWED,cue: 미디어 캡처 = 영속 mutation; 상태 토글 = mutation (구제 필터 통과 못함 — mutation 결과 서술 포함),cue_auto
28.Camera,62.0,카메라 플로팅 촬영,1.카메라 > 사진 > 프리뷰화면에 표시된 플로팅 버튼 탭 2. 프리뷰화면에 표시된 플로팅 드래그 3. 프리뷰화면에 표시된 플로팅 버튼 길게 탭,"1. 사진 촬영됨 2. 드래그하는 곳으로 플로팅 버튼이 이동함 3. 삭제 버튼이 활성화되며 다른 곳을 탭하면 취소되고, 삭제 버튼을 누르면 플로팅 버튼이 삭제됨",INPUT_REQUIRED,EXCLUDE_CANDIDATE_UNREVIEWED,cue: 미디어 캡처 = 영속 mutation; 삭제 = mutation; 상태 토글 = mutation (구제 필터 통과 못함 — mutation 결과 서술 포함),cue_auto
28.Camera,63.0,카메라 설정 유지,1. 카메라 > 메뉴 > 카메라 설정 > 카메라 설정 유지,"카메라 설정 유지 On일 때 카메라 종료 후 다시 실행 시, 마지막 사용했던 모드가 유지됨. (기본값 Off)",NAVIGATION_ONLY,EXCLUDE,직독: mutation·외부효과·환경제어가 검증 주제 — observe 분리 불가,human_confirmed
28.Camera,64.0,셀카 보이는대로 저장,카메라 > 메뉴 > 카메라 설정 > 셀카 보이는대로 저장,"1. 셀카 보이는대로 저장 On일 때, 촬영된 사진이 화면에 보이는 방향과 동일하게 촬영된다. 2. 동영상 촬영이 화면에 보이는 방향과 동일하게 촬영된다.",NAVIGATION_ONLY,EXCLUDE_CANDIDATE_UNREVIEWED,cue: 미디어 캡처 = 영속 mutation; 저장 = mutation (구제 필터 통과 못함 — mutation 결과 서술 포함),cue_auto
28.Camera,65.0,전면/후면 전환,카메라 > 카메라 변경 아이콘 탭 Tap,전면 or 후면 카메라 모드로 전환된다.,NAVIGATION_ONLY,REVIEW_QUEUE,직독: fixture/editor·compose 진입/transient input/verifier 재설계/assert 분리 필요 (상세 분류는 재설계 트랙),human_confirmed
28.Camera,67.0,플래시 ON - 동영상 촬영,1. 카메라 > 플래시 ON 2. 동영상 촬영,"플래시 ON 아이콘이 표시되고, 동영상 촬영 시 플래시가 계속 켜진 상태이고, 촬영 종료 후에도 플래시가 켜진 상태로 있다.",READ_ONLY,EXCLUDE_CANDIDATE_UNREVIEWED,cue: 미디어 캡처 = 영속 mutation (구제 필터 통과 못함 — mutation 결과 서술 포함),cue_auto
26.Message,84.0,메인 화면,1. 메시지 > 메시지 메인 화면,1. 중앙에 하기 문구 노출됨 - 대화가 없습니다.(KOR 설정) - No conversation.(ENG 설정) -+ 메시지 작성(KOR) -New message(ENG) 2. 상단에 메시지 문구 / '+ 메시지 작성' 버튼 / 검색 아이콘 / 더 보기 메뉴 표시됨,INPUT_REQUIRED,KEEP,직독: 관찰 전용 진입/노출 — mutation·input·외부효과 0,human_confirmed
26.Message,100.0,더보기 메뉴,메시지 > 더보기,1. 하기 메뉴 노출된다. - 차단 및 스팸 - 휴지통 - 설정,NAVIGATION_ONLY,KEEP,직독: 관찰 전용 진입/노출 — mutation·input·외부효과 0,human_confirmed
26.Message,101.0,더보기 메뉴,메시지 > 더보기,1. 하기 메뉴 노출된다. - 삭제 - 모두 읽음으로 표시(안 읽은 메시지 있는 경우) - 차단 및 스팸 - 휴지통 - 설정,NAVIGATION_ONLY,KEEP,직독: 관찰 전용 진입/노출 — mutation·input·외부효과 0,human_confirmed
26.Message,102.0,더 보기 - 차단 및 스팸관리,1. 메시지 > 더보기 > 차단 및 스팸 Tap,1. 하기 메뉴 노출된다. - 차단된 번호 - 차단된 문구 - 차단된 메시지 - 오래된 스팸 메시지 삭제(On(default)/Off) - 스팸 신고 안내 - 개인정보 수집 동의,NAVIGATION_ONLY,KEEP,직독: 관찰 전용 진입/노출 — mutation·input·외부효과 0,human_confirmed
26.Message,116.0,더 보기 - 차단 및 스팸관리,"1. 메시지 > 더보기 > 차단 및 스팸 Tap 2. 차단된 문구 Tap 3. ""+"" Tap",1. 차단할 문구 추가 팝업창 노출된다. 2. 취소 / 확인(비활성화) 노출된다.,INPUT_REQUIRED,KEEP,차단 문구 팝업 노출 observe(확인 비활성) — input 0,human_confirmed
26.Message,117.0,더 보기 - 차단 및 스팸관리,"1. 메시지 > 더보기 > 차단 및 스팸 Tap 2. 차단된 문구 Tap 3. ""+"" Tap 4. 취소 Tap","1. 팝업창 사라지고 문구 추가안된다. 2. ""차단된 문구가 없습니다."" 문구 노출된다.",NAVIGATION_ONLY,KEEP,팝업 취소 경로 명시 — 추가 0,human_confirmed
26.Message,119.0,더 보기 - 차단 및 스팸관리,1. 메시지 > 더보기 > 차단 및 스팸 2. 차단된 문구 > 추가 > 문구 입력(32바이트 초과),"1. 더이상 입력할 수 없습니다,경고 문구 표시된다. 2. 확인 버튼 비활성화된다.",INPUT_REQUIRED,REVIEW_QUEUE,직독: fixture/editor·compose 진입/transient input/verifier 재설계/assert 분리 필요 (상세 분류는 재설계 트랙),human_confirmed
26.Message,121.0,더 보기 - 차단 및 스팸관리,1. 메시지>더보기>차단 및 스팸 > 차단된 문구 Tap 2. 차단된 문구 Long Tap 3. 삭제 Tap,1. 삭제하시겠습니까?팝업 노출된다. 2. 취소 / 삭제 노출된다.,NAVIGATION_ONLY,EXCLUDE_CANDIDATE_UNREVIEWED,cue: 삭제 = mutation (구제 필터 통과 못함 — mutation 결과 서술 포함),cue_auto
26.Message,123.0,더 보기 - 차단 및 스팸관리,1. 메시지>더보기>차단 및 스팸>차단된 문구 Tap 2. 삭제 Tap 3. 취소 Tap,"1. 체크박스 사라지고, 차단된 문구 화면으로 전환된다.",INPUT_REQUIRED,EXCLUDE_CANDIDATE_UNREVIEWED,cue: 삭제 = mutation (구제 필터 통과 못함 — mutation 결과 서술 포함),cue_auto
26.Message,124.0,더 보기 - 차단 및 스팸관리,1. 메시지>더보기>차단 및 스팸 Tap 2. 차단된 문구 Tap 3. 삭제(아이콘) Tap 4. 체크박스 선택 5. 삭제(아이콘) Tap,"1. 차단된 문구 삭제 화면 전환된다. 2. 체크박스 활성화되며, 선택된 체크박스 없을 경우 삭제 아이콘 표시 안된다. 3. 선택된 차단문구가 있으면 삭제 아이콘 표시된다. 4. 삭제 하시겠습니까 팝업 표시된다. 5. 취소 누르면 팝업창 사라지고 차단된 문구 화면으로 돌아온다. 6. 삭제 누르면 선택된 차단된 문구 삭제된다.",INPUT_REQUIRED,EXCLUDE_CANDIDATE_UNREVIEWED,cue: 삭제 = mutation; 상태 토글 = mutation (구제 필터 통과 못함 — mutation 결과 서술 포함),cue_auto
26.Message,125.0,더 보기 - 차단 및 스팸관리,1. 메시지>더보기>차단 및 스팸>차단된 문구 Tap 2. 삭제 Tap 3. ▼ Tap,1. 전체 선택 메뉴 표시된다.,NAVIGATION_ONLY,EXCLUDE_CANDIDATE_UNREVIEWED,cue: 삭제 = mutation (구제 필터 통과 못함 — mutation 결과 서술 포함),cue_auto
26.Message,126.0,더 보기 - 차단 및 스팸관리,1. 메시지>더보기>차단 및 스팸 Tap 2. 차단된 문구 Tap 3. 삭제 Tap 4. ▼ > 전체선택 Tap,1. 차단된 문구 전체 선택된다. 2. 더보기에 '전체 선택 해제' 메뉴 노출된다.,NAVIGATION_ONLY,EXCLUDE_CANDIDATE_UNREVIEWED,cue: 삭제 = mutation; 상태 토글 = mutation (구제 필터 통과 못함 — mutation 결과 서술 포함),cue_auto
26.Message,127.0,더 보기 - 차단 및 스팸관리,1. 메시지>더보기>차단 및 스팸 Tap 2. 차단된 문구 Tap 3. 더보기 > 삭제 Tap 4. ▼ > 전체선택 해제Tap,1. 체크박스 모두 해제 된다. 2. 삭제 아이콘 사라진다.,INPUT_REQUIRED,REVIEW_QUEUE,표본검사: 선택 모드 transient(삭제 미실행) — fixture,human_confirmed
26.Message,128.0,더 보기 - 차단 및 스팸관리,1. 메시지 > 더보기 > 차단 및 스팸 Tap 2. 차단된 메시지 Tap,"1. 차단된 메시지 화면으로 전환된다. 2. ""차단된 메시지가 없습니다."" 문구 노출된다.",NAVIGATION_ONLY,KEEP,직독: 관찰 전용 진입/노출 — mutation·input·외부효과 0,human_confirmed
26.Message,129.0,더 보기 - 차단 및 스팸관리,1. 메시지 > 더보기 > 차단 및 스팸 > 차단된 메시지 Tap 2. 차단된 메시지 Long Tap,1. 취소 / 드롭박스 / 삭제 / 더보기 아이콘 노출된다. 2. 프로필에 체크 된다.,INPUT_REQUIRED,REVIEW_QUEUE,직독: fixture/editor·compose 진입/transient input/verifier 재설계/assert 분리 필요 (상세 분류는 재설계 트랙),human_confirmed
26.Message,131.0,더 보기 - 차단 및 스팸관리,1. 메시지 > 더보기 > 차단 및 스팸 > 차단된 메시지 Tap 2. 차단된 메시지 Long Tap 3. ▼ 버튼 Tap,"1. 좌측에 선택된 개수만큼 카운트 증가한다. 2. 전체 선택되어있는 경우 ""전체 선택 해제""노출, 미선택&부분 선택이 되어있으면 ""전체 선택"" 메뉴 노출된다.",NAVIGATION_ONLY,REVIEW_QUEUE,직독: fixture/editor·compose 진입/transient input/verifier 재설계/assert 분리 필요 (상세 분류는 재설계 트랙),human_confirmed
26.Message,132.0,더 보기 - 차단 및 스팸관리,1. 메시지 > 더보기 > 차단 및 스팸 > 차단된 메시지 Tap 2. 차단된 메시지 Long Tap 3. 삭제 Tap,"1. 삭제하시겠습니까? 팝업 노출된다. 2. 취소 버튼 누르면 팝업창 사라지고, 확인 버튼 누르면 차단된 메시지 삭제된다.",NAVIGATION_ONLY,EXCLUDE_CANDIDATE_UNREVIEWED,cue: 삭제 = mutation (구제 필터 통과 못함 — mutation 결과 서술 포함),cue_auto
26.Message,135.0,더 보기 - 차단 및 스팸관리,1. 메시지 > 더보기 > 차단 및 스팸 > 차단된 메시지 > 차단된 메시지 진입 > 메시지 롱탭 2. 복사 Tap,1. 클립보드에 글자가 복사된다.,INPUT_REQUIRED,EXCLUDE_CANDIDATE_UNREVIEWED,cue: 데이터 이동/복사 = mutation (구제 필터 통과 못함 — mutation 결과 서술 포함),cue_auto
26.Message,136.0,더 보기 - 차단 및 스팸관리,1. 메시지 > 더보기 > 차단 및 스팸 > 차단된 메시지 > 차단된 메시지 진입 > 메시지 롱탭 2. 삭제 Tap,1. 메시지가 삭제됩니다. 팝업 노출된다. 2. 취소 / 삭제 버튼 노출된다. 3. 취소 누르면 팝업창 사라지고 삭제 누르면 해당 메시지 삭제된다.,NAVIGATION_ONLY,EXCLUDE_CANDIDATE_UNREVIEWED,cue: 삭제 = mutation (구제 필터 통과 못함 — mutation 결과 서술 포함),cue_auto
26.Message,137.0,더 보기 - 차단 및 스팸관리,1. 메시지 > 더보기 > 차단 및 스팸 > 차단된 메시지 > 차단된 메시지 진입 > 메시지 롱탭 2. 세부정보 보기 Tap,1. 메시지 세부정보 팝업 노출된다. 유형 / 보낸 사람 / 받은 시간 표시 확인,NAVIGATION_ONLY,REVIEW_QUEUE,직독: fixture/editor·compose 진입/transient input/verifier 재설계/assert 분리 필요 (상세 분류는 재설계 트랙),human_confirmed
26.Message,138.0,더 보기 - 차단 및 스팸관리,1. 메시지 > 더보기 > 차단 및 스팸 > 차단된 메시지 > 차단된 메시지 진입 > 메시지 롱탭 2. 스팸 신고 Tap (스팸 신고 과정은 AOSP를 따름),1. 개인정보 수집동의 팝업 동의 2. 스팸으로 신고 팝업 동의 3. 스팸으로 신고하였습니다. 팝업 노출,NAVIGATION_ONLY,EXCLUDE,직독: mutation·외부효과·환경제어가 검증 주제 — observe 분리 불가,human_confirmed
26.Message,140.0,더 보기 - 차단 및 스팸관리,1. 메시지 > 더보기 > 차단 및 스팸 > 차단된 메시지 > 차단된 메시지 진입 2. 삭제 Tap,1.차단된 메시지 모두 삭제된다.,NAVIGATION_ONLY,EXCLUDE_CANDIDATE_UNREVIEWED,cue: 삭제 = mutation (구제 필터 통과 못함 — mutation 결과 서술 포함),cue_auto
26.Message,141.0,더 보기 - 차단 및 스팸관리,1. 메시지 > 더보기 > 차단 및 스팸 2. 오래된 스팸 메시지 삭제 Tap,1. 오래된 스팸 메시지 삭제 기능 off 된다.,NAVIGATION_ONLY,EXCLUDE_CANDIDATE_UNREVIEWED,cue: 삭제 = mutation (구제 필터 통과 못함 — mutation 결과 서술 포함),cue_auto
26.Message,142.0,더 보기 - 차단 및 스팸관리,1. 메시지 > 더보기 > 차단 및 스팸 2. 오래된 스팸 메시지 삭제 Tap,1. 오래된 스팸 메시지 삭제 기능 On된다. 2. 스팸 메시지 1000개 초과 시 가장 오래된 메시지부터 순차적으로 삭제된다.,NAVIGATION_ONLY,EXCLUDE_CANDIDATE_UNREVIEWED,cue: 삭제 = mutation (구제 필터 통과 못함 — mutation 결과 서술 포함),cue_auto
26.Message,143.0,더 보기 - 차단 및 스팸관리,1. 메시지 > 더보기 > 차단 및 스팸 > 스팸 신고 안내,1. 스팸 신고 안내문구 표시됨,READ_ONLY,KEEP,직독: 관찰 전용 진입/노출 — mutation·input·외부효과 0,human_confirmed
26.Message,144.0,더 보기 - 차단 및 스팸관리,1. 메시지 > 더보기 > 차단 및 스팸 2. 개인정보 수집 동의 Tap,1. 개인정보 수집 동의 화면으로 전환된다.(동의 / 동의철회) 2. 스팸신고시 개인정보 수집 동의철회 상태면 팝업이 발생해야합니다.,NAVIGATION_ONLY,REVIEW_QUEUE,직독: fixture/editor·compose 진입/transient input/verifier 재설계/assert 분리 필요 (상세 분류는 재설계 트랙),human_confirmed
26.Message,145.0,더 보기 - 전체 대화목록 삭제,1.메시지 > 더보기 > 삭제 > 임의의 대화 체크 > 삭제(아이콘) 2. 팝업에서 삭제 3. 팝업에서 취소,"1. ""삭제하시겠습니까? 대화 N개가 삭제됩니다."" 팝업 노출된다. 2. 취소/ 확인 버튼 노출된다. 3. 취소 누르면 팝업창 사라진다. 4. 확인 누르면 해당 대화가 삭제되고 하단 토스트 발생한다. - ""삭제되었습니다.""",INPUT_REQUIRED,EXCLUDE_CANDIDATE_UNREVIEWED,cue: 삭제 = mutation (구제 필터 통과 못함 — mutation 결과 서술 포함),cue_auto
26.Message,149.0,더 보기 - 휴지통,1. 메시지 > 더 보기 > 휴지통 > 더 보기 > 삭제 > 메시지 선택후 삭제 아이콘 > 팝업에서 확인 2. 메시지 > 더 보기 > 휴지통 > 더 보기 > 삭제 > 메시지 선택후 삭제 아이콘 > 팝업에서 취소,"1, 메시지 삭제됨(삭제되었습니다. 토스트 팝업 발생함) 2. 삭제 팝업 사라짐",NAVIGATION_ONLY,EXCLUDE_CANDIDATE_UNREVIEWED,cue: 삭제 = mutation (구제 필터 통과 못함 — mutation 결과 서술 포함),cue_auto
26.Message,150.0,더 보기 - 휴지통,1. 메시지 > 더 보기 > 휴지통 > 더 보기 > 휴지통 비우기 > 팝업에서 확인 2. 메시지 > 더 보기 > 휴지통 > 더 보기 > 휴지통 비우기 > 팝업에서 취소,1. 휴지통 메시지 삭제됨(대화가 모두 삭제되었습니 토스트 팝업 발생함) 2. 휴지통 메시지 리스트 화면,READ_ONLY,EXCLUDE_CANDIDATE_UNREVIEWED,cue: 삭제 = mutation (구제 필터 통과 못함 — mutation 결과 서술 포함),cue_auto
26.Message,183.0,더 보기 - 설정,1. 메시지 > 더보기 > 설정 > 알림 Tap,"1. 알림 On/OFF, 소리 메뉴 노출된다.",NAVIGATION_ONLY,KEEP,직독: 관찰 전용 진입/노출 — mutation·input·외부효과 0,human_confirmed
26.Message,186.0,더 보기 - 설정,1. 메시지 > 더보기 > 설정 > 알림 Tap 2. 소리 Tap,1. 메시지 알림 설정창으로 이동된다. 2. 하기 메뉴 노출된다. - 알림 표시 ON/OFF(비활성화) - 기본값/ 무음 - 화면 표시로 알림 ON(비활성화) - 소리 - 진동 On/Off - 알림 표시점 보기 - 빙해 금지 모드 무시,INPUT_REQUIRED,KEEP,직독: 관찰 전용 진입/노출 — mutation·input·외부효과 0,human_confirmed
26.Message,187.0,더 보기 - 설정,1. 메시지 > 더보기 > 설정 > 메시지 글꼴 크기 Tap 2. 글꼴 크기 설정값 변경,"1. 메시지 글꼴 크기 설정 팝업창 노출된다. 2. 시스템 글꼴 크기, 작게, 보통, 크게, 가장 크게 3. 취소/ 확인 버튼 노출된다. 4. 글꼴 크기 설정값에 따라 크기 변화된다.",NAVIGATION_ONLY,REVIEW_QUEUE,직독: fixture/editor·compose 진입/transient input/verifier 재설계/assert 분리 필요 (상세 분류는 재설계 트랙),human_confirmed
26.Message,190.0,새 메시지 작성,"1. ""+ 메시지 작성"" 버튼 Tap 2. 우측 상단 더보기 버튼 Tap",1. 하기 메뉴 팝업 발생된다 - 빠른 답장 문구 삽입,NAVIGATION_ONLY,EXCLUDE_CANDIDATE_UNREVIEWED,cue: send/call 외부효과 (구제 필터 통과 못함 — mutation 결과 서술 포함),cue_auto
26.Message,191.0,새 메시지 작성,1. 새 메시지 작성 > 더보기 > 빠른 답장 문구 삽입,1. 빠른 답장 문구 팝업창이 노출된다. 2. 임의의 문구 선택시 선택한 문구가 입력창에 입력된다,INPUT_REQUIRED,REVIEW_QUEUE,직독: fixture/editor·compose 진입/transient input/verifier 재설계/assert 분리 필요 (상세 분류는 재설계 트랙),human_confirmed
26.Message,201.0,새 메시지 작성,"1. 새 메시지 작성 > ""+"" Tap","1. 첨부가능한 파일 종류 리스트 노출된다.(제목, 앨범, 카메라, 동영상, 동영상 촬영, 연락처, 오디오)",NAVIGATION_ONLY,REVIEW_QUEUE,직독: fixture/editor·compose 진입/transient input/verifier 재설계/assert 분리 필요 (상세 분류는 재설계 트랙),human_confirmed
26.Message,202.0,새 메시지 작성,"1. 새 메시지 작성 > ""+"" Tap 2. 제목 Tap",1. 제목 추가 입력창이 생성된다.,INPUT_REQUIRED,REVIEW_QUEUE,cue: input 포함 — 재설계/표본 검토,cue_auto
26.Message,203.0,새 메시지 작성,"1. 새 메시지 작성 > ""+"" Tap 2. 앨범 Tap",1. 저장된 사진 파일 탐색 화면으로 전환된다. 2. 첨부할 사진 선택 시 메시지 입력창에 사진 첨부된다.,INPUT_REQUIRED,REVIEW_QUEUE,직독: fixture/editor·compose 진입/transient input/verifier 재설계/assert 분리 필요 (상세 분류는 재설계 트랙),human_confirmed
26.Message,204.0,새 메시지 작성,"1. 새 메시지 작성 > ""+"" Tap 2. 카메라 Tap",1. 사진 촬영을 위한 카메라로 전환된다. 2. 사진 촬영 후 체크 Tap하면 해당 사진 첨부된다.,INPUT_REQUIRED,EXCLUDE_CANDIDATE_UNREVIEWED,cue: 미디어 캡처 = 영속 mutation (구제 필터 통과 못함 — mutation 결과 서술 포함),cue_auto
26.Message,205.0,새 메시지 작성,"1. 새 메시지 작성 > ""+"" Tap 2. 동영상 Tap",1. 저장된 동영상 파일 탐색 화면으로 전환된다. 2. 첨부할 동영상 선택 시 메시지 입력창에 동영상 첨부된다.,INPUT_REQUIRED,REVIEW_QUEUE,직독: fixture/editor·compose 진입/transient input/verifier 재설계/assert 분리 필요 (상세 분류는 재설계 트랙),human_confirmed
26.Message,206.0,새 메시지 작성,"1. 새 메시지 작성 > ""+"" Tap 2. 동영상 촬영 Tap",1. 동영상 촬영을 위한 카메라로 전환된다. 2. 동영상 촬영 후 체크 Tap하면 해당 동영상 첨부된다.,INPUT_REQUIRED,EXCLUDE_CANDIDATE_UNREVIEWED,cue: 미디어 캡처 = 영속 mutation (구제 필터 통과 못함 — mutation 결과 서술 포함),cue_auto
26.Message,207.0,새 메시지 작성,"1. 새 메시지 작성 > ""+"" Tap 2. 연락처 Tap > 연락처 1개 첨부",1. 저장된 연락처 리스트 노출된다. 2. 연락처 선택 후 확인 3. 파일로 첨부할 경우 vcf 파일로 첨부된다. 4. 텍스트로 삽입할 경우 저장된 연락처 정보 텍스트 입력창에 입력된다.,INPUT_REQUIRED,REVIEW_QUEUE,직독: fixture/editor·compose 진입/transient input/verifier 재설계/assert 분리 필요 (상세 분류는 재설계 트랙),human_confirmed
26.Message,208.0,새 메시지 작성,"1. 새 메시지 작성 > ""+"" Tap 2. 연락처 Tap > 연락처 2개 이상 첨부","1. 저장된 연락처 리스트 노출된다. 2. 2개 이상 선택 후 확인 3. 연락처 2개 이상 첨부할 경우, vcf 파일로 첨부된다.",NAVIGATION_ONLY,REVIEW_QUEUE,직독: fixture/editor·compose 진입/transient input/verifier 재설계/assert 분리 필요 (상세 분류는 재설계 트랙),human_confirmed
26.Message,209.0,새 메시지 작성,"1. 새 메시지 작성 > ""+"" Tap 2. 연락처 Tap > 전체 선택 Tap",1. 연락처는 최대 50개까지 선택된다. 2. 초과 첨부 시도 시 토스트 팝업 확인,NAVIGATION_ONLY,REVIEW_QUEUE,cue: input 포함 — 재설계/표본 검토,cue_auto
26.Message,210.0,새 메시지 작성,"1. 새 메시지 작성 > ""+"" Tap 2. 오디오 Tap","1. 벨소리 / 오디오메뉴 노출된다. 2. 벨소리 선택 시 휴대전화에 저장된 벨소리 리스트 노출되며, 선택 후 첨부된다. 3. 오디오 파일 선택 시 오디오 파일 선택할 수 있는 내부 저장소로 이동한다.",NAVIGATION_ONLY,REVIEW_QUEUE,직독: fixture/editor·compose 진입/transient input/verifier 재설계/assert 분리 필요 (상세 분류는 재설계 트랙),human_confirmed
26.Message,216.0,새 메시지 작성,1. 새 메시지 작성 > 텍스트 입력,"1. 텍스트 입력창에 보낼 문자 메시지 내용 입력된다.(한글, 영문, 숫자, 이모티콘, 특수문자) 2. 메시지 내용 입력 글자수에 대한 정보 노출된다 3. 전송 버튼 활성화 된다 4. 텍스트 길게 입력시 3줄까지 노출되며 4줄 이상부터는 스크롤 가능하다.",INPUT_REQUIRED,EXCLUDE_CANDIDATE_UNREVIEWED,cue: send/call 외부효과; 상태 토글 = mutation (구제 필터 통과 못함 — mutation 결과 서술 포함),cue_auto
26.Message,217.0,새 메시지 작성,1. 새 메시지 작성 > 텍스트 입력 (한글 70자+1),"1. MMS로 전환 알림 ""멀티미디어 메시지로 전환 중...."" Toast 팝업 발생된다 2. 메시지 입력 글자수 영역이 ""MMS""로 변경된다",INPUT_REQUIRED,EXCLUDE_CANDIDATE_UNREVIEWED,cue: 변경 = mutation (구제 필터 통과 못함 — mutation 결과 서술 포함),cue_auto
26.Message,218.0,새 메시지 작성,1. 새 메시지 작성 > 텍스트 입력 (한글 70자+1) 2. 입력한 텍스트를 삭제한다,"1. 문자 메시지로 전환 알림 ""문자 메시지로 전환 중...."" Toast 팝업 발생된다 2. 메시지 입력 글자수 영역에 입력된 글자수 정보 노출된다",INPUT_REQUIRED,REVIEW_QUEUE,직독: fixture/editor·compose 진입/transient input/verifier 재설계/assert 분리 필요 (상세 분류는 재설계 트랙),human_confirmed
26.Message,221.0,프로필 카드,메시지 > 메시지 리스트 진입 > 상단 번호 or 주소록 Tap,주소록 프로필 표시되어야 함,NAVIGATION_ONLY,REVIEW_QUEUE,직독: fixture/editor·compose 진입/transient input/verifier 재설계/assert 분리 필요 (상세 분류는 재설계 트랙),human_confirmed
26.Message,222.0,그룹 메시지,메시지 > 그룹 메시지 Tap,대화방 우측 상단 전화 아이콘 노출되지 않는다.,NAVIGATION_ONLY,REVIEW_QUEUE,cue: pre fixture 전제,cue_auto
26.Message,226.0,그룹 메시지,"1.메시지 > 그룹방 메시지 Tap > 더보기 메뉴 Tap 2. 메시지 선택 3. 삭제 4, 빠른 답장 문구",1. 전송한 메시지 선택된다. 2. 선택한 메시지 삭제된다. 3. 빠른 답장 문구 입력 가능하다.,INPUT_REQUIRED,EXCLUDE_CANDIDATE_UNREVIEWED,cue: send/call 외부효과; 삭제 = mutation (구제 필터 통과 못함 — mutation 결과 서술 포함),cue_auto
26.Message,266.0,잘라내기된 메시지 미리보기,1. 메시지 > 새 메시지 > 텍스트 입력 필드에서 글자 입력 후 길게 누르기 > 잘라내기 2. 메시지 > 새 메시지 > 텍스트 입력 필드 > 길게 누르기 > 붙여넣기,1. 잘라내기한 텍스트 키패드 위쪽에 표시된다. 2. 잘라낸 텍스트가 입력됨,INPUT_REQUIRED,REVIEW_QUEUE,직독: fixture/editor·compose 진입/transient input/verifier 재설계/assert 분리 필요 (상세 분류는 재설계 트랙),human_confirmed
26.Message,267.0,복사/잘라내기,"1. 메시지 > 새 메시지 > 텍스트 입력 필드에서 글자 입력 후 길게 누르기 > 복사/잘라내기 2. 복사/잘라내기한 텍스트를 다른 앱에서(크롬, 플레이스토어) 붙여넣기",메시지 앱에서 복사/잘라내기 한 텍스트 내용이 다른 앱에서 붙여넣기 했을 때 동일함,INPUT_REQUIRED,EXCLUDE_CANDIDATE_UNREVIEWED,cue: 데이터 이동/복사 = mutation (구제 필터 통과 못함 — mutation 결과 서술 포함),cue_auto
26.Message,268.0,복사/잘라내기,"1. 크롬, 플레이스토어 앱의 텍스트입력 필드에서 글자 입력 후 길게 누르기 > 복사/잘라내기 2. 복사/잘라내기한 텍스트를 메시지 앱에서 붙여넣기",크롬이나 플레이스토어에서 복사/잘라내기 한 텍스트 내용이 메시지 앱에서 붙여넣기 했을 때 동일함,INPUT_REQUIRED,EXCLUDE_CANDIDATE_UNREVIEWED,cue: 데이터 이동/복사 = mutation (구제 필터 통과 못함 — mutation 결과 서술 포함),cue_auto
26.Message,269.0,대화함 미리 보기,1. 메시지 > 발송 실패한 메시지가 있는 대화함 확인 2. 메시지 > 발송 실패한 메시지가 있는 대화함 > 새로운 메시지 발송 > 메시지 발송 성공,1. 해당 대화함 미리보기에 발송에 실패했다는 알림 문구가 붉은색으로 표시됨 2. 대화함 미리보기 화면에서 발송 실패 문구 사라짐,READ_ONLY,EXCLUDE_CANDIDATE_UNREVIEWED,cue: send/call 외부효과 (구제 필터 통과 못함 — mutation 결과 서술 포함),cue_auto
26.Message,296.0,메시지 메뉴 확인,1. 메시지 > 더 보기 2. 메시지 > 새 메시지 > 더 보기,메뉴가 중복되지 않고 표시됨,NAVIGATION_ONLY,REVIEW_QUEUE,직독: fixture/editor·compose 진입/transient input/verifier 재설계/assert 분리 필요 (상세 분류는 재설계 트랙),human_confirmed
26.Message,297.0,메시지 첨부 최대 크기,메시지 > 새 메시지 > 첨부 > 사진 > 사진 선택,"1. 첨부 가능한 최대 MMS 크기는 1Mb여야 함. 2. 용량 초과시 ""첨부할 수 있는 용량을 초과하였습니다."" 토스트 노출된다.",NAVIGATION_ONLY,REVIEW_QUEUE,직독: fixture/editor·compose 진입/transient input/verifier 재설계/assert 분리 필요 (상세 분류는 재설계 트랙),human_confirmed
26.Message,298.0,첨부 이미지 스크롤,1. 메시지 > 새 메시지 > 첨부 > 사진 > 사진 선택 2. 첨부 > 사진 > 사진 선택 (반복 2회) 3. 총 3장 사진 첨부된 상태에서 사진 영역 좌/우로 스크롤,1. 첨부 이미지 영역 좌/우로 스크롤 처리 되어야 한다,NAVIGATION_ONLY,REVIEW_QUEUE,직독: fixture/editor·compose 진입/transient input/verifier 재설계/assert 분리 필요 (상세 분류는 재설계 트랙),human_confirmed
26.Message,300.0,,1. 메시지 > 검색 탭 > 인디케이터 표시 영역 확인 2. 메시지 > 새 메시지 > 인디케이터 표시 영역 확인,인디케이터가 정상 표시됨,INPUT_REQUIRED,REVIEW_QUEUE,cue: input 포함 — 재설계/표본 검토,cue_auto
26.Message,311.0,읽지 않은 메시지 표시,1. 메시지 앱 확인 2. 메시지 > 대화함 확인,읽지 않은 메시지 갯수가 표시됨 (정의된 UI에 따름),READ_ONLY,REVIEW_QUEUE,직독: fixture/editor·compose 진입/transient input/verifier 재설계/assert 분리 필요 (상세 분류는 재설계 트랙),human_confirmed
26.Message,312.0,읽지 않은 메시지 확인,1. 읽지 않은 메시지가 있는 대화함 진입 > 이전 화면 > 대화함 확인 2. 홈화면 > 메시지 앱 확인,읽지 않은 메시지 갯수가 표시가 사라짐 (정의된 UI에 따름),NAVIGATION_ONLY,REVIEW_QUEUE,직독: fixture/editor·compose 진입/transient input/verifier 재설계/assert 분리 필요 (상세 분류는 재설계 트랙),human_confirmed
26.Message,314.0,히든메뉴에서 SCA (Service Center Address),"1. 히든 메뉴 진입 > SCA 편집 > 숫자, 한글 및 영문 입력 2. SCA 편집 > 특수 기호 입력","1. 숫자 외에 문자 입력이 불가능함 2. 특수 기호는 '+'만 입력되며, '+'를 포함하여 21자리('+'미 포함시 20자리)까지만 입력 가능함",INPUT_REQUIRED,REVIEW_QUEUE,cue: input 포함 — 재설계/표본 검토,cue_auto
26.Message,325.0,최대 글자 수 입력 제한,1. 메시지 > 새 메시지 > 입력 필드에서 한글로 1024자 작성 2. 메시지 > 새 메시지 > 입력 필드에서 영문으로 2048자 작성,1. 한글 1024자 이후 입력 시 글자수 초과 Toast 팝업 발생된다. 2. 영문 2048자 이후 입력 시 글자수 초과 Toast 팝업 발생된다.,INPUT_REQUIRED,REVIEW_QUEUE,cue: input 포함 — 재설계/표본 검토,cue_auto
26.Message,326.0,MMS 변환 알림,메시지 > 새 메시지 > 입력 필드에 텍스트를 작성하고 한글70 bytes & 영문160 bytes를 초과함,MMS로 변환 된다는 알림이 발생함,INPUT_REQUIRED,REVIEW_QUEUE,cue: input 포함 — 재설계/표본 검토,cue_auto
26.Message,328.0,메시지 검색,1. 메시지 > 검색 버튼 > 한글 및 영문 검색 2. 메시지 > 검색 버튼 > 번호 및 특수 기호 검색,검색 결과가 강조되어(하이라이트) 표시됨,INPUT_REQUIRED,REVIEW_QUEUE,cue: input 포함 — 재설계/표본 검토,cue_auto
26.Message,331.0,메시지 작성 및 삭제 시 표시,1. 메시지 > 새 메시지 >MMS로 전환된다는 토스트 발생 시까지 텍스트 입력 2. 입력한 텍스트를 지움 버튼을 눌러 삭제,입력한 텍스트의 줄이 추가되거나 삭제될 때도 떨림 등이 없고 자연스러움,INPUT_REQUIRED,EXCLUDE_CANDIDATE_UNREVIEWED,cue: 삭제 = mutation (구제 필터 통과 못함 — mutation 결과 서술 포함),cue_auto
26.Message,336.0,차단 번호,1. 메시지 > 더보기 > 차단 및 스팸관리 > 차단된 번호 > 숫자 하 나 입력 2. 메시지 > 더보기 > 차단 및 스팸관리 > 차단된 번호 > 숫자 두 개 입력,차단 버튼이 비활성화 상태,INPUT_REQUIRED,REVIEW_QUEUE,표본검사: input validation(차단 버튼 비활성) — transient input,human_confirmed
26.Message,337.0,첨부 - 동영상 촬영,1. 메시지 > 새 메시지 > 파일 첨부 > 동영상 촬영 > 자동첨부 될때까지 동영상 촬영 후 MMS 전송,1. 동영상 촬영중 촬영시간 및 용량 표시 * 동영상 최대용량 규격 : 950KB 2. 동영상 첨부후 MMS전송가능함,READ_ONLY,EXCLUDE_CANDIDATE_UNREVIEWED,cue: send/call 외부효과; 미디어 캡처 = 영속 mutation (구제 필터 통과 못함 — mutation 결과 서술 포함),cue_auto
26.Message,338.0,첨부 - 동영상 촬영,1. 메시지 > 새 메시지 > 파일 첨부 > 동영상 촬영 2. 동영상 촬영 버튼 > 정지 버튼,1. 영상 촬영 프리뷰 화면이 표시됨 2. 동영상 촬영이 시작되며 시간과 용량이 표시됨. 정지 버튼을 누르면 영상 촬영이 정지되며 플레이/ 취소/ 확인 버튼이 표시됨,NAVIGATION_ONLY,EXCLUDE_CANDIDATE_UNREVIEWED,cue: 미디어 캡처 = 영속 mutation (구제 필터 통과 못함 — mutation 결과 서술 포함),cue_auto
26.Message,339.0,동영상 촬영 후 재생,메시지 > 새 메시지 > 파일 첨부 > 동영상 촬영 > 촬영 버튼 > 정지 버튼 > 플레이 버튼 선택,촬영한 영상이 재생됨,NAVIGATION_ONLY,EXCLUDE_CANDIDATE_UNREVIEWED,cue: 미디어 캡처 = 영속 mutation (구제 필터 통과 못함 — mutation 결과 서술 포함),cue_auto
26.Message,344.0,메시지 글꼴 크기,메시지 > 더보기 > 설정 > 메시지 글꼴 크기 > 임의 선택,메시지앱의 글꼴 크기가 변경됨 (다른 앱에선 적용 안 됨),NAVIGATION_ONLY,EXCLUDE_CANDIDATE_UNREVIEWED,cue: 변경 = mutation (구제 필터 통과 못함 — mutation 결과 서술 포함),cue_auto
26.Message,348.0,메시지 소리 선택,메시지 > 더보기 > 설정 > 알림 > 소리 > 소리 메뉴 > 소리 리스트에서 선택,"소리를 선택하면 해당 소리가 재생되고, 확인을 누르면 변경됨",NAVIGATION_ONLY,EXCLUDE_CANDIDATE_UNREVIEWED,cue: 변경 = mutation (구제 필터 통과 못함 — mutation 결과 서술 포함),cue_auto
26.Message,349.0,차단 문구 선택,1. 메시지 > 더보기 > 차단 및 스팸관리 > 차단된 문구 > 등록된 차단 문구 길게 탭 > ▼콤보박스 > 전체 선택 2. 차단 문구가 전체 선택된 상태에서 ▼콤보박스 > 메뉴 확인,전체 선택 해제 메뉴만 표시됨,INPUT_REQUIRED,EXCLUDE_CANDIDATE_UNREVIEWED,cue: 등록 = mutation; 상태 토글 = mutation (구제 필터 통과 못함 — mutation 결과 서술 포함),cue_auto
26.Message,358.0,지원하는 오디오 파일 형식 확인,DUT(ODIN)에서 지원하는 오디오 파일 형식 확인,"DUT(ODIN)에서 지원하는 오디오 파일 형식은 아래와 같음 audio/aac, audio/amr, audio/imelody, audio/mid, audio/midi, audio/mp3, audio/mpeg3, audio/mpeg, audio/mpg, audio/mp4, audio/x-mid, audio/x-midi, audio/x-mp3, audio/x-mpeg3, audio/x-mpeg, audio/x-mpg, audio/x-wav, audio/3gpp, application/ogg, audio/ogg, audio/wave_2ch_lpcm",READ_ONLY,EXCLUDE,직독: mutation·외부효과·환경제어가 검증 주제 — observe 분리 불가,human_confirmed
26.Message,359.0,지원하는 비디오 파일 형식 확인,DUT(ODIN)에서 지원하는 비디오 파일 형식 확인,"DUT(ODIN)에서 지원하는 비디오 파일 형식은 아래와 같음 video/3gpp, video/3gpp2, video/h263, video/mp4",READ_ONLY,EXCLUDE,직독: mutation·외부효과·환경제어가 검증 주제 — observe 분리 불가,human_confirmed
26.Message,361.0,메시지 앱 알림 메뉴 확인,설정 > 앱 > 기본앱 > 앱 모두 보기 > 메시지 > 알림 > 메뉴 확인,메뉴가 한글로 표시됨,NAVIGATION_ONLY,KEEP,직독: 관찰 전용 진입/노출 — mutation·input·외부효과 0,human_confirmed
26.Message,363.0,,메시지 > 새 메시지 > 첨부 > 제목 > 제목 입력 필드에 더이상 입력이 안 될 때까지 텍스트 입력,아래와 같은 토스트가 출력됨 - 최대 문자수를 입력했습니다. [KOR] - Maximum number of characters. [ENG],INPUT_REQUIRED,REVIEW_QUEUE,cue: input 포함 — 재설계/표본 검토,cue_auto
26.Message,367.0,,메시지 > 새 메시지 > 연락처 추가 > 16바이트 이상 연락처 선택 및 확인,연락처가 정상적으로 선택됨,NAVIGATION_ONLY,REVIEW_QUEUE,cue: pre fixture 전제,cue_auto
26.Message,368.0,임시 저장 확인,메시지 > 새 메시지 > 연락처 입력 > 메시지 입력 필드에 텍스트 입력 후 뒤로 가기,"""메시지를 임시저장했습니다."" 토스트가 발생하며 대화함 미리보기에 '임시 저장' 표시됨",INPUT_REQUIRED,EXCLUDE_CANDIDATE_UNREVIEWED,cue: 저장 = mutation (구제 필터 통과 못함 — mutation 결과 서술 포함),cue_auto
26.Message,372.0,이미지 파일 리사이징,1. 메시지 > 새 메시지 > 첨부 > 사진 > 이미지 A 선택 2. 이미지 A 첨부된 상태에서 > 첨부 > 사진 > 이미지 B 선택 3. 이미지 A+B 첨부된 상태에서 > 첨부 > 사진 > 이미지 C 선택,"- 모든 사진의 가장 긴 면 해상도가 1280px 이상일 경우 1280px로 크기가 조정됨 - 첨부하는 첫 번째 파일의 크기는 650KB 내외, 두 번째 파일의 크기는 250KB 이상, 세 번째 파일 크기는 총 파일 크기(1+2+3)가 950KB 미만인 파일 크기로 리사이징 됨",NAVIGATION_ONLY,REVIEW_QUEUE,직독: fixture/editor·compose 진입/transient input/verifier 재설계/assert 분리 필요 (상세 분류는 재설계 트랙),human_confirmed
26.Message,375.0,,메시지 > 더보기 > 차단 및 스팸관리 > 차단된 메시지 > 차단된 메시지 갯수 표시 확인,차단된 메시지함에 있는 메시지 갯수가 표시됨,READ_ONLY,REVIEW_QUEUE,직독: fixture/editor·compose 진입/transient input/verifier 재설계/assert 분리 필요 (상세 분류는 재설계 트랙),human_confirmed
26.Message,393.0,,"1. 메시지 > 새 메시지 > ""+"" > 제목 2. 제목 입력","1, 제목 정상적으로 입력되어야한다. 2. 한글 기준 최대 SKT, LGU+(20), KT(14)자리를 초과해서 입력되면 안된다.",INPUT_REQUIRED,REVIEW_QUEUE,cue: input 포함 — 재설계/표본 검토,cue_auto
26.Message,421.0,,1. 메시지 > 새 메시지 > 첨부파일 > 카메라 촬영 > 'X' Tap,1. 첨부할 사진 촬영 후 'x' Tap 시 카메라 촬영 화면으로 돌아와야한다.,NAVIGATION_ONLY,EXCLUDE_CANDIDATE_UNREVIEWED,cue: 미디어 캡처 = 영속 mutation (구제 필터 통과 못함 — mutation 결과 서술 포함),cue_auto
26.Message,422.0,,1. 메시지 > 새 메시지 > 첨부파일 > 동영상 촬영 > 'X' Tap,1. 첨부할 동영상 촬영 후 'x' Tap 시 동영상 촬영 화면으로 돌아와야한다.,NAVIGATION_ONLY,EXCLUDE_CANDIDATE_UNREVIEWED,cue: 미디어 캡처 = 영속 mutation (구제 필터 통과 못함 — mutation 결과 서술 포함),cue_auto
26.Message,438.0,MMS 최대 파일 첨부 갯수_SKT,1. SKT DUT에서 메시지 > 파일 첨부 > 사진 > 사진 3개 + 동영상 1개 선택 2. 파일 첨부 > 제목 > 제목(40byte) 입력한 후 임의의 번호로 MMS 전송 시도,MMS가 전송됨,INPUT_REQUIRED,EXCLUDE_CANDIDATE_UNREVIEWED,cue: send/call 외부효과 (구제 필터 통과 못함 — mutation 결과 서술 포함),cue_auto
26.Message,439.0,MMS 최대 파일 첨부 갯수_KT,1. KT DUT에서 메시지 > 파일 첨부 > 사진 > 사진 10개 선택 2. 파일 첨부 > 제목 > 제목 입력한 후 임의의 번호로 MMS 전송 시도,MMS가 전송됨,INPUT_REQUIRED,EXCLUDE_CANDIDATE_UNREVIEWED,cue: send/call 외부효과 (구제 필터 통과 못함 — mutation 결과 서술 포함),cue_auto
26.Message,453.0,대화함 - 프로필,1. 메시지 > 대화 진입 > 우측 상단 메뉴 확인 2. 왼쪽 상단의 대화 상대 이름이나 번호 Tap,1. 전화/더보기 메뉴 표시 2. 대화 상대의 프로필이 표시됨,NAVIGATION_ONLY,REVIEW_QUEUE,직독: fixture/editor·compose 진입/transient input/verifier 재설계/assert 분리 필요 (상세 분류는 재설계 트랙),human_confirmed
26.Message,455.0,첨부 시 파일 복수 선택,1. 메시지 > 파일 첨부 > 사진 > 사진 여러 개 선택,첨부할 사진이 한 번에 여러 장 선택 가능함,NAVIGATION_ONLY,REVIEW_QUEUE,직독: fixture/editor·compose 진입/transient input/verifier 재설계/assert 분리 필요 (상세 분류는 재설계 트랙),human_confirmed
26.Message,459.0,,1. SKT/KT DUT에서 메시지 > 파일 첨부 > 스크린샷 2개 + 카메라 촬영 사진 순으로 선택 2. SKT/KT DUT에서 메시지 > 파일 첨부 > 카메라 촬영 사진 + 스크린샷 2개 순으로 선택,이미지가 첨부됨,NAVIGATION_ONLY,EXCLUDE_CANDIDATE_UNREVIEWED,cue: 미디어 캡처 = 영속 mutation (구제 필터 통과 못함 — mutation 결과 서술 포함),cue_auto
27.Contacts,1.0,연락처 메인화면,1. 연락처 > 메인화면 확인,연락처가 없습니다. [새 연락처 만들기],READ_ONLY,REVIEW_QUEUE,cue: pre fixture 전제,cue_auto
27.Contacts,121.0,연락처 메인 화면,1. 연락처 실행,"1. 연락처가 없습니다 문구 노출된다. 2. ""새 연락처 만들기"" 버튼 노출된다. 3. 상단에 메뉴 및 '+"" 버튼 노출된다",NAVIGATION_ONLY,REVIEW_QUEUE,cue: pre fixture 전제,cue_auto
27.Contacts,122.0,연락처 메인 화면,1. 연락처 실행,"1. 저장된 연락처 목록 노출된디. 2. 상단에 메뉴 및 ""+""버튼 노출된다. 3. 연락처 검색 아이콘 노출된다.",INPUT_REQUIRED,KEEP,연락처 메인 observe — 목록 항목은 연락처 존재 pre(blocking),human_confirmed
27.Contacts,123.0,새 연락처 만들기,"1. 연락처 > 연락처 추가하기 2. 연락처 > 우측 상단 ""+"" 버튼 Tap",1. 새 연락처 만들기 페이지로 전환된다.,NAVIGATION_ONLY,REVIEW_QUEUE,cue: pre fixture 전제,cue_auto
27.Contacts,124.0,새 연락처 만들기,"1. 연락처 > 우측 상단 ""+"" 버튼 Tap",1. 새 연락처 만들기 페이지로 전환된다.,NAVIGATION_ONLY,REVIEW_QUEUE,cue: pre fixture 전제,cue_auto
27.Contacts,125.0,새 연락처 만들기,1. 연락처 > 새 연락처 만들기 > 입력 값 없이 저장,1. 연락처 추가 없이 이전화면으로 전환된다.,INPUT_REQUIRED,REVIEW_QUEUE,직독: fixture/editor·compose 진입/transient input/verifier 재설계/assert 분리 필요 (상세 분류는 재설계 트랙),human_confirmed
27.Contacts,126.0,새 연락처 만들기,"1. 연락처 > 새 연락처 만들기 > 이름, 전화번호 입력 후 저장",1. 이름의 첫 글자가 프로필 이미지로 노출된다.,INPUT_REQUIRED,EXCLUDE_CANDIDATE_UNREVIEWED,cue: 저장 = mutation (구제 필터 통과 못함 — mutation 결과 서술 포함),cue_auto
27.Contacts,127.0,새 연락처 만들기,"1. 연락처 > 새 연락처 만들기 > 이름, 전화번호, 사진 빼고 그외의 값 입력 후 저장",1. 입력한 값이 모두 저장된 연락처 생성된다. 2. 프로필 이미지에 아무것도 노출되지 않는다.,INPUT_REQUIRED,EXCLUDE_CANDIDATE_UNREVIEWED,cue: 저장 = mutation (구제 필터 통과 못함 — mutation 결과 서술 포함),cue_auto
27.Contacts,129.0,새 연락처 만들기,1. 전화(or 연락처) > 연락처 추가 > 새 연락처 만들기 > 저장위치 : 휴대전화 2. 이름 및 전화번호 등 값 입력하고 저장,1. 휴대전화에 연락처 저장된다.,INPUT_REQUIRED,EXCLUDE_CANDIDATE_UNREVIEWED,cue: 저장 = mutation (구제 필터 통과 못함 — mutation 결과 서술 포함),cue_auto
27.Contacts,130.0,새 연락처 만들기,"1. 연락처 > 새 연락처 만들기 > 이름 > 한글,영어 200byte까지 입력","1. 한글(100자), 영어(200자), 혼합(100자)까지 입력된다.",INPUT_REQUIRED,REVIEW_QUEUE,cue: input 포함 — 재설계/표본 검토,cue_auto
27.Contacts,131.0,새 연락처 만들기,"1. 연락처 > 새 연락처 만들기 > 이름 > 한글,영어 200byte초과 입력","1. ""입력가능한 글자수를 초과했습니다."" 토스트 팝업",INPUT_REQUIRED,REVIEW_QUEUE,cue: input 포함 — 재설계/표본 검토,cue_auto
27.Contacts,132.0,새 연락처 만들기,1. 연락처 > 새 연락처 만들기 > 이름 > 확장 버튼(▽),1. 성 / 중간이름 / 이름 입력 필드 노출된다.,INPUT_REQUIRED,REVIEW_QUEUE,직독: fixture/editor·compose 진입/transient input/verifier 재설계/assert 분리 필요 (상세 분류는 재설계 트랙),human_confirmed
27.Contacts,133.0,새 연락처 만들기,1. 연락처 > 새 연락처 만들기 > 이름 > 이름 입력 > 확장 버튼(▽),1. 성 / 중간이름 / 이름 입력 노출된다. 2. 이름 입력창에 입력된 이름 노출된다.,INPUT_REQUIRED,REVIEW_QUEUE,cue: input 포함 — 재설계/표본 검토,cue_auto
27.Contacts,134.0,새 연락처 만들기,1. 연락처 > 새 연락처 만들기 > 이름 > 확장 버튼(▽) 2. 성 / 중간이름 / 이름 중 1개만 입력 3. 확장 닫기 버튼(△),1. 입력안된 입력창은 숨겨진다. 2. 이름이 입력안된 경우 이름 입력창은 사라지지 않는다. 3. 확장 버튼으로 바뀐다(▽),INPUT_REQUIRED,REVIEW_QUEUE,cue: input 포함 — 재설계/표본 검토,cue_auto
27.Contacts,135.0,새 연락처 만들기,1. 연락처 > 새 연락처 만들기 > 이름 > 확장 버튼(▽) 2. 성 / 중간이름 / 이름 중 2개만 입력 3. 확장 닫기 버튼(△),1. 입력 안된 입력창은 숨겨진다. 2. 이름이 입력안된 경우 이름 입력창은 사라지지 않는다. 2. 확장 버튼으로 바뀐다(▽),INPUT_REQUIRED,REVIEW_QUEUE,cue: input 포함 — 재설계/표본 검토,cue_auto
27.Contacts,136.0,새 연락처 만들기,1. 연락처 > 새 연락처 만들기 > 이름 > 이름 입력 > 확장 버튼(▽) 2. 성 / 중간 이름/ 이름 모두 입력 3. 확장 닫기 버튼(△),1. 확장 메뉴 닫히지 않고 항상 열린채로 유지된다. 2. 확장 버튼으로 바뀐다.(▽),INPUT_REQUIRED,REVIEW_QUEUE,cue: input 포함 — 재설계/표본 검토,cue_auto
27.Contacts,137.0,연락처 사진,1. 연락처 > 연락처 추가 > 연락처 사진 > 카메라 버튼 Tap,"1. 사진 변경 팝업창 노출된다.(사진 찍기, 사진 선택)",NAVIGATION_ONLY,REVIEW_QUEUE,직독: fixture/editor·compose 진입/transient input/verifier 재설계/assert 분리 필요 (상세 분류는 재설계 트랙),human_confirmed
27.Contacts,138.0,연락처 사진,1. 연락처 > 연락처 추가 > 연락처 사진 > 카메라 버튼 Tap 2. 사진 찍기 Tap,1. 카메라 앱 실행된다.,NAVIGATION_ONLY,REVIEW_QUEUE,직독: fixture/editor·compose 진입/transient input/verifier 재설계/assert 분리 필요 (상세 분류는 재설계 트랙),human_confirmed
27.Contacts,139.0,연락처 사진,1. 연락처 > 연락처 추가 > 연락처 사진 > 카메라 버튼 Tap 2. 사진 찍기 Tap 3. 사진 촬영 후 연락처 사진으로 설정,1. 촬영한 사진으로 설정이 되어야 한다.,NAVIGATION_ONLY,EXCLUDE_CANDIDATE_UNREVIEWED,cue: 미디어 캡처 = 영속 mutation (구제 필터 통과 못함 — mutation 결과 서술 포함),cue_auto
27.Contacts,140.0,연락처 사진,1. 연락처 > 연락처 추가 > 연락처 사진 > 카메라 버튼 Tap 2. 사진 선택 Tap 3. 갤러리 사진 선택 후 연락처 사진으로 설정,1. 갤러리 앱 실행된다. 2. 선택한 사진으로 설정이 되어야한다.,NAVIGATION_ONLY,EXCLUDE,직독: mutation·외부효과·환경제어가 검증 주제 — observe 분리 불가,human_confirmed
27.Contacts,141.0,연락처 사진,1. 연락처 > 연락처 추가 > 연락처 사진 > 사진 삭제,1. 연락처 사진 삭제된다.,READ_ONLY,EXCLUDE_CANDIDATE_UNREVIEWED,cue: 삭제 = mutation (구제 필터 통과 못함 — mutation 결과 서술 포함),cue_auto
27.Contacts,142.0,연락처 사진,1. 연락처 > 연락처 추가 > 연락처 사진 > 사진 찍기,1. 카메라가 정상실행 되어야 한다. 2. 촬영한 사진으로 연락처 사진 변경된다.,NAVIGATION_ONLY,EXCLUDE_CANDIDATE_UNREVIEWED,cue: 미디어 캡처 = 영속 mutation; 변경 = mutation (구제 필터 통과 못함 — mutation 결과 서술 포함),cue_auto
27.Contacts,143.0,연락처 사진,1. 연락처 > 연락처 추가> 연락처 사진 > 사진 선택,1. 갤러리 앱 실행된다. 2. 선택한 사진으로 연락처 사진 변경된다.,NAVIGATION_ONLY,EXCLUDE_CANDIDATE_UNREVIEWED,cue: 변경 = mutation (구제 필터 통과 못함 — mutation 결과 서술 포함),cue_auto
27.Contacts,144.0,새 연락처 만들기,"1. 연락처 > 연락처 추가> 이름, 전화번호, 이메일 등등 값 입력 후 저장",1. 입력된 값으로 정상적으로 연락처 생성된다.,INPUT_REQUIRED,EXCLUDE_CANDIDATE_UNREVIEWED,cue: 저장 = mutation (구제 필터 통과 못함 — mutation 결과 서술 포함),cue_auto
27.Contacts,149.0,초성검색 하이라이트,1. 연락처 > 연락처 검색 > 하단 항목 검색 2. 전화 > 연락처 검색 > 하단 항목 검색 3. 전화 > 키패드 > 하단 숫자 누름 > ㄱ~ㅈ : 한글자씩 검색 / 연속으로 검색 > 가~자 : 한글자씩 검색 / 연속으로 검색 > 010 > 1234 > 5678,매칭되는 키워드에 대해서 연락처 list의 텍스트가 보라색으로 하이라이터 처리됩니다.,INPUT_REQUIRED,REVIEW_QUEUE,cue: input 포함 — 재설계/표본 검토,cue_auto
27.Contacts,150.0,초성검색 하이라이트,1. 연락처 > 연락처 검색 > 하단 항목 검색 2. 전화 > 연락처 검색 > 하단 항목 검색 3. 전화 > 키패드 > 하단 숫자 누름 > a~g > 010 > 1234 > 4567,매칭되는 키워드에 대해서 연락처 list의 텍스트가 보라색으로 하이라이터 처리됩니다.,INPUT_REQUIRED,REVIEW_QUEUE,cue: input 포함 — 재설계/표본 검토,cue_auto
27.Contacts,151.0,초성검색 하이라이트,1 .연락처 > 연락처 검색 > 하단 항목 검색 2. 전화 > 연락처 검색 > 하단 항목 검색 > !? > ! or ? > 010 > 1234 > 4567,매칭되는 키워드에 대해서 연락처 list의 텍스트가 보라색으로 하이라이터 처리됩니다.,INPUT_REQUIRED,REVIEW_QUEUE,cue: input 포함 — 재설계/표본 검토,cue_auto
27.Contacts,154.0,연락처 목록,1. 연락처 실행,1. 스크롤 동작이 되어야 한다.,NAVIGATION_ONLY,REVIEW_QUEUE,cue: pre fixture 전제,cue_auto
27.Contacts,155.0,연락처 목록,1. 연락처 > 임의 연락처 탭 > 전화 아이콘 탭 2. 연락처 > 임의 연락처 탭 > 메세지 아이콘 탭,1. 전화 통화가 가능해야 함 2. 메세지 작성화면으로 전환되어야 함,NAVIGATION_ONLY,EXCLUDE_CANDIDATE_UNREVIEWED,cue: send/call 외부효과 (구제 필터 통과 못함 — mutation 결과 서술 포함),cue_auto
27.Contacts,156.0,연락처 목록,1. 연락처 > 연락처 롱탭,"1. 연락처 다중 선택화면으로 전환된다. 2. 상단에 X 버튼, N개 선택됨, 삭제 아이콘, 공유 아이콘 노출된다. 3. 연락처 2개 이상 선택된 경우, 공유 아이콘 대신 더보기 아이콘 노출된다.(연결, 공유)",NAVIGATION_ONLY,REVIEW_QUEUE,직독: fixture/editor·compose 진입/transient input/verifier 재설계/assert 분리 필요 (상세 분류는 재설계 트랙),human_confirmed
27.Contacts,157.0,연락처 목록,1. 연락처 > 연락처 롱탭 > X Tap,"1. 연락처 선택화면 종료되고, 이전 화면으로 전환된다.",NAVIGATION_ONLY,REVIEW_QUEUE,cue: pre fixture 전제,cue_auto
27.Contacts,158.0,연락처 목록,1. 연락처 > 연락처 롱탭 > N개 선택됨 Tap,1. 전체선택 드롭박스 노출된다.,NAVIGATION_ONLY,REVIEW_QUEUE,cue: pre fixture 전제,cue_auto
27.Contacts,159.0,연락처 목록,1. 연락처 > 연락처 롱탭 > N개 선택됨 Tap 2. 전체 선택 Tap,"1. 연락처 전체선택되고, 선택된 연락처 갯수에 따라 n값 변화한다. 2. 드롭박스에 전체 선택 해제 노출된다.",NAVIGATION_ONLY,REVIEW_QUEUE,직독: fixture/editor·compose 진입/transient input/verifier 재설계/assert 분리 필요 (상세 분류는 재설계 트랙),human_confirmed
27.Contacts,160.0,연락처 목록,1. 연락처 > 연락처 롱탭 > N개 선택됨 Tap 2. 전체 선택 Tap >삭제 아이콘 Tap,"1. ""연락처를 모두 삭제하시곘습니까?"" 팝업 발생한다. 2. 삭제시 연락처 목록으로 이동되며 모든 연락처 삭제된다.",NAVIGATION_ONLY,EXCLUDE_CANDIDATE_UNREVIEWED,cue: 삭제 = mutation; 데이터 이동/복사 = mutation (구제 필터 통과 못함 — mutation 결과 서술 포함),cue_auto
27.Contacts,161.0,연락처 목록,1. 연락처 > 연락처 롱탭 > 일부 연락처 선택 2. 삭제 Tap,"1. 1개 선택된 경우 ""이 연락처를 삭제하시겠습니까?"" 팝업 2. 2개 이상 선택된 경우 ""선택한 연락처를 삭제하시겠습니까?"" 팝업",NAVIGATION_ONLY,EXCLUDE_CANDIDATE_UNREVIEWED,cue: 삭제 = mutation (구제 필터 통과 못함 — mutation 결과 서술 포함),cue_auto
27.Contacts,162.0,연락처 목록,1. 연락처 > 연락처 롱탭 > N개 선택됨 Tap > 전체 선택 Tap 2. 전체 선택 해제 Tap,"1. 선택된 연락처 모두 선택해제된다. 2. 0개 선택됨으로 노출되며, 드롭박스에 전체 선택 노출된다.",NAVIGATION_ONLY,REVIEW_QUEUE,직독: fixture/editor·compose 진입/transient input/verifier 재설계/assert 분리 필요 (상세 분류는 재설계 트랙),human_confirmed
27.Contacts,163.0,연락처 목록,1. 연락처 > 연락처 롱탭 > 공유 Tap,1. 연락처 공유 화면 노출된다. 2. 선택한 공유 방법에 따라 연락처 공유된다.,NAVIGATION_ONLY,REVIEW_QUEUE,직독: fixture/editor·compose 진입/transient input/verifier 재설계/assert 분리 필요 (상세 분류는 재설계 트랙),human_confirmed
27.Contacts,164.0,연락처 목록,1. 연락처 > 연락처 롱탭 >2개 이상 연락처 선택 > 더보기 Tap 2. 연결 Tap,1. 선택한 연락처 연결된다.,NAVIGATION_ONLY,REVIEW_QUEUE,cue: pre fixture 전제,cue_auto
27.Contacts,166.0,연락처 프로필,"1. 연락처 > 임의 연락처 Tap 2. 이름, 번호, 메일, 위치 영역 Long Tap (아이콘이 아닌 정보 노출된 영역)","1. 복사할 수 있는 창이 노출됨. 2. 복사 버튼 선택시 ""클립보드에 복사했습니다."" 토스트 노출됨",NAVIGATION_ONLY,REVIEW_QUEUE,직독: fixture/editor·compose 진입/transient input/verifier 재설계/assert 분리 필요 (상세 분류는 재설계 트랙),human_confirmed
27.Contacts,167.0,연락처 프로필,"1. 연락처 > 임의 연락처 Tap 2. 이름, 번호, 메일, 위치 영역 Long Tap (아이콘이 아닌 정보 노출된 영역) > 복사 3. 다시 이름, 번호, 메일, 위치 영역 Long Tap (아이콘이 아닌 정보 노출된 영역) > 복사","1. 복사할 수 있는 창이 노출됨. 2. 복사 버튼 선택시 ""이미 클립보드에 복사되었습니다."" 토스트 노출됨",NAVIGATION_ONLY,REVIEW_QUEUE,직독: fixture/editor·compose 진입/transient input/verifier 재설계/assert 분리 필요 (상세 분류는 재설계 트랙),human_confirmed
27.Contacts,169.0,연락처 프로필,연락처 > 임의 연락처 탭 > 즐겨찾기 추가 / 해제,1. 연락처 즐겨찾기 추가 /해제됨,NAVIGATION_ONLY,EXCLUDE_CANDIDATE_UNREVIEWED,cue: 상태 토글 = mutation; 홈/설정 영속 mutation (구제 필터 통과 못함 — mutation 결과 서술 포함),cue_auto
27.Contacts,170.0,연락처 프로필,1. 연락처 > 임의 연락처 탭 > 연락처 수정 > 사진 > 사진 찍기 2.연락처 > 임의 연락처 탭 > 연락처 수정 > 사진 > 사진 선택,1. 사진 촬영후 연락처에 저장 가능함 2. 갤러리에서 사진 선택후 연락처에 저장 가능함,NAVIGATION_ONLY,EXCLUDE_CANDIDATE_UNREVIEWED,cue: 미디어 캡처 = 영속 mutation; 저장 = mutation (구제 필터 통과 못함 — mutation 결과 서술 포함),cue_auto
27.Contacts,172.0,초성검색,연락처 > 연락처 검색 > 하단 항목 검색 > ㄱ~ㅈ : 한글자씩 검색 / 연속으로 검색 > 가~자 : 한글자씩 검색 / 연속으로 검색 > 010 > 1234 > 5678,주소록 검색됨,INPUT_REQUIRED,REVIEW_QUEUE,cue: input 포함 — 재설계/표본 검토,cue_auto
27.Contacts,173.0,초성검색,전화 > 연락처 검색 > 하단 항목 검색 > ㄱ~ㅈ : 한글자씩 검색 / 연속으로 검색 > 가~자 : 한글자씩 검색 / 연속으로 검색 > 010 > 1234 > 5678,주소록 검색됨,INPUT_REQUIRED,REVIEW_QUEUE,cue: input 포함 — 재설계/표본 검토,cue_auto
27.Contacts,174.0,초성검색,전화 > 키패드 > 하단 숫자 누름 > 010 > 1234 > 5678 > 456 (ㄱㄴㄷ로 인식) > 789 (ㅂㅅㅈ로 인식),주소록 검색됨,INPUT_REQUIRED,REVIEW_QUEUE,직독: fixture/editor·compose 진입/transient input/verifier 재설계/assert 분리 필요 (상세 분류는 재설계 트랙),human_confirmed
27.Contacts,175.0,초성검색,연락처 > 연락처 검색 > 하단 항목 검색 > a~g > 010 > 1234 > 4567,주소록 검색됨,INPUT_REQUIRED,REVIEW_QUEUE,cue: input 포함 — 재설계/표본 검토,cue_auto
27.Contacts,176.0,초성검색,전화 > 연락처 검색 > 하단 항목 검색 > a~g > 010 > 1234 > 4567,주소록 검색됨,INPUT_REQUIRED,REVIEW_QUEUE,cue: input 포함 — 재설계/표본 검토,cue_auto
27.Contacts,177.0,초성검색,전화 > 키패드 > 하단 숫자 누름 > 010 > 1234 > 5678 > 2(a로 인식) > 3(d로 인식) > 4(g로 인식),주소록 검색됨,INPUT_REQUIRED,REVIEW_QUEUE,직독: fixture/editor·compose 진입/transient input/verifier 재설계/assert 분리 필요 (상세 분류는 재설계 트랙),human_confirmed
27.Contacts,178.0,초성검색,"연락처 > 연락처 검색 > 하단 항목 검색 > @#~=+-*÷\/""':;!?<>_(){}[]₩$￥€￡π^√※l☆★&→←↑↓%◆○●♤♧♡◇ > 각 기호들 하나씩 넣어 검색 > 010 > 1234 > 4567",주소록 검색됨,INPUT_REQUIRED,REVIEW_QUEUE,cue: input 포함 — 재설계/표본 검토,cue_auto
27.Contacts,179.0,초성검색,"전화 > 연락처 검색 > 하단 항목 검색 > @#~=+-*÷\/""':;!?<>_(){}[]₩$￥€￡π^√※l☆★&→←↑↓%◆○●♤♧♡◇ > 각 기호들 하나씩 넣어 검색 > 010 > 1234 > 4567",주소록 검색됨,INPUT_REQUIRED,REVIEW_QUEUE,cue: input 포함 — 재설계/표본 검토,cue_auto
27.Contacts,180.0,초성검색,연락처 > 연락처 검색 > 하단 항목 검색 > 이모티콘 전부 넣어 검색 > 각 이모티콘을 하나씩 넣어 검색 > 010 > 1234 > 4567,주소록 검색됨,INPUT_REQUIRED,REVIEW_QUEUE,cue: input 포함 — 재설계/표본 검토,cue_auto
27.Contacts,181.0,초성검색,전화 > 연락처 검색 > 하단 항목 검색 > 이모티콘 전부 넣어 검색 > 각 이모티콘을 하나씩 넣어 검색 > 010 > 1234 > 4567,주소록 검색됨,INPUT_REQUIRED,REVIEW_QUEUE,cue: input 포함 — 재설계/표본 검토,cue_auto
27.Contacts,192.0,연락처 메뉴,연락처 > 메뉴 > 비어있는 라벨 탭,그룹이 비어있습니다 연락처 추가하기 > 연락처 추가됨,NAVIGATION_ONLY,REVIEW_QUEUE,직독: fixture/editor·compose 진입/transient input/verifier 재설계/assert 분리 필요 (상세 분류는 재설계 트랙),human_confirmed
27.Contacts,198.0,설정 - 연락처 가져오기,1. 내부 저장소 > 휴대전화,"1. VCF파일로 가져옴 2. 가져오기 팝업, 토스트 팝업, 알림창 문구 필수 확인",READ_ONLY,EXCLUDE_CANDIDATE_UNREVIEWED,cue: 저장 = mutation (구제 필터 통과 못함 — mutation 결과 서술 포함),cue_auto
27.Contacts,200.0,설정 - 연락처 가져오기,1. 메모리 카드 > 휴대전화,"1. VCF파일로 가져옴 2. 가져오기 팝업, 토스트 팝업, 알림창 문구 필수 확인",READ_ONLY,REVIEW_QUEUE,cue: pre fixture 전제,cue_auto
27.Contacts,205.0,설정 - 연락처 내보내기,1. 내보내기 > 내부 저장소,"1. VCF파일로 내보냄 2. 내보내기 팝업, 토스트 팝업, 알람창 문구 필수 확인",READ_ONLY,EXCLUDE_CANDIDATE_UNREVIEWED,cue: 저장 = mutation (구제 필터 통과 못함 — mutation 결과 서술 포함),cue_auto
27.Contacts,206.0,설정 - 연락처 내보내기,1. 내보내기 > 메모리 카드,"1. VCF파일로 내보냄 2. 내보내기 팝업, 토스트 팝업, 알람창 문구 필수 확인",READ_ONLY,EXCLUDE,직독: mutation·외부효과·환경제어가 검증 주제 — observe 분리 불가,human_confirmed
27.Contacts,223.0,연락처,1. 연락처 > 메뉴 > 설정 > 연락처 정보 > 빌드버전 2. 연락처 > 메뉴 > 설정 > 연락처 정보 > 오픈소스 라이선스 3. 연락처 > 메뉴 > 설정 > 연락처 정보 > 개인정보처리방침 4. 연락처 > 메뉴 > 설정 > 연락처 정보 > 서비스 약관,1. 빌드버전 표시 2. 오픈소스 라이선스 표시 3. 개인정보처리방침 표시 4. 서비스 약관 표시,NAVIGATION_ONLY,KEEP,직독: 관찰 전용 진입/노출 — mutation·input·외부효과 0,human_confirmed
27.Contacts,227.0,프로필 및 하이픈 표시,1. 연락처 > 새 연락처 만들기 선택 or 우측 상단에 + 아이콘 선택 2. 이름과 번호 입력 후 휴대폰에 저장 선택 3. 저장된 연락처를 Tap해서 나오는 프로필에 이름과 연락처 확인,1. 프로필에 이름과 연락처가 정상표시됨 2. 휴대폰 연락처인 경우 (O1O-OOOO-OOOO) 형식으로 하이픈 표시됨,INPUT_REQUIRED,EXCLUDE_CANDIDATE_UNREVIEWED,cue: 저장 = mutation (구제 필터 통과 못함 — mutation 결과 서술 포함),cue_auto
27.Contacts,230.0,연락처,저장된 번호로 전화,1. 없는 번호라고 안내될 것 2. 없는 번호라고 안내될 것 3. 없는 번호라고 안내될 것 4. 해당 시험 단말로 전화가 걸리는지 확인 레퍼런스 폰과 동일한지 확인,READ_ONLY,EXCLUDE_CANDIDATE_UNREVIEWED,cue: 저장 = mutation (구제 필터 통과 못함 — mutation 결과 서술 포함),cue_auto
